#include <stdint.h>

const uint8_t ft2_mixer_layout_image1BMP[146520] =
{
	0x42,0x4D,0x58,0x3C,0x02,0x00,0x00,0x00,0x00,0x00,0x76,0x00,0x00,0x00,0x28,0x00,0x00,0x00,0xC8,0x02,0x00,0x00,0x90,0x01,
	0x00,0x00,0x01,0x00,0x04,0x00,0x02,0x00,0x00,0x00,0xE2,0x3B,0x02,0x00,0x12,0x0B,0x00,0x00,0x12,0x0B,0x00,0x00,0x10,0x00,
	0x00,0x00,0x10,0x00,0x00,0x00,0x00,0x00,0x00,0x00,0xFF,0x97,0x53,0x00,0x67,0x00,0x00,0x00,0xFF,0xFF,0x4B,0x00,0x87,0x77,
	0xAB,0x00,0xFF,0xFF,0xFF,0x00,0x00,0xFF,0x00,0x00,0xEF,0xCD,0xAB,0x00,0x47,0x37,0x73,0x00,0xDB,0xCB,0xF7,0x00,0x43,0x43,
	0x43,0x00,0xD3,0xD3,0xD3,0x00,0x00,0xFF,0xFF,0x00,0xEE,0xFF,0xC0,0x00,0xEE,0xFF,0xC0,0x00,0xEE,0xFF,0xC0,0x00,0x00,0xFF,
	0x60,0x00,0x00,0x00,0x66,0x69,0x66,0x69,0x99,0x66,0x66,0x66,0x66,0x96,0x66,0x66,0x66,0x66,0x00,0x00,0x00,0x00,0x06,0x66,
	0x66,0x66,0x66,0x96,0x64,0x00,0x00,0x00,0x00,0x00,0x00,0x06,0x96,0x96,0x99,0x96,0x99,0x66,0x66,0x00,0x00,0x00,0x00,0x6A,
	0xAA,0xA8,0x0A,0xAA,0x0A,0x00,0x80,0x00,0x0A,0x80,0x00,0x00,0x08,0x00,0x00,0x00,0x08,0x80,0xA0,0x80,0x80,0x00,0x00,0x00,
	0x00,0x80,0xA8,0xA0,0x00,0x00,0x00,0x80,0x00,0x00,0x00,0x00,0x00,0x00,0x00,0x00,0x00,0x00,0x00,0x00,0x00,0x00,0x00,0x00,
	0x00,0x00,0x00,0x00,0x00,0x00,0x00,0x00,0x00,0x00,0x00,0x00,0x00,0x00,0x00,0x00,0x00,0x00,0x00,0x00,0x00,0x00,0xA8,0x80,
	0x00,0x00,0x0A,0x00,0x80,0x00,0x00,0x00,0x00,0xFF,0x00,0x80,0x80,0x00,0x0A,0xAA,0xAA,0x08,0xA0,0xA4,0xAA,0x08,0x46,0x80,
	0x84,0xA6,0x48,0x0A,0x4A,0x64,0x4A,0xAA,0xA8,0x0A,0x08,0xA0,0x6A,0x64,0x66,0x46,0x96,0x96,0x69,0x66,0x66,0x99,0x96,0x66,
	0x66,0x99,0x69,0x99,0x99,0x99,0x99,0x99,0x99,0x99,0x99,0x99,0x99,0x99,0x99,0x99,0x99,0x69,0x99,0x99,0x66,0x99,0x99,0x99,
	0x99,0x99,0x99,0x99,0x99,0x99,0x99,0x99,0x99,0x99,0x99,0x99,0x99,0x99,0x99,0x99,0x99,0x99,0x99,0x99,0x99,0x99,0x99,0x99,
	0x99,0x99,0x99,0x99,0x99,0x99,0x99,0x99,0x33,0x99,0x66,0x99,0x99,0x66,0x66,0x66,0x66,0x69,0x66,0x99,0x99,0x69,0x93,0x96,
	0x99,0x99,0x99,0x99,0x99,0x99,0x99,0x99,0x99,0x99,0x99,0x99,0x99,0x99,0x99,0x99,0x99,0x90,0x00,0xCA,0x99,0x99,0x99,0x93,
	0x39,0x96,0x99,0x99,0x99,0x99,0x99,0x99,0x99,0x99,0x99,0x99,0x99,0x99,0x99,0x99,0x99,0x69,0x99,0x96,0x99,0x93,0x93,0x96,
	0x66,0x69,0x96,0x66,0x96,0x66,0x99,0x66,0x96,0x66,0x66,0x99,0x66,0x96,0x66,0x66,0x66,0x69,0x99,0x99,0x66,0x66,0x99,0x99,
	0x99,0x99,0x99,0x99,0x69,0x99,0x96,0x66,0x99,0x99,0x99,0x99,0x99,0x99,0x99,0x99,0x99,0x99,0x99,0x99,0x69,0x99,0x99,0x99,
	0x96,0x99,0x99,0x99,0x99,0x99,0x99,0x66,0x66,0x96,0x99,0x66,0x99,0x99,0x99,0x99,0x99,0x99,0x69,0x99,0x99,0x99,0x99,0x99,
	0x96,0x00,0x00,0x00,0x00,0xFF,0x80,0x00,0x00,0x00,0x96,0x99,0x99,0x99,0x99,0x69,0x96,0x66,0x64,0x66,0x99,0x99,0x96,0x99,
	0x60,0x00,0x00,0x00,0x00,0x66,0x66,0x66,0x99,0x66,0x00,0x00,0x00,0x00,0x00,0x00,0xA9,0x96,0x66,0x99,0x99,0x99,0x69,0x99,
	0x66,0x40,0x00,0x00,0x00,0x09,0x00,0xAA,0x80,0x8A,0xA0,0xAA,0x00,0x00,0x00,0x0A,0x00,0x40,0x00,0x00,0x00,0x00,0x00,0x00,
	0x00,0x00,0x00,0x00,0x88,0x00,0x08,0x00,0x00,0x00,0x00,0x00,0x80,0x00,0x00,0x00,0x00,0x00,0x00,0x00,0x00,0x00,0x00,0x00,
	0x00,0x00,0x00,0x00,0x00,0x00,0x00,0x00,0x00,0x00,0x00,0x00,0x00,0x00,0x08,0x00,0x00,0x00,0x00,0x00,0x00,0x00,0x00,0x80,
	0x00,0x00,0x00,0x08,0x00,0x00,0x80,0x00,0x00,0x00,0x00,0xA8,0x00,0x00,0x00,0xFF,0x00,0x08,0xAA,0x80,0x00,0x84,0x80,0xAA,
	0x80,0x60,0x80,0x00,0xAA,0x06,0x80,0x00,0x0A,0x8A,0x4A,0x60,0xA4,0x0A,0x08,0xAA,0xAA,0xA8,0x46,0x46,0x66,0x66,0x69,0x46,
	0x66,0x69,0x69,0x69,0x99,0x99,0x99,0x99,0x99,0x99,0x99,0x99,0x99,0x99,0x99,0x99,0x99,0x99,0x99,0x99,0x99,0x66,0x66,0x66,
	0x66,0x69,0x99,0x99,0x99,0x99,0x99,0x99,0x99,0x99,0x99,0x99,0x99,0x99,0x99,0x99,0x99,0x99,0x99,0x99,0x66,0x99,0x99,0x99,
	0x99,0x99,0x99,0x99,0x99,0x99,0x99,0x99,0x99,0x99,0x99,0x99,0x99,0x99,0x69,0x99,0x99,0x66,0x66,0x99,0x99,0x96,0x99,0x66,
	0x66,0x66,0x99,0x99,0x93,0x39,0x99,0x96,0x99,0x99,0x99,0x99,0x99,0x99,0x99,0x99,0x99,0x99,0x99,0x99,0x99,0x99,0x99,0x90,
	0x00,0xCA,0x99,0x99,0x99,0x99,0x99,0x99,0x99,0x99,0x99,0x99,0x99,0x99,0x99,0x99,0x99,0x99,0x99,0x99,0x99,0x96,0x99,0x99,
	0x99,0x99,0x66,0x63,0x33,0x99,0x99,0x96,0x99,0x99,0x99,0x96,0x66,0x99,0x99,0x99,0x96,0x99,0x99,0x99,0x99,0x99,0x99,0x96,
	0x99,0x99,0x96,0x66,0x69,0x96,0x69,0x99,0x99,0x99,0x99,0x99,0x99,0x99,0x99,0x99,0x99,0x99,0x99,0x99,0x99,0x99,0x99,0x99,
	0x99,0x99,0x99,0x99,0x99,0x99,0x99,0x99,0x99,0x99,0x99,0x99,0x99,0x99,0x99,0x99,0x96,0x69,0x69,0x99,0x96,0x99,0x99,0x99,
	0x96,0x99,0x99,0x99,0x99,0x69,0x96,0x00,0x00,0x00,0x00,0xFF,0x40,0x00,0x00,0x00,0x99,0x99,0x99,0x96,0x69,0x99,0x98,0x80,
	0x00,0x08,0x46,0x99,0x69,0x96,0x66,0x00,0x00,0x00,0x00,0xA6,0x69,0x99,0x66,0x90,0x00,0x00,0x00,0x00,0x00,0x0A,0x96,0x99,
	0x99,0x96,0x99,0x99,0x99,0x99,0x99,0x60,0x00,0x00,0x08,0x6A,0x4A,0xA0,0xA0,0x00,0x8A,0x80,0x80,0x00,0x00,0x08,0x40,0x80,
	0x80,0x00,0x80,0x00,0x00,0x00,0x88,0x00,0x00,0x00,0x00,0x00,0x00,0x00,0x00,0x00,0x08,0x00,0x00,0x00,0x00,0x00,0x00,0x00,
	0x00,0x00,0x00,0x00,0x00,0x00,0x00,0x00,0x00,0x00,0x00,0x00,0x00,0x00,0x08,0x00,0x80,0x00,0x00,0x00,0x00,0x00,0x00,0x00,
	0x00,0x00,0x00,0x00,0x00,0x0A,0x00,0x00,0x80,0x00,0xA0,0x80,0x00,0x08,0x00,0x00,0x00,0x00,0x00,0x00,0x00,0xFF,0xA0,0x0A,
	0x80,0x80,0x4A,0x0A,0x08,0xAA,0x8A,0x8A,0x00,0x88,0x4A,0x68,0xA8,0x88,0x0A,0x06,0x8A,0x6A,0x08,0x4A,0x8A,0x4A,0xA4,0x66,
	0xAA,0x64,0x06,0x66,0x96,0x64,0xA6,0x96,0x99,0x99,0x99,0x99,0x66,0x69,0x99,0x69,0x99,0x99,0x99,0x99,0x99,0x99,0x99,0x99,
	0x99,0x99,0x66,0x66,0x69,0x99,0x99,0x99,0x99,0x99,0x99,0x99,0x99,0x99,0x99,0x99,0x99,0x99,0x99,0x99,0x99,0x99,0x99,0x99,
	0x99,0x99,0x96,0x99,0x99,0x96,0x69,0x99,0x99,0x99,0x99,0x99,0x99,0x99,0x99,0x99,0x99,0x99,0x99,0x99,0x99,0x99,0x99,0x99,
	0x99,0x99,0x39,0x99,0x99,0x99,0x99,0x99,0x99,0x99,0x99,0x39,0x99,0x99,0x99,0x99,0x99,0x99,0x99,0x99,0x99,0x99,0x99,0x99,
	0x99,0x99,0x99,0x99,0x99,0x90,0x00,0xCA,0x99,0x99,0x99,0x99,0x99,0x99,0x99,0x99,0x99,0x99,0x99,0x99,0x99,0x99,0x99,0x99,
	0x99,0x99,0x99,0x39,0x99,0x96,0x69,0x99,0x66,0x69,0x33,0x99,0x99,0x99,0x99,0x99,0x99,0x99,0x99,0x69,0x99,0x69,0x39,0x99,
	0x99,0x99,0x96,0x99,0x99,0x99,0x99,0x96,0x99,0x66,0x69,0x99,0x66,0x66,0x69,0x96,0x99,0x99,0x99,0x99,0x99,0x99,0x99,0x99,
	0x99,0x99,0x99,0x99,0x69,0x99,0x99,0x99,0x99,0x99,0x99,0x99,0x99,0x99,0x99,0x99,0x99,0x99,0x99,0x99,0x99,0x99,0x96,0x69,
	0x99,0x99,0x99,0x99,0x99,0x99,0x99,0x99,0x99,0x99,0x69,0x99,0x96,0x00,0x00,0x00,0x00,0xFF,0xA0,0x00,0x00,0x04,0x69,0x96,
	0x99,0x96,0x66,0x60,0x00,0x00,0x00,0x00,0x80,0xA9,0x96,0x66,0x99,0xA0,0x00,0x00,0x00,0x89,0x96,0x99,0x99,0xA0,0x00,0x00,
	0x00,0x00,0x00,0x69,0x69,0x69,0x99,0x99,0x99,0x99,0x99,0x99,0x99,0x90,0x00,0x00,0x00,0x0A,0x46,0x94,0xA4,0x08,0x08,0x00,
	0x00,0x0A,0x00,0x00,0x00,0x00,0x80,0x00,0x00,0x00,0x00,0x00,0x00,0x00,0x00,0x00,0x00,0x00,0x80,0x00,0x00,0x00,0x00,0x00,
	0x00,0x00,0x00,0x00,0x00,0x00,0x00,0x00,0x00,0x00,0x00,0x00,0x00,0x00,0x00,0x00,0x00,0x00,0x00,0x00,0x00,0x00,0x00,0x00,
	0x00,0x00,0x00,0x00,0x00,0x00,0x00,0x00,0x00,0x08,0x00,0x00,0x00,0x00,0x00,0x00,0x00,0x00,0x00,0x00,0x00,0x00,0x00,0x00,
	0xAA,0x80,0x00,0xFF,0x00,0x00,0x88,0x04,0x00,0x8A,0x00,0xAA,0x80,0x04,0x68,0xA8,0x80,0x60,0x80,0x4A,0x0A,0xA8,0x40,0x88,
	0x86,0xAA,0xAA,0xA8,0x4A,0x64,0x46,0x66,0x49,0x66,0x96,0x69,0x69,0x66,0x96,0x69,0x99,0x69,0x69,0x66,0x99,0x99,0x99,0x99,
	0x99,0x99,0x99,0x99,0x99,0x99,0x99,0x99,0x99,0x99,0x99,0x99,0x99,0x99,0x99,0x99,0x99,0x99,0x99,0x99,0x99,0x99,0x99,0x99,
	0x99,0x99,0x99,0x99,0x99,0x99,0x99,0x99,0x99,0x99,0x99,0x99,0x99,0x69,0x99,0x99,0x99,0x99,0x99,0x99,0x99,0x99,0x99,0x99,
	0x99,0x69,0x66,0x99,0x99,0x99,0x99,0x99,0x93,0x93,0x33,0x99,0x99,0x99,0x99,0x99,0x99,0x39,0x99,0x39,0x99,0x99,0x99,0x99,
	0x99,0x99,0x99,0x99,0x99,0x99,0x99,0x99,0x99,0x99,0x99,0x90,0x00,0xCA,0x99,0x99,0x99,0x99,0x99,0x99,0x99,0x99,0x99,0x99,
	0x99,0x99,0x99,0x99,0x99,0x99,0x99,0x99,0x99,0x93,0x99,0x99,0x99,0x99,0x99,0x66,0x93,0x39,0x99,0x99,0x99,0x66,0x99,0x99,
	0x99,0x99,0x93,0x66,0x99,0x99,0x99,0x99,0x96,0x99,0x99,0x99,0x99,0x96,0x99,0x96,0x69,0x99,0x69,0x96,0x69,0x99,0x99,0x99,
	0x99,0x99,0x99,0x99,0x96,0x99,0x99,0x99,0x99,0x99,0x99,0x99,0x99,0x99,0x99,0x99,0x99,0x99,0x99,0x99,0x99,0x99,0x99,0x99,
	0x99,0x69,0x99,0x96,0x99,0x69,0x99,0x99,0x99,0x99,0x99,0x99,0x99,0x99,0x99,0x99,0x96,0x99,0x96,0x00,0x00,0x00,0x00,0xFF,
	0x48,0x00,0x00,0x80,0x96,0x96,0x69,0x69,0x60,0x00,0x00,0x00,0x00,0x00,0x00,0x8A,0x69,0x99,0x99,0x60,0x00,0x00,0x00,0x06,
	0x99,0x66,0xA0,0x08,0x08,0x00,0x00,0x00,0x69,0x69,0x99,0x66,0x99,0x99,0x99,0x99,0x96,0x99,0x96,0x9A,0x00,0x00,0x00,0x04,
	0x66,0x48,0x8A,0x8A,0x00,0x08,0x0A,0x00,0x08,0x00,0x00,0x00,0x00,0x00,0x00,0x00,0x00,0x00,0x00,0x00,0x00,0x00,0x00,0x00,
	0x04,0x00,0x08,0x08,0x00,0x00,0x00,0x00,0x08,0x00,0x00,0x00,0x80,0x00,0x00,0x00,0x00,0x00,0x00,0x00,0x00,0x00,0x08,0x00,
	0x00,0x00,0x00,0x00,0x00,0x00,0x00,0x00,0x00,0x00,0x00,0x00,0x00,0x00,0x00,0x00,0x00,0x08,0x00,0x00,0x00,0x00,0x00,0x80,
	0x0A,0x00,0x00,0x80,0x00,0x80,0x0A,0x00,0x00,0xFF,0x88,0x80,0x00,0x84,0x0A,0x08,0x0A,0xAA,0x48,0x80,0xAA,0x64,0xAA,0xAA,
	0x8A,0x04,0x08,0xAA,0xAA,0x88,0x48,0x8A,0xA0,0x4A,0x4A,0x66,0xA6,0x66,0x66,0xA6,0x96,0x66,0x66,0x66,0x99,0x99,0x99,0x99,
	0x99,0x99,0x99,0x99,0x99,0x96,0x69,0x99,0x99,0x99,0x99,0x99,0x99,0x99,0x99,0x99,0x99,0x99,0x99,0x99,0x99,0x99,0x99,0x99,
	0x99,0x99,0x99,0x99,0x99,0x99,0x99,0x99,0x99,0x99,0x99,0x99,0x99,0x99,0x99,0x99,0x99,0x99,0x99,0x99,0x99,0x99,0x99,0x96,
	0x96,0x69,0x99,0x99,0x99,0x99,0x69,0x99,0x99,0x99,0x93,0x99,0x99,0x96,0x66,0x66,0x69,0x99,0x99,0x99,0x99,0x99,0x99,0x99,
	0x99,0x69,0x99,0x99,0x99,0x99,0x99,0x99,0x99,0x99,0x99,0x99,0x99,0x99,0x99,0x99,0x99,0x90,0x00,0xCA,0x99,0x99,0x99,0x99,
	0x99,0x99,0x99,0x99,0x99,0x99,0x99,0x99,0x99,0x99,0x99,0x99,0x99,0x99,0x99,0x99,0x99,0x39,0x93,0x39,0x66,0x99,0x99,0x99,
	0x99,0x99,0x99,0x99,0x99,0x99,0x99,0x99,0x69,0x99,0x99,0x99,0x99,0x99,0x99,0x99,0x99,0x99,0x99,0x99,0x99,0x99,0x96,0x99,
	0x96,0x96,0x69,0x99,0x99,0x99,0x99,0x99,0x99,0x99,0x99,0x99,0x99,0x99,0x99,0x99,0x99,0x99,0x99,0x99,0x99,0x99,0x99,0x99,
	0x99,0x99,0x99,0x99,0x99,0x99,0x99,0x96,0x99,0x99,0x99,0x66,0x69,0x99,0x99,0x99,0x99,0x99,0x99,0x99,0x99,0x99,0x99,0x99,
	0x96,0x00,0x00,0x00,0x00,0xFF,0x80,0x00,0x00,0x00,0x99,0x99,0x69,0x98,0x00,0x00,0x00,0x00,0x00,0x00,0x08,0x0A,0x69,0x96,
	0x66,0x9A,0x00,0x00,0x00,0x04,0x99,0x94,0x00,0x00,0x00,0x00,0x00,0x06,0x99,0x69,0x99,0x69,0x99,0x99,0x99,0x99,0x99,0x99,
	0x96,0x94,0x00,0x00,0x00,0x06,0x6A,0x6A,0xAA,0xA8,0x00,0xA0,0x80,0x00,0x0A,0x00,0x00,0x0A,0x00,0x00,0x00,0x00,0x00,0x00,
	0x00,0x00,0x00,0x00,0x00,0x00,0x00,0x00,0x00,0x00,0x00,0x08,0x00,0x00,0x00,0x00,0x00,0x00,0x00,0x00,0x00,0x00,0x00,0x00,
	0x00,0x00,0x00,0x00,0x00,0x00,0x00,0x00,0x00,0x00,0x00,0x00,0x80,0x00,0x00,0x00,0x00,0x00,0x00,0x00,0x00,0x00,0x00,0x80,
	0x00,0x00,0x00,0x00,0x00,0x00,0x00,0x80,0x08,0x08,0x00,0x80,0x00,0x80,0x00,0xFF,0x00,0x0A,0xA0,0x00,0x00,0x0A,0x80,0x8A,
	0xAA,0x80,0x08,0xA0,0x84,0x00,0xAA,0x8A,0x46,0xAA,0xAA,0xAA,0x6A,0xAA,0xAA,0x4A,0xAA,0xA4,0x46,0x66,0x66,0xA6,0x66,0x99,
	0x66,0x99,0x69,0x66,0x96,0x69,0x96,0x96,0x99,0x39,0x99,0x99,0x99,0x99,0x99,0x99,0x99,0x99,0x99,0x99,0x99,0x99,0x99,0x99,
	0x99,0x99,0x99,0x99,0x99,0x99,0x99,0x99,0x99,0x99,0x99,0x99,0x99,0x99,0x99,0x99,0x99,0x99,0x99,0x99,0x99,0x99,0x99,0x99,
	0x99,0x99,0x99,0x99,0x99,0x93,0x99,0x66,0x99,0x99,0x99,0x93,0x99,0x33,0x33,0x99,0x93,0x99,0x99,0x99,0x99,0x99,0x99,0x99,
	0x69,0x99,0x99,0x93,0x99,0x96,0x99,0x99,0x99,0x99,0x99,0x99,0x99,0x99,0x99,0x99,0x99,0x99,0x99,0x99,0x99,0x99,0x99,0x90,
	0x00,0xCA,0x99,0x99,0x99,0x99,0x99,0x99,0x99,0x99,0x99,0x99,0x99,0x99,0x99,0x99,0x99,0x99,0x99,0x99,0x99,0x99,0x99,0x99,
	0x99,0x99,0x66,0x66,0x99,0x99,0x99,0x99,0x99,0x99,0x99,0x99,0x99,0x96,0x09,0x69,0x99,0x69,0x99,0x99,0x99,0x99,0x99,0x99,
	0x99,0x99,0x99,0x99,0x96,0x66,0x99,0x99,0x69,0x39,0x99,0x99,0x99,0x99,0x99,0x99,0x99,0x99,0x99,0x99,0x99,0x99,0x99,0x99,
	0x99,0x99,0x99,0x99,0x99,0x96,0x99,0x99,0x99,0x99,0x99,0x99,0x99,0x99,0x99,0x99,0x99,0x66,0x99,0x99,0x99,0x99,0x99,0x99,
	0x99,0x99,0x99,0x99,0x99,0x99,0x96,0x00,0x00,0x00,0x00,0xFF,0x80,0x00,0x00,0x00,0x99,0x69,0x69,0x60,0x00,0x00,0x00,0x00,
	0x00,0x00,0x00,0x8A,0x69,0x96,0x99,0x96,0x00,0x00,0x00,0x0A,0x96,0x60,0x08,0x00,0x00,0x00,0xA0,0x69,0x96,0x99,0x99,0x96,
	0x99,0x99,0x99,0x99,0x99,0x96,0x69,0x9A,0x00,0x00,0x00,0x06,0x64,0x68,0x84,0x6A,0xA0,0x80,0xA0,0x00,0x00,0x00,0x00,0x00,
	0x00,0x00,0x00,0x00,0x00,0x00,0x00,0x00,0x00,0x00,0x00,0x00,0x00,0x00,0x00,0x00,0x00,0x00,0x00,0x00,0x00,0x00,0x00,0x00,
	0x00,0x00,0x00,0x00,0x00,0x00,0x00,0x00,0x00,0x00,0x80,0x00,0x00,0x00,0x00,0x00,0x00,0x00,0x00,0x00,0x00,0x00,0x00,0x00,
	0x00,0x00,0x00,0x00,0x00,0x00,0x00,0x00,0x80,0x00,0x08,0x00,0x00,0x00,0x08,0x00,0x00,0x00,0x80,0x00,0x00,0xFF,0x40,0x00,
	0x06,0x8A,0x80,0xA0,0x40,0x00,0x40,0x0A,0x00,0x0A,0x0A,0x8A,0x8A,0x04,0xA4,0xAA,0xAA,0x08,0xA8,0xAA,0xA0,0x4A,0x8A,0x46,
	0x46,0x64,0x66,0x66,0x64,0x66,0x66,0x99,0x96,0x99,0x99,0x99,0x99,0x99,0x99,0x39,0x99,0x99,0x99,0x99,0x99,0x99,0x99,0x99,
	0x99,0x99,0x99,0x99,0x99,0x99,0x99,0x99,0x99,0x99,0x99,0x99,0x99,0x99,0x99,0x99,0x99,0x99,0x99,0x99,0x99,0x99,0x99,0x99,
	0x99,0x99,0x99,0x99,0x99,0x99,0x99,0x99,0x99,0x99,0x99,0x99,0x93,0x39,0x99,0x99,0x99,0x99,0x99,0x99,0x99,0x99,0x99,0x33,
	0x33,0x99,0x33,0x99,0x99,0x99,0x99,0x99,0x99,0x99,0x99,0x99,0x99,0x99,0x99,0x99,0x99,0x99,0x99,0x99,0x99,0x99,0x99,0x99,
	0x99,0x99,0x99,0x99,0x99,0x90,0x00,0xCA,0x99,0x99,0x99,0x99,0x99,0x99,0x99,0x99,0x99,0x99,0x99,0x99,0x99,0x99,0x99,0x99,
	0x99,0x99,0x99,0x99,0x99,0x99,0x99,0x93,0x99,0x96,0x69,0x99,0x99,0x99,0x99,0x39,0x99,0x99,0x99,0x98,0x69,0x99,0x99,0x69,
	0x99,0x99,0x99,0x99,0x99,0x99,0x99,0x99,0x99,0x99,0x99,0x66,0x99,0x99,0x69,0x99,0x99,0x99,0x99,0x99,0x99,0x99,0x99,0x99,
	0x99,0x99,0x99,0x99,0x99,0x99,0x99,0x99,0x99,0x99,0x99,0x99,0x99,0x99,0x99,0x99,0x99,0x69,0x99,0x99,0x69,0x99,0x99,0x69,
	0x99,0x99,0x99,0x99,0x99,0x99,0x99,0x99,0x99,0x99,0x99,0x99,0x96,0x00,0x00,0x00,0x00,0xFF,0xA0,0xA0,0x00,0x08,0x99,0x99,
	0x98,0x00,0x00,0x00,0x00,0x00,0x00,0x00,0x00,0x44,0xA9,0x96,0x69,0x99,0x40,0x00,0x00,0x00,0x60,0x00,0x80,0x00,0x00,0x00,
	0x66,0x69,0x96,0x99,0x99,0x99,0x99,0x99,0x99,0x96,0x96,0x69,0x69,0x9A,0x00,0x00,0x00,0x0A,0x66,0x44,0x66,0x48,0x80,0x80,
	0x00,0x00,0x00,0x00,0x00,0x00,0x00,0x00,0x00,0x00,0x00,0x00,0x00,0x00,0x00,0x00,0x00,0x00,0x00,0x00,0x00,0x00,0x00,0x00,
	0x08,0x00,0x00,0x00,0x00,0x80,0x00,0x00,0x00,0x00,0x00,0x00,0x00,0x00,0x00,0x00,0x00,0x00,0x00,0x08,0x00,0x08,0x00,0x00,
	0x00,0x00,0x00,0x00,0x00,0x00,0x00,0x00,0x00,0x08,0x00,0x80,0x80,0x08,0x00,0x00,0x00,0x00,0x00,0x00,0x08,0x00,0x80,0x0A,
	0x80,0x00,0x00,0xFF,0x00,0x08,0x0A,0xA8,0x00,0x0A,0xA0,0x00,0x80,0xA4,0x0A,0x00,0x0A,0x48,0xAA,0xAA,0xA8,0xA6,0x88,0x88,
	0xAA,0x84,0xAA,0xA6,0x6A,0x4A,0x4A,0x44,0x66,0x66,0x99,0x69,0x66,0x66,0x99,0x99,0x99,0x99,0x99,0x69,0x69,0x99,0x99,0x99,
	0x99,0x99,0x99,0x99,0x99,0x99,0x99,0x99,0x99,0x99,0x99,0x99,0x99,0x99,0x99,0x99,0x99,0x99,0x99,0x99,0x99,0x99,0x99,0x99,
	0x99,0x99,0x99,0x99,0x99,0x99,0x99,0x99,0x99,0x99,0x99,0x99,0x99,0x99,0x99,0x99,0x99,0x99,0x99,0x99,0x99,0x69,0x99,0x99,
	0x66,0x69,0x66,0x69,0x66,0x69,0x66,0x99,0x93,0x69,0x99,0x99,0x99,0x99,0x99,0x96,0x99,0x39,0x99,0x99,0x99,0x99,0x99,0x99,
	0x99,0x99,0x99,0x99,0x99,0x99,0x99,0x99,0x99,0x99,0x99,0x90,0x00,0xCA,0x99,0x99,0x99,0x99,0x99,0x99,0x99,0x99,0x99,0x99,
	0x99,0x99,0x99,0x99,0x99,0x99,0x99,0x99,0x99,0x99,0x99,0x99,0x99,0x99,0x99,0x99,0x99,0x99,0x99,0x99,0x66,0x69,0x99,0x99,
	0x99,0x60,0x99,0x99,0x99,0x99,0x99,0x99,0x99,0x99,0x99,0x99,0x99,0x99,0x99,0x99,0x99,0x96,0x66,0x96,0x66,0x99,0x99,0x99,
	0x99,0x99,0x99,0x99,0x99,0x69,0x99,0x69,0x99,0x99,0x99,0x99,0x99,0x99,0x99,0x99,0x99,0x99,0x99,0x99,0x99,0x99,0x99,0x99,
	0x99,0x99,0x99,0x99,0x99,0x99,0x99,0x99,0x99,0x96,0x66,0x99,0x99,0x99,0x99,0x99,0x99,0x99,0x96,0x00,0x00,0x00,0x00,0xFF,
	0x60,0x80,0x00,0x00,0x99,0x99,0x40,0x00,0x00,0x00,0x00,0x00,0x00,0x00,0x00,0x06,0x69,0x99,0x99,0x69,0x90,0x00,0x00,0x00,
	0x00,0x00,0x00,0x00,0x00,0x08,0x99,0x69,0x99,0x99,0x99,0x99,0x99,0x99,0x66,0x69,0x69,0x96,0x99,0x98,0x08,0x00,0x00,0x00,
	0x64,0x69,0x69,0x88,0x80,0x00,0x00,0x00,0x00,0x00,0x00,0x00,0x00,0x00,0x00,0x00,0x00,0x00,0x00,0x00,0x00,0x00,0x00,0x00,
	0x00,0x00,0x00,0x00,0x00,0x00,0x00,0x08,0x00,0x00,0x00,0x00,0x00,0x00,0x00,0x00,0x00,0x00,0x80,0x00,0x00,0x00,0x00,0x00,
	0x00,0x00,0x00,0x00,0x00,0x00,0x00,0x00,0x00,0x00,0x80,0x00,0x00,0x00,0x00,0x00,0x8A,0x00,0x00,0x00,0x00,0x00,0x0A,0x00,
	0x00,0x00,0x00,0x00,0x00,0x00,0xAA,0x00,0x00,0xFF,0x8A,0xA0,0x88,0x08,0x8A,0x00,0x0A,0xAA,0x0A,0xAA,0x04,0xAA,0x64,0x80,
	0xA4,0x00,0xA8,0xA8,0x8A,0x4A,0x80,0xA8,0x8A,0xA6,0xA8,0x6A,0xA6,0x66,0x66,0x66,0x66,0x96,0x96,0x66,0x66,0x66,0x96,0x99,
	0x99,0x66,0x69,0x96,0x99,0x99,0x99,0x99,0x99,0x99,0x99,0x99,0x99,0x99,0x99,0x99,0x99,0x99,0x99,0x99,0x99,0x99,0x99,0x99,
	0x99,0x99,0x99,0x99,0x99,0x99,0x99,0x99,0x99,0x99,0x99,0x99,0x99,0x99,0x99,0x99,0x99,0x99,0x99,0x99,0x99,0x99,0x99,0x99,
	0x99,0x39,0x69,0x99,0x99,0x99,0x99,0x66,0x66,0x99,0x33,0x99,0x96,0x69,0x99,0x99,0x33,0x33,0x99,0x99,0x66,0x99,0x99,0x99,
	0x99,0x99,0x99,0x99,0x99,0x99,0x99,0x99,0x99,0x99,0x99,0x99,0x99,0x99,0x99,0x99,0x99,0x90,0x00,0xCA,0x99,0x99,0x93,0x99,
	0x99,0x99,0x99,0x99,0x99,0x99,0x99,0x99,0x99,0x99,0x99,0x99,0x99,0x99,0x39,0x39,0x69,0x99,0x99,0x99,0x99,0x99,0x99,0x99,
	0x99,0x99,0x99,0x99,0x99,0x99,0x99,0x00,0x99,0x99,0x99,0x99,0x99,0x99,0x99,0x99,0x99,0x99,0x99,0x99,0x99,0x99,0x96,0x66,
	0x66,0x96,0x66,0x69,0x99,0x69,0x99,0x99,0x96,0x99,0x99,0x99,0x99,0x99,0x69,0x96,0x99,0x99,0x99,0x99,0x99,0x99,0x99,0x99,
	0x99,0x99,0x99,0x99,0x99,0x99,0x99,0x99,0x99,0x99,0x99,0x99,0x99,0x99,0x99,0x99,0x99,0x99,0x99,0x99,0x99,0x99,0x99,0x99,
	0x96,0x00,0x00,0x00,0x00,0xFF,0x60,0x00,0x00,0x00,0x69,0x96,0x00,0x00,0x00,0x00,0x00,0x06,0x99,0x00,0x84,0x48,0x69,0x96,
	0x96,0x96,0x60,0x00,0x00,0x00,0x00,0x00,0x00,0x00,0x00,0x69,0x96,0x69,0x99,0x99,0x99,0x99,0x99,0x99,0x99,0x99,0x99,0x99,
	0x96,0x96,0x08,0x00,0x00,0x00,0x46,0x96,0x6A,0x8A,0x00,0x00,0x00,0x00,0x00,0x00,0x00,0x00,0x00,0x00,0x00,0x00,0x00,0x00,
	0x00,0x00,0x00,0x00,0x00,0x00,0x00,0x00,0x00,0x00,0x00,0x00,0x00,0x00,0x08,0x00,0x00,0x00,0x00,0x00,0x00,0x00,0x00,0x00,
	0x00,0x00,0x00,0x00,0x8A,0x08,0x00,0x00,0x00,0x00,0x00,0x00,0x00,0x00,0x00,0x00,0x00,0x00,0x00,0x00,0x00,0x00,0x00,0x00,
	0x00,0x0A,0x80,0x08,0x00,0x00,0x00,0x8A,0x00,0x80,0x00,0x88,0x8A,0x00,0x00,0xFF,0x00,0x08,0x08,0x0A,0x80,0x40,0x08,0x0A,
	0x4A,0x80,0x88,0xA0,0x8A,0x0A,0x80,0x0A,0xA4,0x08,0xAA,0x8A,0xA8,0xA4,0xAA,0xA4,0x8A,0xA6,0xAA,0xA6,0x64,0x66,0x66,0x96,
	0x66,0x66,0x99,0x99,0x69,0x96,0x93,0x96,0x69,0x99,0x99,0x99,0x99,0x99,0x99,0x99,0x99,0x99,0x99,0x99,0x99,0x99,0x99,0x99,
	0x99,0x99,0x99,0x99,0x99,0x99,0x99,0x99,0x99,0x99,0x99,0x99,0x99,0x99,0x99,0x99,0x99,0x99,0x99,0x99,0x99,0x99,0x99,0x99,
	0x99,0x99,0x99,0x99,0x99,0x99,0x99,0x66,0x66,0x69,0x66,0x99,0x99,0x93,0x39,0x99,0x99,0x39,0x99,0x96,0x66,0x69,0x99,0x99,
	0x99,0x99,0x99,0x99,0x33,0x99,0x99,0x99,0x99,0x99,0x99,0x99,0x99,0x39,0x99,0x99,0x99,0x99,0x99,0x99,0x99,0x99,0x99,0x90,
	0x00,0xCA,0x99,0x99,0x99,0x99,0x99,0x99,0x99,0x99,0x99,0x99,0x99,0x99,0x99,0x99,0x39,0x99,0x69,0x69,0x99,0x99,0x96,0x96,
	0x99,0x99,0x99,0x99,0x99,0x99,0x99,0x99,0x99,0x99,0x99,0x99,0x99,0x09,0x99,0x99,0x99,0x99,0x99,0x99,0x99,0x99,0x99,0x99,
	0x99,0x99,0x99,0x99,0x99,0x96,0x66,0x99,0x66,0x66,0x69,0x99,0x99,0x99,0x99,0x99,0x99,0x99,0x69,0x99,0x99,0x99,0x99,0x96,
	0x60,0x00,0x06,0x99,0x99,0x99,0x99,0x99,0x99,0x99,0x99,0x99,0x99,0x99,0x99,0x99,0x99,0x96,0x99,0x99,0x99,0x99,0x99,0x99,
	0x99,0x99,0x99,0x99,0x99,0x99,0x96,0x00,0x00,0x00,0x00,0xFF,0x90,0x00,0x00,0x00,0x69,0x9A,0x80,0x00,0x00,0x00,0x06,0x99,
	0x99,0x9A,0xA8,0x66,0x99,0x99,0x66,0x96,0x60,0x00,0x00,0x00,0x00,0x00,0x00,0x00,0x06,0x99,0x99,0x69,0x99,0x69,0x99,0x99,
	0x99,0x99,0x66,0x69,0x99,0x99,0x99,0x98,0x00,0x08,0x00,0x00,0x66,0x66,0xA0,0x00,0x00,0x00,0x00,0x00,0x00,0x00,0x00,0x00,
	0x00,0x00,0x00,0x00,0x00,0x00,0x00,0x00,0x00,0x00,0x00,0x00,0x00,0x00,0x00,0x00,0x00,0x00,0x88,0x00,0x80,0x00,0x80,0x00,
	0x00,0x00,0x00,0x00,0x00,0x00,0x00,0x00,0x00,0x00,0x00,0x00,0x00,0x00,0x00,0x00,0x00,0x00,0x00,0x00,0x00,0x00,0x00,0x08,
	0x00,0x00,0x00,0x00,0x00,0x00,0x00,0x0A,0x00,0x08,0x08,0x00,0x0A,0x00,0x08,0x04,0x0A,0x80,0x88,0x00,0x00,0xFF,0x84,0x40,
	0x00,0xA0,0xA4,0xAA,0x84,0x0A,0x84,0xA0,0x68,0x8A,0x04,0xA0,0x00,0x00,0x4A,0x4A,0xAA,0x8A,0x48,0xA8,0xAA,0x4A,0x4A,0x46,
	0x86,0x69,0x49,0x66,0x99,0x66,0x69,0x96,0x96,0x69,0x99,0x99,0x99,0x69,0x96,0x69,0x99,0x99,0x99,0x99,0x99,0x99,0x99,0x99,
	0x99,0x99,0x99,0x99,0x99,0x99,0x99,0x99,0x99,0x99,0x99,0x99,0x99,0x99,0x99,0x99,0x99,0x99,0x99,0x99,0x99,0x99,0x99,0x99,
	0x99,0x99,0x99,0x99,0x99,0x99,0x99,0x99,0x99,0x99,0x39,0x39,0x96,0x69,0x99,0x96,0x39,0x99,0x99,0x99,0x39,0x99,0x99,0x33,
	0x93,0x99,0x39,0x96,0x66,0x69,0x69,0x99,0x39,0x96,0x99,0x99,0x99,0x99,0x99,0x99,0x60,0x00,0x00,0x00,0x04,0x69,0x99,0x99,
	0x99,0x99,0x99,0x99,0x99,0x90,0x00,0xCA,0x99,0x99,0x99,0x99,0x99,0x99,0x99,0x99,0x99,0x99,0x99,0x99,0x99,0x99,0x99,0x99,
	0x69,0x96,0x69,0x99,0x99,0x99,0x99,0x99,0x99,0x99,0x99,0x99,0x69,0x99,0x99,0x99,0x99,0x99,0x9A,0x09,0x99,0x99,0x99,0x96,
	0x09,0x99,0x99,0x99,0x99,0x99,0x99,0x99,0x99,0x99,0x99,0x99,0x99,0x99,0x66,0x66,0x66,0x99,0x99,0x99,0x99,0x99,0x99,0x99,
	0x99,0x66,0xA0,0xA0,0x00,0x00,0x00,0x00,0x08,0x99,0x99,0x99,0x99,0x99,0x99,0x99,0x99,0x99,0x99,0x96,0x99,0x99,0x99,0x99,
	0x69,0x99,0x99,0x99,0x99,0x99,0x99,0x99,0x99,0x99,0x99,0x99,0x96,0x00,0x00,0x00,0x00,0xFF,0x90,0x00,0x00,0x00,0x89,0x60,
	0x00,0x00,0x00,0x00,0x99,0x99,0x99,0x99,0x69,0x99,0x99,0x99,0x96,0x96,0x90,0x00,0x00,0x00,0x00,0x00,0x00,0x00,0x66,0x99,
	0x99,0x69,0x99,0x99,0x99,0x99,0x96,0x99,0x96,0x66,0x69,0x99,0x99,0x94,0x00,0x00,0x00,0x00,0x69,0x6A,0x00,0x00,0x00,0x00,
	0x00,0x00,0x00,0x00,0x00,0x00,0x00,0x00,0x00,0x00,0x00,0x00,0x80,0x00,0x00,0x80,0x00,0x00,0x00,0x00,0x00,0x00,0x00,0x00,
	0x00,0x08,0x00,0x00,0x00,0x00,0x80,0x0A,0x00,0x00,0x00,0x00,0x00,0x08,0x0A,0x08,0x00,0x00,0x0A,0x00,0x00,0x04,0x00,0x00,
	0x00,0x00,0x00,0x00,0x00,0x00,0x00,0x00,0x00,0x00,0x00,0x00,0x00,0x00,0x00,0x00,0x00,0x00,0x80,0x08,0x80,0xA0,0xA0,0x80,
	0x88,0x00,0x00,0xFF,0x88,0xA0,0xA0,0xA8,0xA0,0x80,0x66,0xAA,0xA0,0x48,0xAA,0x88,0xA8,0x40,0xA6,0x00,0x40,0xA8,0x64,0x60,
	0x84,0xA8,0x6A,0xA6,0xA8,0x66,0xA6,0xA6,0x69,0x96,0x66,0x69,0x69,0x99,0x99,0x99,0x99,0x93,0x36,0x99,0x99,0x66,0x00,0x99,
	0x99,0x99,0x99,0x99,0x99,0x99,0x99,0x99,0x99,0x99,0x99,0x99,0x99,0x99,0x99,0x99,0x99,0x99,0x99,0x99,0x99,0x99,0x99,0x99,
	0x99,0x99,0x99,0x99,0x99,0x99,0x99,0x99,0x93,0x39,0x99,0x99,0x99,0x99,0x99,0x96,0x99,0x96,0x99,0x99,0x99,0x99,0x69,0x33,
	0x99,0x96,0x99,0x66,0x99,0x99,0x99,0x99,0x99,0x99,0x99,0x99,0x99,0x99,0x93,0x39,0x99,0x99,0x99,0x99,0x68,0x00,0x00,0x00,
	0x00,0x00,0x00,0x00,0x69,0x99,0x99,0x99,0x99,0x99,0x99,0x90,0x00,0xCA,0x99,0x99,0x99,0x99,0x99,0x99,0x99,0x99,0x99,0x99,
	0x99,0x99,0x99,0x99,0x99,0x33,0x33,0x33,0x63,0x99,0x99,0x99,0x99,0x99,0x99,0x99,0x99,0x99,0x06,0x99,0x99,0x99,0x99,0x99,
	0x90,0x99,0x99,0x99,0x99,0xA0,0x69,0x99,0x99,0x99,0x99,0x99,0x99,0x99,0x99,0x99,0x66,0x66,0x96,0x99,0x66,0x36,0x66,0x69,
	0x66,0xA4,0xA6,0x44,0x64,0x00,0x00,0x00,0x00,0x00,0x00,0x00,0x00,0x00,0x06,0x99,0x99,0x99,0x99,0x99,0x99,0x99,0x99,0x99,
	0x99,0x66,0x99,0x99,0x99,0x99,0x99,0x99,0x99,0x99,0x99,0x99,0x99,0x99,0x99,0x99,0x99,0x99,0x96,0x00,0x00,0x00,0x00,0xFF,
	0x90,0x00,0x00,0x00,0x86,0x00,0x00,0x00,0x00,0x09,0x99,0x99,0x66,0x96,0x99,0x99,0x96,0x99,0x66,0x99,0x60,0x00,0x00,0x00,
	0x00,0x00,0x00,0x06,0x66,0x69,0x99,0x66,0x66,0x66,0x66,0x66,0x66,0x66,0x66,0x66,0x66,0x66,0x66,0x6A,0x88,0x00,0x00,0x00,
	0x88,0x00,0x00,0x00,0x00,0x00,0x80,0x00,0x00,0x00,0x80,0xAA,0x0A,0x08,0x00,0x08,0x00,0x00,0x00,0x00,0x00,0x80,0x00,0x00,
	0x00,0x00,0x00,0x00,0x00,0x00,0x00,0x8A,0xA0,0x00,0x00,0x00,0x00,0x00,0x00,0x00,0x00,0x00,0x08,0x0A,0x00,0x00,0x00,0x00,
	0x00,0x00,0x00,0x00,0x00,0x00,0x00,0x00,0x00,0x00,0x00,0x00,0x00,0x80,0x00,0x00,0x00,0x00,0x00,0x00,0x0A,0x00,0x00,0x00,
	0x00,0x08,0x88,0x00,0xA0,0x08,0x40,0xA0,0x00,0xFF,0x0A,0x0A,0x48,0x80,0x88,0x0A,0x04,0xA0,0x86,0x89,0x40,0xA4,0x08,0xA4,
	0xA0,0x08,0x86,0x06,0x64,0xA8,0xA6,0x88,0xA6,0xAA,0x6A,0x66,0x66,0x69,0x66,0x69,0x96,0x69,0x69,0x99,0x99,0x93,0x39,0x66,
	0x69,0x93,0x99,0x98,0x00,0x09,0x99,0x99,0x99,0x99,0x99,0x99,0x99,0x99,0x99,0x99,0x99,0x99,0x99,0x99,0x99,0x99,0x99,0x99,
	0x99,0x99,0x99,0x99,0x99,0x99,0x99,0x99,0x99,0x99,0x99,0x99,0x99,0x99,0x93,0x99,0x99,0x99,0x99,0x99,0x99,0x99,0x69,0x99,
	0x99,0x99,0x99,0x99,0x99,0x99,0x33,0x99,0x99,0x99,0x99,0x99,0x99,0x99,0x99,0x99,0x99,0x99,0x99,0x39,0x66,0x99,0x99,0x99,
	0x99,0x80,0x00,0x00,0x00,0x00,0x00,0x00,0x00,0x00,0x00,0xA9,0x99,0x99,0x99,0x99,0x99,0x90,0x00,0xCA,0x99,0x99,0x99,0x99,
	0x99,0x99,0x99,0x99,0x99,0x99,0x99,0x99,0x99,0x96,0x99,0x99,0x99,0x33,0x96,0x39,0x69,0x99,0x99,0x99,0x99,0x99,0x99,0x99,
	0x06,0x99,0x99,0x99,0x99,0x99,0x68,0x99,0x99,0x99,0x90,0x49,0x99,0x99,0x99,0x99,0x99,0x99,0x99,0x99,0x99,0x99,0x99,0x99,
	0x99,0x99,0x39,0x99,0x66,0x60,0x00,0x00,0x00,0x00,0x00,0x00,0x00,0x00,0x00,0x00,0x00,0x00,0x00,0x00,0x06,0x99,0x99,0x99,
	0x99,0x99,0x99,0x99,0x99,0x99,0x99,0x96,0x69,0x99,0x99,0x99,0x93,0x99,0x99,0x99,0x99,0x69,0x99,0x99,0x99,0x99,0x99,0x99,
	0x96,0x00,0x00,0x00,0x00,0xFF,0x90,0x00,0x00,0x00,0x06,0xA0,0x00,0x00,0x00,0x69,0x99,0x99,0x69,0x99,0x99,0x99,0x99,0x99,
	0x66,0x99,0x00,0x00,0x00,0x00,0x00,0x00,0x00,0x80,0x00,0x08,0x00,0x00,0x00,0x00,0x00,0x06,0xA9,0x99,0x99,0x99,0x99,0x99,
	0x99,0x96,0x00,0x00,0x00,0xA0,0x0A,0x80,0x00,0x00,0x00,0x00,0x08,0x00,0x0A,0xA0,0x88,0x00,0x80,0x08,0x08,0x00,0x00,0x0A,
	0xA0,0x00,0x00,0x00,0x00,0x00,0x08,0x80,0x00,0x00,0x00,0x80,0x00,0x00,0x00,0x00,0x00,0x00,0x00,0x00,0x0A,0x00,0x00,0x00,
	0x00,0x00,0x00,0x00,0x00,0x00,0x00,0x00,0x08,0x00,0x00,0x00,0x00,0x00,0x00,0x00,0x00,0x00,0x00,0x00,0x00,0x00,0x80,0x00,
	0x00,0xA0,0x00,0x00,0x00,0x00,0x0A,0x80,0x08,0xA0,0x08,0xA8,0x80,0x00,0x00,0xFF,0x08,0x40,0x00,0x80,0x00,0x06,0x66,0xA8,
	0x8A,0xAA,0x8A,0x88,0x0A,0xAA,0xA4,0xA0,0xA6,0xAA,0xAA,0x08,0x48,0xA8,0x88,0xAA,0x6A,0xA8,0x66,0x66,0x69,0x96,0x69,0x99,
	0x66,0x93,0x69,0x99,0x33,0x99,0x96,0x69,0x99,0x60,0x00,0x89,0x99,0x99,0x99,0x99,0x99,0x99,0x99,0x99,0x99,0x99,0x99,0x99,
	0x99,0x99,0x99,0x99,0x99,0x99,0x99,0x99,0x99,0x99,0x99,0x99,0x99,0x99,0x99,0x99,0x99,0x99,0x99,0x99,0x39,0x99,0x99,0x99,
	0x99,0x39,0x99,0x99,0x39,0x99,0x99,0x99,0x99,0x93,0x96,0x69,0x99,0x69,0x99,0x99,0x99,0x99,0x99,0x93,0x39,0x99,0x93,0x33,
	0x96,0x39,0x96,0x66,0x99,0x99,0x00,0x00,0x00,0x00,0xA6,0x66,0x69,0x99,0x6A,0x00,0x00,0x00,0x99,0x93,0x99,0x99,0x99,0x90,
	0x00,0xCA,0x99,0x99,0x99,0x99,0x99,0x99,0x99,0x99,0x96,0x69,0x99,0x99,0x99,0x99,0x99,0x93,0x99,0x99,0x99,0x99,0x99,0x99,
	0x99,0x99,0x99,0x99,0x99,0x99,0x0A,0x99,0x99,0x99,0x99,0x99,0x09,0x99,0x99,0x96,0x04,0x99,0x99,0x99,0x99,0x99,0x99,0x99,
	0x99,0x99,0x99,0x99,0x99,0x96,0x99,0x99,0x99,0x99,0x96,0x00,0x00,0x00,0x00,0x00,0x00,0x00,0x04,0x66,0x99,0x99,0x69,0x96,
	0x60,0x00,0x00,0x99,0x99,0x99,0x99,0x99,0x99,0x99,0x99,0x99,0x99,0x99,0x69,0x99,0x99,0x99,0x99,0x99,0x99,0x99,0x99,0x66,
	0x99,0x96,0x99,0x99,0x99,0x99,0x96,0x00,0x00,0x00,0x00,0xFF,0x9A,0x00,0x00,0x00,0x00,0x00,0x00,0x00,0x06,0x99,0x99,0x99,
	0x39,0x99,0x99,0x99,0x99,0x99,0x99,0x94,0x00,0x00,0x00,0x00,0x00,0x00,0x00,0x00,0x00,0x00,0x00,0x80,0x00,0x00,0x00,0x00,
	0x00,0x88,0x46,0x99,0x99,0x99,0x99,0x96,0x80,0x00,0x00,0x00,0x00,0x00,0x00,0x00,0x08,0x00,0x00,0xAA,0xA0,0xAA,0x8A,0x00,
	0x88,0xA0,0x00,0x80,0x00,0x8A,0x00,0x00,0x00,0x00,0x08,0x00,0x0A,0x00,0x00,0x00,0x00,0x00,0x00,0x00,0x00,0x00,0x00,0x00,
	0x00,0x00,0x00,0x00,0x00,0x00,0x00,0x80,0x00,0x00,0x00,0x00,0x00,0x00,0x00,0x00,0x00,0x00,0x00,0x00,0x00,0x00,0x00,0x00,
	0x00,0x08,0x00,0x00,0x00,0x00,0x00,0x00,0x00,0x00,0x0A,0x00,0x00,0x80,0x00,0x00,0x80,0x0A,0xA8,0x00,0x00,0xFF,0x80,0xA8,
	0x08,0x88,0x08,0xA8,0x80,0x88,0x84,0x88,0x8A,0x00,0x8A,0x4A,0xA8,0xAA,0x60,0x04,0x48,0x88,0x84,0x46,0x44,0x64,0x48,0xA4,
	0x64,0x6A,0x69,0x66,0x63,0x99,0x96,0x96,0x39,0x66,0x99,0x93,0x39,0x99,0x96,0x60,0x00,0x69,0x99,0x99,0x99,0x99,0x99,0x99,
	0x99,0x99,0x99,0x99,0x99,0x99,0x99,0x99,0x99,0x99,0x99,0x99,0x99,0x99,0x99,0x99,0x99,0x99,0x99,0x99,0x99,0x99,0x99,0x99,
	0x96,0x99,0x93,0x39,0x99,0x99,0x99,0x33,0x99,0x99,0x99,0x33,0x39,0x99,0x99,0x99,0x93,0x96,0x99,0x39,0x93,0x93,0x33,0x93,
	0x99,0x93,0x39,0x33,0x39,0x33,0x36,0x99,0x39,0x69,0x99,0xA0,0x00,0x00,0x04,0x99,0x99,0x99,0x69,0x99,0x99,0x94,0x00,0x00,
	0x06,0x93,0x39,0x99,0x99,0x90,0x00,0xCA,0x99,0x99,0x39,0x99,0x99,0x99,0x99,0x93,0x33,0x39,0x99,0x99,0x99,0x99,0x99,0x39,
	0x99,0x99,0x93,0x39,0x99,0x99,0x39,0x99,0x99,0x99,0x99,0x99,0x00,0x99,0x99,0x99,0x99,0x96,0x09,0x99,0x99,0x90,0x89,0x99,
	0x99,0x99,0x99,0x99,0x99,0x99,0x99,0x99,0x99,0x99,0x99,0x96,0x66,0x99,0x99,0x96,0x99,0x00,0x00,0x00,0x00,0x00,0x46,0x99,
	0x99,0x99,0x99,0x66,0x99,0x99,0x99,0x60,0x00,0x06,0x99,0x99,0x99,0x99,0x99,0x99,0x99,0x99,0x99,0x99,0x99,0x99,0x99,0x66,
	0x69,0x99,0x99,0x99,0x99,0x99,0x99,0x99,0x99,0x99,0x99,0x99,0x96,0x00,0x00,0x00,0x00,0xFF,0x96,0x08,0x00,0x00,0x00,0x00,
	0x00,0x00,0x09,0x99,0x99,0x99,0x99,0x99,0x99,0x99,0x99,0x99,0x99,0x90,0x00,0x00,0x00,0x00,0x00,0x00,0x00,0x00,0x00,0x00,
	0x00,0x00,0x00,0x00,0x00,0x00,0x00,0x00,0x08,0x00,0x69,0x99,0x99,0x94,0x08,0x00,0x00,0x00,0x00,0x00,0x80,0x00,0x00,0xA4,
	0x66,0xAA,0x4A,0x8A,0x00,0x80,0xA8,0x00,0x88,0x88,0x00,0x80,0x00,0x00,0x00,0x00,0x80,0x00,0x00,0x00,0x00,0x08,0x00,0x00,
	0x00,0x00,0x08,0x00,0x00,0x00,0x00,0x00,0x00,0x00,0x00,0x0A,0x00,0xA0,0x00,0x00,0x00,0x00,0x08,0x00,0x00,0x80,0x00,0x00,
	0x00,0x00,0xA0,0x00,0x08,0x00,0x00,0x00,0x08,0x00,0x00,0x00,0x08,0x08,0x00,0x00,0x00,0x00,0x00,0x00,0x00,0x80,0x00,0x00,
	0x00,0x00,0x00,0xFF,0x88,0x08,0x80,0x88,0xA8,0x8A,0x8A,0x88,0x84,0xA0,0x8A,0x0A,0x0A,0x80,0xA6,0x8A,0xAA,0x84,0xA4,0x8A,
	0x0A,0x80,0x64,0x88,0xA6,0x6A,0x46,0x64,0x46,0x66,0x99,0x39,0x96,0x99,0x99,0x99,0x99,0x63,0x63,0x39,0x33,0x60,0x00,0x99,
	0x99,0x99,0x33,0x99,0x99,0x99,0x99,0x99,0x99,0x99,0x99,0x99,0x99,0x99,0x99,0x99,0x99,0x99,0x99,0x99,0x93,0x99,0x99,0x99,
	0x93,0x33,0x93,0x33,0x39,0x39,0x33,0x39,0x99,0x33,0x33,0x33,0x99,0x93,0x39,0x33,0x33,0x39,0x33,0x33,0x99,0x33,0x99,0x93,
	0x39,0x99,0x99,0x99,0x33,0x99,0x33,0x33,0x39,0x93,0x99,0x99,0x33,0x39,0x33,0x99,0x60,0x00,0x00,0xA9,0x99,0x39,0x93,0xA0,
	0x33,0x39,0x99,0x93,0x39,0x00,0x00,0x09,0x99,0x99,0x99,0x90,0x00,0xCA,0x99,0x99,0x99,0x99,0x99,0x99,0x99,0x99,0x99,0x99,
	0x99,0x99,0x93,0x99,0x99,0x99,0x93,0x39,0x99,0x33,0x39,0x99,0x99,0x99,0x99,0x99,0x99,0x99,0x00,0x99,0x99,0x99,0x99,0x90,
	0xA9,0x93,0x9A,0x04,0x99,0x99,0x99,0x99,0x99,0x99,0x99,0x99,0x99,0x66,0x99,0x99,0x99,0x39,0x39,0x93,0x99,0x39,0x99,0x00,
	0x00,0x00,0x49,0x99,0x99,0x99,0x99,0x69,0x99,0x93,0x99,0x99,0x99,0x99,0x60,0x00,0x69,0x99,0x99,0x99,0x99,0x99,0x99,0x99,
	0x99,0x99,0x99,0x99,0x99,0x99,0x69,0x99,0x99,0x99,0x99,0x99,0x99,0x99,0x99,0x99,0x99,0x99,0x96,0x00,0x00,0x00,0x00,0xFF,
	0x99,0x00,0x00,0x00,0x00,0x00,0x00,0x00,0x89,0x99,0x99,0x99,0x99,0x99,0x99,0x99,0x99,0x99,0x69,0xAA,0x00,0x00,0x00,0x00,
	0x00,0x00,0x00,0x00,0x00,0x00,0x00,0x00,0x00,0x00,0x00,0x00,0x00,0x00,0x08,0x0A,0x00,0x86,0x99,0x94,0x40,0x00,0x00,0x00,
	0x00,0x00,0x08,0x88,0xA6,0x66,0x64,0x4A,0xAA,0x4A,0x4A,0x8A,0xA0,0x08,0xA0,0x08,0x00,0x08,0xA0,0x0A,0x00,0xA8,0x00,0x00,
	0x00,0x00,0x00,0xA0,0x00,0x80,0x00,0x00,0x00,0x00,0x00,0x00,0x00,0x00,0x00,0x00,0x00,0x08,0x00,0x00,0x80,0x08,0x80,0x00,
	0x00,0xA0,0x00,0x00,0x00,0x08,0x00,0x00,0x00,0x00,0x00,0x00,0x00,0x00,0x00,0x00,0x00,0x00,0x00,0x08,0x00,0x00,0x08,0x08,
	0x80,0x88,0xA0,0x08,0x08,0xA0,0x08,0x40,0x00,0xFF,0x00,0x88,0x8A,0x00,0x80,0xAA,0x0A,0xAA,0x00,0xA4,0xA0,0x08,0x60,0x08,
	0x80,0xA8,0x8A,0xA4,0xA8,0x68,0xAA,0xA4,0xAA,0xA6,0x84,0xA6,0xA9,0x64,0x94,0x69,0x66,0x99,0x99,0x99,0x96,0x99,0x99,0x99,
	0x69,0x33,0x33,0xA0,0x00,0x33,0x33,0x99,0x99,0x99,0x39,0x99,0x93,0x99,0x99,0x99,0x99,0x39,0x33,0x33,0x39,0x99,0x99,0x99,
	0x99,0x99,0x99,0x99,0x99,0x39,0x93,0x33,0x99,0x93,0x33,0x33,0x33,0x99,0x33,0x93,0x33,0x33,0x33,0x99,0x93,0x33,0x39,0x93,
	0x99,0x99,0x99,0x99,0x33,0x93,0x33,0x33,0x33,0x39,0x93,0x33,0x39,0x39,0x93,0x99,0x99,0x99,0x99,0x93,0x33,0x34,0x00,0x00,
	0x89,0x33,0x39,0x33,0x36,0x00,0x09,0x99,0x99,0x99,0x39,0x98,0x00,0x00,0x99,0x99,0x99,0x90,0x00,0xCA,0x99,0x33,0x33,0x99,
	0x99,0x99,0x99,0x99,0x99,0x99,0x99,0x99,0x99,0x99,0x99,0x93,0x99,0x33,0x39,0x33,0x33,0x96,0x99,0x99,0x99,0x99,0x99,0x99,
	0x00,0x93,0x99,0x33,0x99,0x30,0x99,0x99,0x60,0x09,0x99,0x99,0x99,0x99,0x99,0x99,0x99,0x99,0x93,0x99,0x93,0x99,0x99,0x99,
	0x39,0x99,0x99,0x93,0x94,0x00,0x04,0x93,0x99,0x99,0x99,0x99,0x93,0x99,0x99,0x99,0x99,0x99,0x99,0x99,0x96,0x00,0x09,0x39,
	0x99,0x99,0x66,0x99,0x99,0x99,0x99,0x99,0x99,0x66,0x66,0x99,0x99,0x99,0x99,0x99,0x99,0x99,0x99,0x99,0x99,0x99,0x99,0x99,
	0x96,0x00,0x00,0x00,0x00,0xFF,0x96,0x60,0x00,0x00,0x00,0x00,0x00,0x00,0x69,0x99,0x99,0x69,0x99,0x99,0x99,0x99,0x99,0x99,
	0x6A,0x00,0x00,0x00,0x00,0x00,0x00,0x00,0x00,0x00,0x00,0x00,0x00,0x00,0x00,0x88,0x00,0x00,0x00,0x00,0x00,0x00,0x00,0xA0,
	0xA6,0x6A,0x00,0x00,0x00,0x00,0x00,0x80,0x00,0xA9,0x99,0x69,0x64,0x68,0xA4,0x66,0xAA,0x08,0xA0,0x80,0x80,0x8A,0x80,0x00,
	0x00,0x08,0x0A,0x00,0x00,0x00,0x00,0x00,0x80,0x0A,0x88,0x00,0x0A,0x00,0x00,0x00,0x00,0x00,0x00,0x00,0xA0,0x00,0x00,0x00,
	0x08,0x08,0x00,0x00,0x00,0x80,0x00,0x00,0x08,0x00,0x00,0x00,0x00,0x00,0x00,0x00,0x00,0x00,0x00,0x00,0x00,0x08,0xA0,0x00,
	0x00,0x00,0x00,0x00,0x84,0x00,0x0A,0x00,0x00,0x00,0x00,0x00,0x0A,0x00,0x00,0xFF,0xA8,0x00,0x08,0xA0,0x88,0xA0,0xA0,0x80,
	0x08,0x00,0xA8,0xA4,0x84,0xAA,0x60,0x04,0x40,0x0A,0xAA,0x60,0xA4,0x8A,0x4A,0x4A,0x64,0xA6,0x4A,0x46,0x69,0x69,0x66,0x66,
	0x99,0x66,0x96,0x99,0x96,0x99,0x99,0x99,0x99,0xA0,0x00,0x33,0x33,0x33,0x33,0x33,0x33,0x33,0x33,0x39,0x93,0x33,0x99,0x99,
	0x99,0x33,0x33,0x33,0x33,0x33,0x33,0x39,0x33,0x33,0x33,0x99,0x99,0x33,0x39,0x99,0x99,0x99,0x99,0x99,0x99,0x99,0x93,0x39,
	0x33,0x39,0x99,0x99,0x99,0x99,0x99,0x99,0x99,0x99,0x39,0x33,0x99,0x39,0x99,0x99,0x99,0x99,0x39,0x99,0x99,0x99,0x99,0x99,
	0x99,0x99,0x33,0x80,0x00,0x03,0x99,0x99,0x99,0x99,0x99,0x00,0x0A,0x39,0x99,0x99,0x93,0x99,0x60,0x00,0x06,0x99,0x99,0x90,
	0x00,0xCA,0x99,0x99,0x93,0x39,0x99,0x99,0x99,0x99,0x99,0x99,0x99,0x99,0x99,0x99,0x99,0x69,0x99,0x99,0x33,0x33,0x33,0x33,
	0x33,0x33,0x33,0x33,0x33,0x99,0x00,0x93,0x99,0x33,0x33,0x6A,0x39,0x96,0x00,0x33,0x33,0x33,0x33,0x39,0x33,0x93,0x33,0x39,
	0x93,0x39,0x99,0x33,0x99,0x33,0x99,0x99,0x99,0x99,0x80,0x00,0x99,0x99,0x99,0x99,0x39,0x99,0x39,0x93,0x99,0x99,0x93,0x99,
	0x99,0x99,0x99,0xA0,0x00,0x99,0x99,0x33,0x93,0x99,0x99,0x96,0x69,0x99,0x99,0x39,0x99,0x99,0x99,0x99,0x99,0x99,0x99,0x99,
	0x99,0x99,0x99,0x99,0x99,0x99,0x96,0x00,0x00,0x00,0x00,0xFF,0x96,0x60,0x00,0x00,0x00,0x00,0x00,0x00,0x66,0x66,0x66,0x66,
	0x66,0x66,0x66,0x99,0x99,0x99,0x80,0x00,0x00,0x00,0x00,0x00,0x00,0x00,0x00,0x00,0x00,0xA0,0x00,0x00,0x00,0x00,0x00,0x00,
	0x00,0x00,0x00,0x00,0x00,0x8A,0x00,0x44,0x00,0x00,0x00,0x00,0x00,0x00,0x06,0x99,0x99,0x69,0x69,0x66,0x44,0x84,0x0A,0xAA,
	0x88,0x00,0xA0,0x80,0x80,0x80,0x08,0x00,0x80,0x08,0x08,0x00,0x00,0x00,0x80,0x0A,0x00,0xAA,0x00,0x08,0x00,0x00,0x00,0x00,
	0x00,0x00,0x00,0x00,0x00,0x00,0x00,0x00,0x00,0x00,0x00,0x00,0x08,0x80,0x00,0x00,0x00,0x80,0x00,0x00,0x00,0x00,0x80,0x00,
	0x00,0x00,0x00,0x00,0x00,0x00,0x00,0x00,0x80,0x00,0x80,0x00,0x88,0x0A,0x8A,0x88,0x04,0x00,0xA8,0x00,0x00,0xFF,0x80,0x00,
	0xA0,0x06,0xAA,0xAA,0x0A,0xAA,0xA4,0x06,0x48,0x0A,0x00,0x04,0xA4,0x88,0x8A,0x0A,0xA4,0x06,0xA0,0xA6,0xAA,0x48,0xA6,0xA6,
	0x66,0xA6,0x66,0x66,0x69,0x96,0x96,0x99,0x99,0x96,0x66,0x99,0x99,0x99,0x99,0x00,0x00,0x99,0x99,0x99,0x39,0x99,0x99,0x99,
	0x99,0x99,0x99,0x99,0x99,0x99,0x99,0x99,0x33,0x33,0x33,0x93,0x39,0x99,0x99,0x93,0x39,0x99,0x99,0x99,0x99,0x99,0x99,0x99,
	0x99,0x99,0x99,0x99,0x99,0x33,0x33,0x39,0x99,0x99,0x99,0x99,0x33,0x33,0x39,0x99,0x99,0x99,0x99,0x99,0x99,0x99,0x99,0x99,
	0x99,0x99,0x99,0x99,0x99,0x99,0x99,0x99,0x98,0x00,0x00,0x99,0x99,0x99,0x99,0x99,0x99,0x60,0x00,0x99,0x99,0x99,0x99,0x99,
	0x96,0x00,0x00,0x99,0x99,0x90,0x00,0xCA,0x99,0x99,0x99,0x99,0x99,0x99,0x99,0x99,0x99,0x99,0x99,0x99,0x99,0x99,0x99,0x99,
	0x99,0x99,0x99,0x93,0x33,0x33,0x33,0x33,0x33,0x33,0x33,0x39,0x00,0x63,0x33,0x33,0x99,0x09,0x33,0x30,0x03,0x99,0x99,0x33,
	0x93,0x33,0x33,0x93,0x33,0x33,0x33,0x39,0x99,0x99,0x99,0x99,0x99,0x99,0x99,0x99,0x00,0x09,0x99,0x99,0x99,0x99,0x99,0x99,
	0x99,0x66,0x66,0x96,0x99,0x99,0x99,0x99,0x99,0x98,0x00,0x09,0x99,0x99,0x99,0x99,0x99,0x33,0x99,0x93,0x99,0x99,0x39,0x39,
	0x99,0x99,0x99,0x93,0x99,0x99,0x99,0x99,0x99,0x99,0x99,0x99,0x96,0x00,0x00,0x00,0x00,0xFF,0x66,0x68,0x00,0x00,0x00,0x00,
	0x00,0x00,0x66,0x66,0x66,0x66,0x66,0x66,0x99,0x99,0x99,0x66,0x00,0x00,0x00,0x00,0x00,0x00,0x00,0x00,0x00,0x00,0x88,0x00,
	0x80,0x00,0xA0,0x00,0x08,0x00,0x08,0x00,0x00,0x00,0x00,0x00,0x0A,0x88,0x00,0x00,0x00,0x00,0x00,0x00,0x66,0x66,0x99,0x96,
	0x46,0x46,0x64,0x64,0x88,0xA8,0xA8,0x80,0xA0,0x08,0x08,0x00,0x88,0x08,0x08,0x08,0xA0,0x00,0x00,0x88,0x00,0x88,0x08,0x00,
	0x00,0x00,0x00,0x08,0x00,0x00,0x0A,0x00,0x00,0x00,0x00,0x00,0x0A,0x08,0x00,0x00,0x00,0x00,0x0A,0x00,0x00,0xA0,0x00,0x00,
	0x00,0x00,0x08,0x00,0x00,0x00,0x08,0x00,0x00,0x00,0x00,0x00,0x00,0x08,0x00,0x00,0x00,0x00,0x08,0x08,0x8A,0xA0,0x80,0x80,
	0x04,0xA0,0x00,0xFF,0xA8,0x80,0x60,0x4A,0x48,0x88,0x08,0xAA,0x04,0xA0,0xAA,0x0A,0xA0,0xAA,0x0A,0x84,0xAA,0x48,0x8A,0xA4,
	0xAA,0xAA,0x44,0x44,0x4A,0x46,0x46,0x69,0x94,0x69,0x99,0x66,0x99,0x69,0x99,0x69,0x99,0x99,0x99,0x99,0x99,0x00,0x00,0x99,
	0x99,0x99,0x99,0x99,0x99,0x99,0x99,0x99,0x99,0x99,0x99,0x99,0x99,0x99,0x99,0x93,0x33,0x99,0x99,0x99,0x99,0x99,0x99,0x39,
	0x99,0x99,0x99,0x99,0x99,0x99,0x99,0x99,0x99,0x99,0x99,0x99,0x33,0x99,0x99,0x96,0x66,0x69,0x99,0x39,0x99,0x99,0x99,0x99,
	0x99,0x99,0x99,0x99,0x99,0x99,0x99,0x99,0x99,0x99,0x99,0x99,0x99,0x99,0x80,0x00,0x89,0x99,0x99,0x99,0x99,0x99,0x99,0x90,
	0x00,0x99,0x99,0x99,0x99,0x99,0x99,0x90,0x00,0x09,0x99,0x90,0x00,0xCA,0x99,0x99,0x99,0x99,0x99,0x99,0x99,0x99,0x69,0x99,
	0x99,0x99,0x99,0x96,0x69,0x99,0x99,0x99,0x99,0x99,0x33,0x33,0x33,0x33,0x33,0x39,0x93,0x99,0x00,0x69,0x99,0x99,0x96,0x09,
	0x99,0x00,0x69,0x99,0x99,0x99,0x99,0x99,0x99,0x93,0x33,0x99,0x33,0x33,0x33,0x99,0x99,0x99,0x99,0x99,0x99,0x90,0x00,0x99,
	0x99,0x99,0x99,0x99,0x99,0x99,0x99,0x66,0x66,0x66,0x66,0x99,0x99,0x99,0x99,0x99,0x00,0x00,0x66,0x69,0x96,0x69,0x66,0x96,
	0x69,0x99,0x99,0x99,0x39,0x33,0x33,0x99,0x99,0x99,0x99,0x39,0x99,0x99,0x99,0x99,0x99,0x99,0x96,0x00,0x00,0x00,0x00,0xFF,
	0x66,0x66,0x80,0x00,0x00,0x00,0x00,0x0A,0xA6,0x66,0x66,0x66,0x66,0x66,0x69,0x96,0x66,0x00,0x00,0x00,0x00,0x00,0x00,0x00,
	0x00,0x00,0x08,0xAA,0x4A,0x46,0x66,0x66,0x66,0x66,0x64,0x80,0x00,0x00,0x0A,0x00,0x00,0x00,0x00,0x00,0x00,0x00,0x00,0x00,
	0x00,0x66,0x66,0x69,0x96,0x66,0x96,0x96,0x64,0x44,0x6A,0xA6,0x80,0x8A,0x00,0x0A,0x00,0x00,0x48,0x80,0x00,0x00,0x00,0x00,
	0x0A,0x8A,0x00,0x00,0x08,0xA0,0x00,0x8A,0x00,0x00,0x00,0x00,0x00,0x00,0x00,0x00,0x08,0x00,0x00,0x00,0x00,0x00,0x08,0x00,
	0x0A,0x00,0x00,0x00,0x80,0x00,0xA0,0x00,0x0A,0x00,0x00,0x00,0x00,0x00,0x00,0x00,0x00,0x00,0x00,0x00,0x00,0x00,0x00,0x00,
	0x00,0x0A,0x00,0x80,0x00,0x08,0xA8,0x00,0x00,0xFF,0x80,0x0A,0x08,0x00,0x08,0x88,0xAA,0x04,0x84,0xA8,0xA0,0x80,0x04,0xA8,
	0x00,0xA0,0x0A,0xA6,0x04,0x46,0x0A,0xA0,0x4A,0xA6,0x4A,0x46,0x4A,0x66,0x66,0x66,0x66,0x69,0x69,0x69,0x99,0x96,0x99,0x99,
	0x99,0x96,0x99,0x00,0x04,0x99,0x99,0x99,0x99,0x99,0x99,0x99,0x99,0x99,0x99,0x99,0x99,0x99,0x99,0x99,0x99,0x99,0x99,0x99,
	0x99,0x99,0x99,0x99,0x99,0x99,0x99,0x99,0x99,0x99,0x99,0x99,0x99,0x99,0x99,0x99,0x99,0x99,0x99,0x99,0x33,0x33,0x33,0x99,
	0x99,0x99,0x99,0x99,0x99,0x99,0x99,0x99,0x99,0x99,0x99,0x99,0x99,0x99,0x99,0x99,0x99,0x99,0x99,0x9A,0x00,0x06,0x99,0x99,
	0x99,0x99,0x99,0x99,0x99,0x90,0x00,0x99,0x99,0x99,0x99,0x99,0x99,0x99,0x00,0x00,0x99,0x90,0x00,0xCA,0x99,0x99,0x99,0x99,
	0x99,0x99,0x99,0x99,0x69,0x94,0xA6,0x99,0x99,0x99,0x99,0x66,0x99,0x99,0x99,0x99,0x99,0x99,0x99,0x99,0x99,0x99,0x99,0x99,
	0xA0,0x89,0x99,0x99,0x90,0x49,0x9A,0x00,0x99,0x96,0x66,0x69,0x99,0x99,0x99,0x99,0x99,0x99,0x99,0x99,0x99,0x99,0x99,0x99,
	0x99,0x99,0x99,0x80,0x06,0x99,0x99,0x99,0x99,0x99,0x99,0x99,0x99,0x99,0x96,0x99,0x96,0x66,0x99,0x99,0x99,0x99,0x60,0x00,
	0x06,0x99,0x99,0x66,0x66,0x66,0x66,0x66,0x66,0x99,0x99,0x99,0x99,0x99,0x99,0x99,0x99,0x99,0x99,0x99,0x99,0x99,0x99,0x99,
	0x96,0x00,0x00,0x00,0x00,0xFF,0x66,0x66,0x00,0x00,0x00,0x00,0x00,0x00,0x06,0x66,0x66,0x66,0x66,0x66,0x96,0x66,0x80,0x00,
	0x00,0x00,0x00,0x00,0x00,0x00,0x08,0x46,0x69,0x69,0x99,0x99,0x99,0x99,0x99,0x66,0x99,0x99,0x96,0x4A,0x80,0x00,0x08,0x00,
	0x00,0x80,0x00,0x00,0x00,0x00,0x04,0x66,0x66,0x96,0x99,0x96,0x66,0x66,0x66,0x60,0x84,0xA8,0x86,0x8A,0x8A,0xA0,0x00,0x80,
	0x8A,0x08,0x00,0xA0,0x80,0x00,0xA0,0x84,0x00,0x0A,0x00,0x08,0x80,0x00,0x00,0x00,0x00,0x00,0x00,0x08,0x00,0x00,0x00,0xAA,
	0x80,0x00,0x88,0x0A,0x00,0x00,0x00,0x84,0x00,0x80,0x0A,0x0A,0x00,0x00,0x80,0x00,0x00,0x00,0x0A,0x08,0xA0,0x00,0x00,0x00,
	0x00,0x00,0x0A,0x00,0x00,0x00,0x00,0x00,0x00,0x00,0x00,0xA8,0xA0,0x00,0x00,0xFF,0xA8,0x08,0x4A,0xA0,0x00,0xAA,0x88,0x86,
	0x88,0xA0,0x00,0x00,0x00,0x8A,0x0A,0x88,0xA8,0x46,0xA4,0x8A,0x44,0xAA,0xA8,0xA4,0x64,0xA6,0x66,0x96,0x96,0x69,0x66,0x66,
	0x69,0x69,0x99,0x99,0x96,0x69,0x99,0x69,0x99,0x00,0x06,0x99,0x99,0x99,0x99,0x99,0x99,0x99,0x99,0x99,0x39,0x99,0x99,0x99,
	0x99,0x99,0x99,0x99,0x99,0x99,0x99,0x99,0x99,0x99,0x99,0x99,0x99,0x99,0x99,0x99,0x99,0x99,0x99,0x99,0x99,0x99,0x99,0x99,
	0x99,0x99,0x93,0x33,0x33,0x39,0x99,0x99,0x99,0x99,0x99,0x99,0x99,0x99,0x99,0x99,0x99,0x99,0x99,0x99,0x99,0x99,0x99,0x99,
	0x99,0x60,0x00,0x89,0x99,0x99,0x99,0x99,0x99,0x99,0x99,0x90,0x00,0x99,0x99,0x99,0x99,0x99,0x99,0x99,0x60,0x00,0x69,0x90,
	0x00,0xCA,0x99,0x99,0x99,0x99,0x99,0x99,0x99,0x99,0x96,0x00,0x00,0x06,0x99,0x99,0x60,0x00,0x00,0x49,0x99,0x99,0x99,0x99,
	0x99,0x99,0x99,0x99,0x99,0x99,0xA0,0x09,0x99,0x99,0x60,0x99,0x90,0x06,0x99,0x99,0x96,0x66,0x99,0x99,0x99,0x99,0x99,0x99,
	0x99,0x99,0x99,0x99,0x99,0x99,0x99,0x99,0x99,0x00,0x09,0x99,0x99,0x99,0x99,0x99,0x99,0x99,0x99,0x99,0x99,0x99,0x99,0x99,
	0x99,0x99,0x99,0x99,0x99,0x00,0x08,0x69,0x99,0x99,0x66,0x99,0x96,0x66,0x66,0x69,0x99,0x99,0x99,0x99,0x99,0x99,0x99,0x99,
	0x99,0x99,0x99,0x99,0x99,0x99,0x96,0x00,0x00,0x00,0x00,0xFF,0x66,0x66,0xA0,0x00,0x00,0x00,0x00,0x00,0x06,0x66,0x66,0x66,
	0x66,0x66,0x66,0x60,0x00,0x00,0x00,0x00,0x00,0x00,0x00,0x86,0x69,0x99,0x99,0x96,0x99,0x69,0x99,0x99,0x96,0x69,0x99,0x99,
	0x96,0x99,0x66,0xA8,0x08,0x00,0x00,0x00,0x00,0x00,0x00,0x00,0x08,0x66,0x66,0x4A,0x0A,0xAA,0x00,0x80,0xAA,0x4A,0x4A,0x64,
	0x48,0xAA,0x0A,0x48,0x0A,0x80,0x00,0x0A,0x08,0x00,0x00,0x00,0x80,0x00,0x00,0x08,0x08,0x00,0x0A,0x00,0x00,0x80,0x00,0x08,
	0x00,0x00,0x80,0x08,0x08,0x00,0x00,0x80,0x00,0x88,0x08,0x00,0x08,0x88,0x00,0x88,0x00,0x80,0x00,0x00,0x00,0x00,0x00,0x00,
	0x00,0x00,0x00,0x0A,0x80,0x00,0x00,0x00,0x8A,0x80,0xA8,0x08,0xA0,0xA8,0x00,0xA8,0x08,0x80,0x08,0x00,0x00,0xFF,0x08,0xAA,
	0xAA,0x00,0x00,0xAA,0x8A,0x0A,0xA8,0x04,0xAA,0xA8,0x68,0x4A,0xA0,0x44,0x8A,0x8A,0xAA,0x44,0x0A,0x4A,0xAA,0xAA,0x44,0xA6,
	0x69,0x66,0x66,0x66,0x66,0x69,0x66,0x99,0x96,0x99,0x99,0x99,0x99,0x99,0x69,0x00,0x09,0x99,0x99,0x39,0x39,0x93,0x93,0x99,
	0x99,0x99,0x33,0x99,0x99,0x99,0x99,0x99,0x99,0x99,0x99,0x99,0x99,0x99,0x99,0x99,0x99,0x99,0x99,0x96,0x99,0x99,0x99,0x99,
	0x96,0x6A,0xAA,0xA6,0x99,0x99,0x99,0x99,0x99,0x99,0x99,0x98,0x00,0x08,0x99,0x99,0x99,0x99,0x99,0x99,0x99,0x99,0x99,0x99,
	0x96,0x0A,0x99,0x99,0x99,0x99,0x99,0x00,0x00,0x99,0x99,0x99,0x99,0x99,0x99,0x99,0x99,0x90,0x00,0x99,0x99,0x99,0x99,0x99,
	0x99,0x99,0x94,0x00,0x09,0x90,0x00,0xCA,0x99,0x99,0x99,0x99,0x99,0x99,0x99,0x99,0x90,0x00,0x00,0x00,0x99,0x60,0x00,0x00,
	0x00,0x08,0x69,0x99,0x69,0x99,0x99,0x99,0x99,0x99,0x99,0x99,0x60,0x09,0x99,0x99,0xA0,0x99,0x60,0x09,0x99,0x33,0x39,0x99,
	0x99,0x99,0x99,0x99,0x99,0x99,0x99,0x99,0x99,0x99,0x99,0x99,0x99,0x99,0x9A,0x00,0x69,0x99,0x99,0x99,0x99,0x96,0x66,0x66,
	0x66,0x99,0x99,0x96,0x66,0x96,0x66,0x69,0x99,0x99,0x99,0x90,0x00,0x69,0x69,0x99,0x99,0x99,0x99,0x99,0x99,0x99,0x99,0x99,
	0x99,0x99,0x99,0x99,0x99,0x99,0x99,0x99,0x99,0x99,0x99,0x99,0x96,0x00,0x00,0x00,0x00,0xFF,0x99,0x96,0x60,0x00,0x00,0x00,
	0x00,0x00,0x00,0x69,0x66,0x66,0x66,0x66,0xA0,0x00,0x00,0x00,0x00,0x00,0x00,0x00,0x96,0x66,0x66,0x99,0x99,0x99,0x99,0x96,
	0x99,0x99,0x69,0x99,0x66,0x69,0x99,0x99,0x99,0x99,0xA0,0x00,0x00,0x00,0x00,0x00,0x00,0x00,0x08,0x6A,0x80,0x80,0x8A,0xA0,
	0x00,0x00,0x80,0xAA,0x00,0x08,0x66,0xAA,0xA8,0xAA,0x00,0x80,0x88,0x08,0x08,0x08,0x80,0xA0,0x08,0x00,0x00,0x88,0x80,0xA8,
	0x00,0x00,0x88,0x00,0x00,0x08,0x00,0x88,0x80,0x00,0x08,0x00,0x00,0x0A,0xAA,0x88,0x40,0x0A,0x80,0x00,0x80,0x40,0x8A,0x00,
	0x80,0x80,0x00,0x08,0x08,0x00,0x00,0x00,0x00,0x00,0x00,0x00,0x00,0x00,0x08,0x00,0x80,0xA0,0x08,0x80,0x0A,0x00,0x08,0x88,
	0x88,0xA0,0x00,0xFF,0x68,0x00,0xA0,0x60,0x8A,0x00,0x4A,0xA8,0x68,0xA4,0x08,0x00,0x86,0x0A,0xA0,0x4A,0x8A,0x48,0xA8,0xA4,
	0x0A,0x04,0xAA,0x64,0x89,0x69,0x4A,0x66,0x69,0x96,0x44,0x00,0x66,0x99,0x99,0x99,0x99,0x99,0x99,0x99,0x96,0x00,0x09,0x39,
	0x99,0x99,0x93,0x99,0x99,0x99,0x99,0x69,0x99,0x99,0x39,0x99,0x99,0x33,0x99,0x99,0x99,0x99,0x99,0x99,0x99,0x99,0x99,0x99,
	0x99,0x99,0x99,0x99,0x99,0xA0,0x00,0x00,0x00,0x00,0x00,0x69,0x99,0x99,0x99,0x99,0x9A,0x00,0x00,0x00,0x00,0x99,0x99,0x99,
	0x99,0x96,0x8A,0x99,0x99,0x99,0x90,0x00,0x09,0x99,0x99,0x99,0x96,0x00,0x09,0x99,0x99,0x99,0x68,0x69,0x99,0x99,0x99,0x90,
	0x00,0x99,0x99,0x99,0x99,0x99,0x99,0x99,0x99,0x00,0x00,0x90,0x00,0xCA,0x99,0x99,0x99,0x99,0x99,0x99,0x99,0x99,0x00,0x00,
	0x00,0x00,0xA0,0x00,0x00,0x00,0x00,0x00,0x06,0x99,0x66,0x69,0x99,0x99,0x66,0x99,0x96,0x66,0x60,0xA6,0x69,0x99,0x06,0x99,
	0x00,0x99,0x99,0x99,0x33,0x99,0x99,0x99,0x99,0x96,0x96,0x96,0x69,0x99,0x99,0x99,0x99,0x99,0x99,0x66,0x00,0x00,0x66,0x99,
	0x99,0x99,0x69,0x69,0x99,0x99,0x66,0x69,0x99,0x99,0x66,0x99,0x69,0x99,0x99,0x99,0x99,0x99,0x00,0x06,0x99,0x99,0x99,0x99,
	0x99,0x99,0x99,0x99,0x99,0x99,0x99,0x99,0x99,0x99,0x99,0x99,0x99,0x99,0x99,0x99,0x99,0x99,0x96,0x00,0x00,0x00,0x00,0xFF,
	0x96,0x96,0x66,0x08,0x00,0x00,0x00,0x00,0x00,0x00,0x46,0x46,0x40,0x00,0x80,0x00,0x00,0x00,0x00,0x00,0x00,0x06,0x66,0x66,
	0x69,0x69,0x99,0x66,0x66,0x66,0x66,0x66,0x66,0x66,0x99,0x99,0x99,0x99,0x99,0x99,0x96,0x00,0x80,0x00,0x00,0x00,0x00,0x00,
	0x0A,0x88,0x00,0x08,0x00,0x08,0x88,0x00,0x00,0x80,0x00,0xA0,0x8A,0xAA,0xA4,0xA8,0x8A,0x88,0xA0,0x0A,0x48,0x00,0x80,0x00,
	0x8A,0x80,0xA0,0x00,0x00,0x00,0x00,0x0A,0x00,0x00,0x00,0x00,0x00,0x00,0x00,0x00,0x80,0x00,0x00,0x0A,0x00,0x0A,0x8A,0x08,
	0x80,0x00,0xA0,0xA0,0x80,0x80,0x0A,0x0A,0x88,0xA8,0x80,0xA0,0x00,0x08,0x0A,0x00,0x00,0x00,0x00,0x08,0x04,0x00,0x08,0x00,
	0x08,0x0A,0x00,0xA0,0x00,0x08,0x40,0xA0,0x00,0xFF,0x84,0x8A,0xAA,0x0A,0x88,0x80,0xA4,0x88,0x06,0x48,0x4A,0xA0,0x4A,0x4A,
	0x08,0xA8,0x00,0x04,0x00,0x66,0x8A,0x04,0x8A,0xA4,0xAA,0x66,0x64,0x69,0x69,0x66,0x60,0x00,0x06,0x66,0x66,0x96,0x96,0x69,
	0x99,0x96,0x66,0x00,0x09,0x99,0x99,0x66,0x66,0x69,0x99,0x99,0x99,0x66,0x66,0x69,0x99,0x99,0x99,0x69,0x99,0x99,0x99,0x99,
	0x99,0x99,0x99,0x69,0x99,0x96,0x66,0x66,0x66,0x66,0xA0,0x00,0x00,0x00,0x00,0x00,0x00,0x06,0x99,0x99,0x99,0x99,0x60,0x00,
	0x00,0x00,0x00,0x09,0x99,0x99,0x99,0x40,0x00,0x09,0x99,0x99,0x90,0x00,0x09,0x99,0x99,0x99,0x90,0x00,0x69,0x99,0x99,0x99,
	0x00,0x06,0x99,0x99,0x99,0x90,0x00,0x99,0x99,0x36,0x04,0x99,0x99,0x99,0x99,0x90,0x00,0x60,0x00,0xCA,0x99,0x99,0x99,0x99,
	0x99,0x99,0x99,0x99,0x00,0x00,0x00,0x00,0x00,0x00,0x00,0x00,0x00,0x00,0x00,0x66,0x66,0x96,0x66,0x66,0x99,0x99,0x96,0x96,
	0x99,0x99,0x96,0x69,0x09,0x99,0x08,0x66,0x69,0x99,0x99,0x39,0x99,0x99,0x99,0x99,0x69,0x69,0x66,0x66,0x66,0x66,0x99,0x99,
	0x99,0x60,0x00,0x06,0x66,0x99,0x96,0x69,0x69,0x99,0x69,0x99,0x99,0x66,0x99,0x99,0x66,0x69,0x99,0x99,0x99,0x99,0x99,0x99,
	0x90,0x00,0xA9,0x99,0x99,0x99,0x99,0x99,0x99,0x99,0x99,0x99,0x99,0x99,0x99,0x99,0x99,0x99,0x99,0x99,0x99,0x99,0x99,0x99,
	0x96,0x00,0x00,0x00,0x00,0xFF,0x69,0x66,0x99,0xA0,0x00,0x00,0x00,0x00,0x00,0x00,0x00,0x00,0x00,0x00,0x00,0x00,0x00,0x00,
	0x00,0x00,0x00,0x66,0x66,0x66,0x66,0x66,0x66,0x66,0x96,0x66,0x66,0x66,0x96,0x69,0x99,0x99,0x99,0x99,0x99,0x99,0x99,0x9A,
	0x00,0x00,0x00,0x00,0x00,0x00,0x00,0x88,0x00,0x00,0x00,0x08,0x00,0x00,0x0A,0x00,0x88,0xA0,0x00,0x00,0x0A,0x40,0x6A,0x68,
	0xA8,0xAA,0x88,0x0A,0x00,0x00,0x80,0x00,0x00,0x80,0x00,0x00,0x00,0x80,0x08,0x00,0x08,0x00,0x00,0x00,0x08,0x00,0x00,0x00,
	0x0A,0x0A,0x80,0x08,0xA0,0x80,0x00,0x0A,0x00,0x00,0x00,0xA8,0x80,0x08,0x08,0x40,0xA0,0xA0,0x00,0x00,0xA0,0x88,0x0A,0x00,
	0x80,0xA0,0xA0,0x00,0x00,0x00,0x0A,0x00,0x00,0x00,0xA8,0x40,0x0A,0xA0,0x00,0xFF,0x88,0x8A,0xA8,0x88,0x0A,0x04,0xA0,0x84,
	0x08,0x60,0xAA,0x00,0x06,0x48,0x48,0x8A,0x8A,0x04,0x00,0xA0,0x64,0xAA,0x60,0x46,0x94,0x64,0x69,0x66,0x66,0x66,0x6A,0x00,
	0x00,0x66,0x99,0x69,0x99,0x96,0x99,0x99,0x98,0x00,0x06,0x99,0x99,0x69,0x96,0x66,0x66,0x66,0x99,0x99,0x96,0x93,0x39,0x99,
	0x99,0x96,0x99,0x33,0x93,0x99,0x99,0x99,0x99,0x99,0x99,0x99,0x99,0x99,0x99,0xA0,0x00,0x00,0x04,0x69,0x99,0x96,0x00,0x00,
	0x89,0x99,0x99,0x96,0x00,0x04,0x99,0x96,0x00,0x00,0x69,0x99,0x99,0x00,0x00,0x06,0x99,0x99,0x96,0x00,0x00,0x99,0x99,0x99,
	0x60,0x08,0x99,0x99,0x99,0x99,0x00,0x00,0x89,0x99,0x99,0x90,0x00,0x99,0x96,0x90,0x00,0x99,0x99,0x99,0x99,0x96,0x00,0x00,
	0x00,0xCA,0x99,0x99,0x99,0x99,0x99,0x99,0x99,0x99,0x00,0x00,0x00,0x00,0x00,0x00,0x00,0x00,0x00,0x00,0x00,0x86,0x96,0x99,
	0x99,0x99,0x99,0x99,0x66,0x96,0x96,0x99,0x99,0x9A,0x69,0x96,0x99,0x99,0x66,0x66,0x99,0x93,0x39,0x99,0x99,0x99,0x93,0x99,
	0x99,0x99,0x96,0x66,0x69,0x99,0x99,0x00,0x00,0xA9,0x99,0x99,0x99,0x99,0x99,0x00,0x00,0x69,0x99,0x96,0x99,0x99,0x96,0x66,
	0x66,0x69,0x99,0x96,0x99,0x96,0x99,0x00,0x06,0x66,0x69,0x66,0x66,0x99,0x99,0x99,0x99,0x99,0x99,0x99,0x99,0x99,0x99,0x99,
	0x99,0x99,0x99,0x99,0x99,0x99,0x96,0x00,0x00,0x00,0x00,0xFF,0x66,0x66,0x66,0x68,0x00,0x00,0x00,0x00,0x00,0x00,0x00,0x00,
	0x00,0x00,0x00,0x00,0x00,0x00,0x00,0x00,0x00,0x66,0x66,0x66,0x66,0x96,0x66,0x96,0x66,0x66,0x66,0x96,0x99,0x69,0x66,0x99,
	0x99,0x99,0x69,0x99,0x99,0x99,0x08,0x00,0x00,0x00,0x00,0x00,0x00,0x48,0xAA,0x00,0x00,0x00,0x00,0x00,0x00,0x00,0x80,0x08,
	0x00,0x00,0x0A,0x0A,0x88,0x6A,0x00,0x00,0x00,0xA0,0x80,0x00,0x40,0x00,0xAA,0x00,0x00,0x00,0x00,0x08,0x00,0x00,0x00,0x00,
	0x00,0x08,0x00,0x00,0x00,0x00,0x00,0x80,0x00,0xA0,0x08,0x08,0x00,0xA8,0x88,0xA0,0x0A,0x0A,0x80,0x00,0x00,0x8A,0xAA,0x00,
	0x00,0x0A,0x0A,0x80,0x80,0x00,0x00,0x88,0x0A,0x0A,0x08,0x08,0x8A,0x80,0x88,0x80,0xA8,0x8A,0x08,0x80,0x00,0xFF,0xA8,0x08,
	0x00,0x8A,0xA8,0x88,0x46,0x04,0x8A,0xAA,0xAA,0xA0,0x06,0x08,0x0A,0xA0,0xAA,0x8A,0xA0,0xA8,0xA6,0xA6,0x64,0xAA,0xA6,0x46,
	0x69,0x69,0x96,0x66,0x66,0x00,0x00,0x96,0x96,0x66,0x66,0x99,0x99,0x66,0x90,0x00,0x06,0x69,0x66,0x66,0x66,0x96,0x69,0x99,
	0x99,0x96,0x00,0x06,0x99,0x99,0x99,0x99,0x99,0x99,0x93,0x99,0x99,0x99,0x99,0x99,0x99,0x99,0x99,0x99,0x90,0x00,0x00,0x86,
	0x99,0x99,0x96,0x69,0x90,0x00,0x00,0x99,0x99,0x90,0x00,0xA9,0x99,0x99,0x90,0x00,0x09,0x99,0x99,0x00,0x00,0x04,0x99,0x99,
	0x99,0x00,0x00,0x99,0x99,0x99,0x00,0x06,0x99,0x99,0x99,0x99,0x90,0x00,0x00,0x99,0x99,0x30,0x00,0x99,0x99,0x00,0x00,0x99,
	0x99,0x96,0x99,0x99,0x00,0x00,0x00,0xCA,0x69,0x99,0x99,0x99,0x99,0x99,0x99,0x99,0xA0,0x00,0x00,0x00,0x00,0x00,0x00,0x00,
	0x00,0x00,0x00,0x06,0x99,0x99,0x96,0x66,0x66,0x66,0x66,0x96,0x99,0x99,0x99,0x90,0x99,0x99,0x99,0x99,0x96,0x66,0x69,0x99,
	0x39,0x99,0x39,0x99,0x99,0x39,0x33,0x99,0x99,0x99,0x66,0x66,0x90,0x00,0x08,0x66,0x99,0x99,0x99,0x99,0x99,0x00,0x00,0x09,
	0x99,0x99,0x99,0x80,0x96,0x66,0x99,0x99,0x99,0x99,0x99,0x99,0x99,0xA0,0x00,0x66,0x66,0x66,0x66,0x99,0x99,0x96,0x69,0x99,
	0x99,0x99,0x99,0x99,0x99,0x99,0x99,0x99,0x99,0x99,0x99,0x99,0x96,0x00,0x00,0x00,0x00,0xFF,0x66,0x66,0x66,0x64,0x00,0x00,
	0x00,0x00,0x00,0x00,0x00,0x00,0x00,0x00,0x00,0x00,0x00,0x00,0x00,0x00,0x00,0x06,0x66,0x66,0x66,0x66,0x69,0x99,0x69,0x69,
	0x99,0x69,0x96,0x99,0x96,0x96,0x99,0x99,0x99,0x99,0x99,0x99,0xA0,0x00,0x00,0x00,0x00,0x00,0x00,0xA0,0x80,0x00,0x00,0x00,
	0x00,0x00,0x00,0x00,0x00,0x00,0x00,0x00,0x0A,0x00,0x00,0x8A,0x08,0x88,0x00,0xA0,0x8A,0x00,0x08,0x00,0x00,0x00,0x00,0x00,
	0x00,0x00,0x80,0x00,0x00,0x80,0x00,0x08,0x00,0x00,0x80,0x08,0x0A,0x0A,0x08,0x00,0x08,0x0A,0x80,0x08,0xA0,0x80,0x80,0x08,
	0x8A,0x00,0x08,0xA0,0x88,0x00,0x00,0x0A,0xA0,0x48,0x0A,0x88,0x0A,0xAA,0x00,0x88,0x00,0x0A,0x08,0x00,0x00,0x88,0x80,0x48,
	0x4A,0x80,0x00,0xFF,0x0A,0x08,0xA8,0x88,0x88,0xAA,0xAA,0x40,0x4A,0x4A,0xAA,0xAA,0x88,0x08,0xAA,0x84,0xA8,0x4A,0xA8,0xAA,
	0xAA,0x4A,0xA4,0xA8,0x66,0x66,0xAA,0x6A,0x66,0x66,0x66,0x00,0x00,0xA9,0x69,0x96,0x96,0x66,0x69,0x99,0x90,0x00,0x06,0x96,
	0x66,0x69,0x99,0x96,0x66,0x99,0x69,0x98,0x00,0x06,0x99,0x99,0x99,0x99,0x69,0x99,0x99,0x39,0x99,0x99,0x99,0x99,0x99,0x99,
	0x99,0x99,0x00,0x00,0x06,0x99,0x96,0x99,0x99,0x99,0x99,0xA0,0x00,0x49,0x99,0x60,0x00,0x99,0x99,0x99,0x99,0x00,0x00,0x99,
	0x99,0x00,0x00,0x0A,0x99,0x99,0x39,0xA0,0x00,0x99,0x99,0x99,0x00,0x09,0x99,0x99,0x99,0x99,0x99,0x80,0x00,0x86,0x96,0x90,
	0x00,0x99,0x9A,0x00,0x06,0x99,0x99,0x99,0x99,0x99,0x80,0x00,0x00,0xCA,0x89,0x99,0x99,0x99,0x99,0x99,0x99,0x99,0x90,0x00,
	0x00,0x00,0x00,0x00,0x00,0x00,0x00,0x00,0x00,0x06,0x66,0x99,0x40,0x00,0x00,0x00,0x00,0x00,0x00,0x00,0x00,0x00,0x66,0x66,
	0x69,0x99,0x96,0x66,0x69,0x69,0x99,0x99,0x99,0x99,0x99,0x99,0x99,0x96,0x33,0x96,0x69,0x69,0xA0,0x00,0x06,0x66,0x66,0x69,
	0x99,0x99,0x99,0x00,0x00,0x00,0x99,0x99,0x90,0x00,0xA9,0x99,0x99,0x99,0x99,0x99,0x99,0x99,0x99,0x60,0x00,0x09,0x99,0x99,
	0x99,0x96,0x99,0x99,0x99,0x99,0x99,0x99,0x99,0x99,0x99,0x99,0x99,0x99,0x99,0x99,0x99,0x99,0x96,0x00,0x00,0x00,0x00,0xFF,
	0x66,0x66,0x66,0x96,0x40,0x00,0x00,0x00,0x00,0x00,0x00,0x00,0x00,0x00,0x00,0x00,0x80,0x00,0x00,0x00,0x00,0x00,0x66,0x66,
	0x69,0x96,0x96,0x69,0x99,0x69,0x66,0x99,0x99,0x69,0x99,0x66,0x99,0x99,0x99,0x99,0x99,0x99,0x60,0x00,0x00,0x00,0x00,0x00,
	0x00,0x88,0x80,0x00,0x00,0x00,0x00,0x08,0x00,0x00,0x00,0x00,0x00,0x00,0x0A,0x00,0x00,0x8A,0xAA,0x08,0xA8,0x0A,0x8A,0x08,
	0x80,0xA0,0x00,0x00,0x40,0x00,0x00,0x00,0x80,0x00,0x00,0x00,0x00,0x08,0x00,0x00,0x00,0x00,0x00,0x08,0x08,0x80,0x80,0x88,
	0x00,0x8A,0x80,0x80,0x00,0x88,0x88,0xAA,0x08,0x08,0x08,0x80,0x80,0x08,0x00,0x88,0xA8,0x80,0xAA,0x00,0x08,0x8A,0xAA,0xA0,
	0x8A,0x0A,0x08,0x84,0xAA,0xA4,0xA0,0x00,0x00,0xFF,0x46,0xA8,0x80,0xAA,0x04,0xA8,0x6A,0xA4,0xA6,0xAA,0x8A,0x6A,0x04,0x8A,
	0x68,0xAA,0xAA,0x4A,0xAA,0x4A,0xA8,0x4A,0x44,0xA6,0x46,0xA6,0x66,0x46,0x69,0x66,0x66,0x40,0x00,0x06,0x99,0x96,0x66,0x96,
	0x99,0x96,0x80,0x00,0x06,0x66,0x69,0x66,0x66,0x69,0x99,0x99,0x99,0x60,0x00,0x09,0x99,0x99,0x99,0x99,0x99,0x99,0x99,0x99,
	0x99,0x99,0x99,0x99,0x99,0x99,0x99,0xA0,0x00,0x09,0x99,0x99,0x39,0x99,0x99,0x39,0x99,0x94,0x00,0x00,0x99,0x00,0x04,0x99,
	0x99,0x99,0x99,0x90,0x00,0x09,0x99,0x00,0x00,0x06,0x99,0x99,0x99,0x90,0x00,0xA9,0x99,0x94,0x00,0xA9,0x99,0x99,0x99,0x99,
	0x99,0x96,0x00,0x00,0x99,0x90,0x00,0x99,0xA0,0x00,0x99,0x99,0x99,0x99,0x99,0x99,0x90,0x00,0x00,0xCA,0x09,0x99,0x99,0x99,
	0x99,0x99,0x99,0x99,0x99,0x40,0x00,0x00,0x00,0x00,0x00,0x00,0x00,0x00,0x00,0x04,0x66,0x66,0x99,0x99,0x99,0x99,0x99,0x96,
	0x96,0x96,0x66,0x0A,0xAA,0xAA,0x00,0x00,0x00,0x00,0x00,0x00,0x00,0x99,0x99,0x99,0x99,0x99,0x99,0x39,0x93,0x33,0x99,0x99,
	0x00,0x00,0xA9,0x99,0x99,0x99,0x99,0x99,0x99,0x80,0x00,0x00,0x49,0x90,0x00,0x00,0x99,0x99,0x99,0x99,0x99,0x99,0x99,0x99,
	0x99,0x99,0xA0,0x00,0x99,0x99,0x99,0x99,0x99,0x99,0x99,0x99,0x99,0x99,0x99,0x99,0x99,0x99,0x99,0x99,0x99,0x99,0x99,0x99,
	0x96,0x00,0x00,0x00,0x00,0xFF,0x96,0x66,0x66,0x66,0x60,0x00,0x00,0x00,0x00,0x00,0x00,0x00,0x00,0x00,0x00,0x00,0xA0,0x00,
	0x00,0x00,0x00,0x00,0xA6,0x66,0x69,0x66,0x99,0x69,0x69,0x66,0x96,0x69,0x96,0x99,0x99,0x99,0x69,0x99,0x99,0x99,0x99,0x96,
	0xA0,0x00,0x00,0x00,0x00,0x00,0x08,0xAA,0x80,0x00,0x00,0x00,0x00,0x08,0x00,0x08,0x08,0x00,0x00,0x00,0x00,0x00,0x00,0x00,
	0x0A,0x80,0xAA,0x04,0x0A,0x80,0x00,0xA0,0x80,0x00,0x0A,0x00,0x00,0x0A,0x00,0x00,0x08,0x00,0x00,0x00,0x00,0x00,0x08,0x80,
	0xA0,0x00,0x80,0x04,0x88,0x00,0xA8,0xA0,0xA0,0x08,0xA0,0xA0,0x8A,0x80,0xAA,0x88,0x80,0x00,0x88,0x0A,0x08,0x08,0xAA,0x08,
	0x08,0x88,0x88,0xA0,0x08,0x00,0x00,0x48,0xA4,0x08,0x08,0xA8,0x88,0x00,0x00,0xFF,0x84,0x80,0x04,0x00,0x0A,0x4A,0xA8,0xA4,
	0xAA,0x46,0xAA,0xA0,0x64,0xA6,0xA8,0xA6,0x6A,0xAA,0xAA,0x40,0x44,0x4A,0xA6,0xA4,0x6A,0x66,0x96,0x66,0x66,0x66,0x69,0x90,
	0x00,0x04,0x69,0x66,0x66,0x66,0x99,0x66,0x00,0x00,0x06,0x99,0x66,0x69,0x99,0x99,0x96,0x99,0x96,0x00,0x00,0x69,0x99,0x99,
	0x99,0x99,0x69,0x69,0x99,0x99,0x99,0x99,0x99,0x99,0x99,0x99,0x96,0x00,0x00,0x99,0x99,0x99,0x99,0x39,0x99,0x33,0x33,0x99,
	0x40,0x00,0x99,0x00,0x09,0x99,0x99,0x99,0x99,0x99,0x00,0x09,0x99,0x00,0x00,0x06,0x99,0x99,0x99,0x90,0x00,0x09,0x99,0x98,
	0x00,0x69,0x99,0x99,0x99,0x99,0x99,0x69,0x60,0x00,0x09,0x90,0x00,0x99,0x00,0x04,0x99,0x99,0x99,0x99,0x99,0x99,0x90,0x00,
	0x00,0xCA,0x06,0x99,0x99,0x99,0x99,0x99,0x99,0x99,0x99,0x99,0x99,0x00,0x00,0x00,0x00,0x00,0x00,0x00,0x00,0x04,0x99,0x99,
	0x69,0x99,0x99,0x99,0x99,0x99,0x99,0x99,0x96,0x09,0x99,0x96,0x69,0x99,0x99,0x99,0x66,0x69,0x80,0x99,0x99,0x99,0x99,0x99,
	0x99,0x99,0x99,0x33,0x39,0x9A,0x00,0x00,0x99,0x99,0x99,0x99,0x99,0x99,0x99,0x90,0x00,0x00,0x0A,0x00,0x00,0x69,0x99,0x99,
	0x99,0x99,0x99,0x99,0x99,0x99,0x99,0x99,0x90,0x00,0x69,0x99,0x99,0x99,0x99,0x99,0x99,0x99,0x99,0x99,0x99,0x99,0x99,0x99,
	0x99,0x99,0x99,0x99,0x99,0x99,0x96,0x00,0x00,0x00,0x00,0xFF,0x66,0x66,0x66,0x96,0x90,0x80,0x00,0x00,0x00,0x00,0x00,0x00,
	0x00,0x00,0x00,0x04,0x60,0x00,0x00,0x00,0x00,0x00,0x0A,0x66,0x66,0x69,0x96,0x69,0x69,0x99,0x96,0x69,0x96,0x69,0x96,0x99,
	0x99,0x99,0x99,0x99,0x99,0x99,0x80,0x00,0x00,0x00,0x00,0x88,0x80,0x8A,0x88,0x00,0x00,0x00,0x00,0x00,0x00,0x00,0x00,0x00,
	0x00,0x00,0x00,0x00,0x00,0x00,0x00,0x8A,0x88,0x08,0x80,0x0A,0x00,0x00,0x00,0x0A,0x80,0x00,0x00,0x08,0x00,0x08,0x00,0xAA,
	0x00,0x00,0x00,0x00,0x08,0x00,0x88,0xA8,0x80,0x00,0x88,0x80,0x8A,0x00,0x88,0xAA,0x0A,0xA0,0xA0,0x08,0x88,0x08,0x80,0x8A,
	0x00,0x00,0x80,0x00,0x00,0x08,0x00,0x80,0x00,0x08,0x08,0x80,0x8A,0x88,0xAA,0x88,0xAA,0x88,0x8A,0x80,0x00,0xFF,0xA8,0x04,
	0x00,0xA4,0xA0,0x00,0xA8,0xAA,0x4A,0xA4,0x44,0x84,0x88,0xA8,0x80,0x44,0x04,0x6A,0x40,0x4A,0x84,0x4A,0x44,0xAA,0xA6,0x66,
	0x66,0x66,0x66,0x66,0x66,0x60,0x00,0x00,0x99,0x69,0x66,0x66,0x96,0x66,0x00,0x00,0x09,0x99,0x66,0x69,0x96,0x99,0x96,0x66,
	0x90,0x00,0x00,0x99,0x99,0x99,0x99,0x99,0x99,0x69,0x99,0x99,0x99,0x99,0x99,0x99,0x99,0x99,0x40,0x00,0xA9,0x99,0x99,0x99,
	0x99,0x99,0x99,0x99,0x99,0x99,0x98,0x00,0xA4,0x00,0x89,0x99,0x99,0x99,0x99,0x99,0x00,0x00,0x99,0x80,0x00,0x09,0x99,0x99,
	0x99,0x9A,0x00,0x06,0x99,0x90,0x00,0x69,0x99,0x98,0x00,0x06,0x99,0x93,0x96,0x00,0x08,0x90,0x00,0x90,0x00,0x09,0x99,0x99,
	0x99,0x99,0x99,0x99,0x9A,0x00,0x00,0xCA,0x0A,0x99,0x99,0x99,0x99,0x99,0x99,0x99,0x99,0x99,0x99,0x80,0x00,0x00,0x00,0x00,
	0x00,0x00,0x00,0x06,0x96,0x69,0x69,0x96,0x99,0x99,0x99,0x99,0x69,0x99,0x9A,0x09,0x96,0x99,0x96,0x99,0x99,0x96,0x66,0x69,
	0x06,0x99,0x99,0x99,0x99,0x99,0x99,0x99,0x69,0x33,0x39,0x90,0x00,0x06,0x99,0x99,0x99,0x99,0x99,0x99,0x99,0x99,0xA0,0x00,
	0x00,0x00,0x09,0x99,0x99,0x99,0x99,0x99,0x99,0x99,0x99,0x99,0x99,0x99,0x96,0x00,0x06,0x99,0x99,0x99,0x99,0x99,0x99,0x99,
	0x99,0x99,0x99,0x99,0x99,0x99,0x99,0x99,0x99,0x99,0x99,0x99,0x96,0x00,0x00,0x00,0x00,0xFF,0x66,0x99,0x96,0x96,0x66,0x00,
	0x00,0x00,0x00,0x00,0x80,0x80,0x00,0xA6,0x66,0x66,0x60,0x00,0x00,0x00,0x00,0x00,0x00,0x04,0x99,0x99,0x66,0x66,0x99,0x99,
	0x99,0x99,0x99,0x69,0x99,0x99,0x69,0x99,0x99,0x99,0x99,0x96,0x00,0x00,0x00,0x00,0x08,0x00,0x00,0xA0,0x8A,0x00,0x00,0x00,
	0x00,0x80,0x00,0x00,0x00,0x00,0x40,0x00,0x00,0x00,0x00,0x00,0x00,0x00,0x40,0x4A,0x00,0x06,0x0A,0x08,0x00,0x00,0x00,0x00,
	0x00,0x80,0x80,0x08,0x00,0x00,0x00,0x80,0x00,0x80,0x00,0x00,0x80,0x00,0xA0,0xA8,0xA0,0x88,0x00,0x0A,0x80,0xA8,0x00,0x08,
	0xA0,0x08,0x00,0x84,0x08,0x00,0x0A,0x08,0xA8,0x80,0x48,0x00,0xA8,0xA8,0x80,0xA0,0xA8,0x08,0x80,0xA8,0x8A,0x06,0x4A,0x04,
	0xAA,0xA0,0x00,0xFF,0x00,0x00,0x8A,0x60,0xA8,0xAA,0xA0,0xA8,0xAA,0xA8,0xAA,0xA0,0x08,0x48,0x4A,0xA8,0xA8,0x64,0xAA,0xAA,
	0x8A,0x46,0xA6,0x6A,0x64,0x46,0x66,0x66,0x66,0x66,0x66,0x90,0x00,0x00,0x86,0x66,0x66,0x96,0x96,0x98,0x00,0x00,0x09,0x99,
	0x99,0x99,0x99,0x69,0x66,0x66,0x00,0x00,0x09,0x99,0x99,0x99,0x96,0x99,0x99,0x69,0x99,0x99,0x99,0x99,0x99,0x99,0x99,0x94,
	0x00,0x0A,0x99,0x99,0x99,0x99,0x99,0x93,0x99,0x99,0x99,0x99,0x99,0x00,0x00,0x00,0xA9,0x99,0x99,0x99,0x99,0x99,0x90,0x00,
	0x09,0xA0,0x00,0x09,0x99,0x99,0x99,0x99,0x00,0x04,0x99,0x9A,0x00,0x69,0x99,0x60,0x00,0x00,0x0A,0x66,0x39,0x60,0x00,0x00,
	0x00,0x00,0x00,0x99,0x99,0x99,0x99,0x99,0x99,0x99,0x96,0x00,0x00,0xCA,0x00,0x99,0x99,0x99,0x99,0x99,0x99,0x99,0x99,0x99,
	0x99,0x40,0x00,0x00,0x00,0x00,0x00,0x00,0x00,0x09,0x96,0x66,0x96,0x66,0x99,0x69,0x96,0x99,0x99,0x99,0x90,0x66,0x96,0x69,
	0x99,0x99,0x99,0x99,0x96,0x66,0x89,0x99,0x99,0x99,0x99,0x99,0x99,0x99,0x66,0x93,0x39,0x60,0x00,0x49,0x99,0x99,0x99,0x99,
	0x99,0x99,0x99,0x99,0x9A,0x00,0x00,0x00,0x99,0x99,0x99,0x99,0x99,0x99,0x99,0x99,0x99,0x99,0x99,0x99,0x99,0x60,0x00,0x49,
	0x99,0x99,0x99,0x99,0x99,0x99,0x99,0x99,0x99,0x99,0x99,0x99,0x99,0x99,0x99,0x99,0x99,0x99,0x96,0x00,0x00,0x00,0x00,0xFF,
	0x66,0x66,0x66,0x66,0x64,0x40,0x00,0x00,0x00,0x08,0xA6,0x66,0x66,0x69,0x69,0x96,0x60,0x80,0x00,0x00,0x00,0x00,0x00,0x00,
	0xA9,0x69,0x69,0x96,0x66,0x96,0x99,0x99,0x99,0x69,0x99,0x69,0x99,0x99,0x99,0x99,0x99,0x9A,0x00,0x00,0x00,0x00,0x00,0x48,
	0x0A,0xAA,0x4A,0xA0,0x00,0x00,0x88,0xA6,0x66,0x66,0x6A,0xA0,0x08,0x00,0x00,0x00,0x00,0x00,0x00,0x00,0x0A,0xA6,0x04,0x04,
	0x00,0x80,0xA0,0x00,0x00,0x88,0x00,0x80,0x80,0x00,0x00,0x00,0x08,0x00,0x00,0x00,0x00,0x80,0x0A,0x80,0x00,0x00,0x00,0x00,
	0x80,0x80,0x00,0xA8,0xA0,0x04,0x88,0xAA,0x8A,0xA0,0xA0,0x0A,0xA0,0x80,0x08,0x08,0x08,0x08,0x08,0x08,0x00,0xAA,0x80,0xA8,
	0xA0,0xA0,0x8A,0x88,0x8A,0x04,0xAA,0x80,0x00,0xFF,0x88,0x80,0xA8,0x46,0x46,0xAA,0xAA,0xAA,0xA6,0x88,0x8A,0x80,0xA0,0x00,
	0xA0,0x88,0xAA,0xAA,0x44,0x44,0xA4,0xAA,0x44,0x46,0x66,0x66,0xA4,0x69,0x66,0x66,0x66,0x60,0x00,0x00,0x06,0x99,0x66,0x66,
	0x66,0x60,0x00,0x00,0x06,0x99,0x99,0x99,0x66,0x66,0x66,0x60,0x00,0x00,0x69,0x99,0x99,0x99,0x99,0x99,0x99,0x66,0x69,0x99,
	0x99,0x99,0x99,0x99,0x99,0x90,0x00,0xA9,0x99,0x99,0x99,0x99,0x99,0x99,0x99,0x99,0x99,0x99,0x99,0x40,0x00,0x00,0x99,0x99,
	0x99,0x99,0x99,0x99,0x99,0x00,0x06,0x60,0x00,0x09,0x99,0x99,0x99,0x99,0x00,0x00,0x99,0x9A,0x00,0x69,0x99,0xA0,0x00,0x00,
	0x00,0x00,0x49,0x94,0x00,0x00,0x00,0x00,0x09,0x99,0x99,0x99,0x99,0x99,0x99,0x99,0x99,0x00,0x00,0xCA,0x00,0x69,0x99,0x99,
	0x99,0x99,0x99,0x99,0x99,0x99,0x99,0x60,0x00,0x00,0x00,0x00,0x00,0x00,0x00,0xA9,0x99,0x96,0x69,0x99,0x99,0x99,0x99,0x99,
	0x99,0x69,0x90,0x69,0x99,0x69,0x66,0x99,0x99,0x99,0x99,0x90,0x99,0x99,0x99,0x99,0x99,0x99,0x99,0x99,0x96,0x93,0x39,0x00,
	0x00,0x99,0x99,0x99,0x99,0x99,0x99,0x99,0x99,0x99,0x40,0x00,0x00,0x00,0x09,0x99,0x99,0x99,0x99,0x99,0x99,0x99,0x99,0x99,
	0x99,0x99,0x99,0x94,0x00,0x06,0x99,0x99,0x99,0x66,0x99,0x99,0x99,0x99,0x99,0x99,0x99,0x99,0x99,0x99,0x99,0x99,0x99,0x99,
	0x96,0x00,0x00,0x00,0x00,0xFF,0x66,0x66,0x66,0x66,0xA0,0xA0,0x00,0x00,0x00,0x08,0x00,0x86,0x66,0x99,0x66,0x99,0x60,0x00,
	0x00,0x00,0x00,0x00,0x00,0x00,0x00,0x89,0x99,0x99,0x66,0x66,0x66,0x96,0x69,0x69,0x99,0x99,0x99,0x99,0x99,0x99,0x99,0x40,
	0x00,0x00,0x00,0x00,0x00,0xA8,0x8A,0xAA,0x8A,0x80,0x88,0x66,0x99,0x66,0x69,0x99,0x99,0x96,0x99,0x66,0xA8,0x00,0x00,0x00,
	0x00,0x00,0x00,0x00,0x88,0xAA,0x80,0xA0,0x80,0x00,0x00,0x0A,0x08,0x80,0x00,0x08,0x00,0x00,0x00,0x00,0x00,0x00,0x00,0x00,
	0x00,0x00,0x08,0x08,0x00,0x00,0x8A,0x08,0x88,0x00,0x80,0xA8,0x0A,0x0A,0x00,0x0A,0x0A,0x8A,0x80,0x0A,0xA8,0x4A,0x04,0x88,
	0xA0,0x80,0xAA,0x0A,0x88,0x08,0x08,0x04,0xA8,0x68,0x88,0x8A,0x00,0x60,0x00,0xFF,0x8A,0xAA,0xAA,0x48,0xAA,0x8A,0x0A,0xAA,
	0xA0,0xA4,0xA8,0xAA,0x88,0xAA,0x8A,0x46,0x0A,0x4A,0x8A,0xA0,0xA4,0x48,0x48,0x66,0x66,0x44,0x66,0x66,0x46,0x66,0x66,0x6A,
	0x00,0x00,0x08,0x96,0x69,0x66,0x96,0x60,0x00,0x00,0x09,0x69,0x99,0x96,0x99,0x69,0x96,0x00,0x00,0x04,0x99,0x99,0x99,0x99,
	0x99,0x99,0x99,0x66,0x99,0x99,0x99,0x99,0x99,0x99,0x99,0x00,0x00,0x99,0x99,0x99,0x99,0x99,0x99,0x99,0x99,0x99,0x99,0x99,
	0x99,0x90,0x00,0x00,0x99,0x99,0x99,0x99,0x99,0x99,0x99,0x60,0x00,0x90,0x00,0x09,0x99,0x99,0x99,0x99,0x60,0x00,0x99,0x9A,
	0x00,0x49,0x99,0x60,0x00,0x00,0x00,0x00,0x00,0x00,0x00,0x00,0x00,0x00,0xAA,0x66,0x66,0x99,0x99,0x99,0x99,0x99,0x99,0x60,
	0x00,0xCA,0x00,0xA9,0x99,0x99,0x99,0x99,0x99,0x99,0x99,0x99,0x99,0x96,0x00,0x00,0x00,0x00,0x00,0x00,0x08,0x99,0x96,0x99,
	0x99,0x99,0x69,0x99,0x99,0x99,0x99,0x99,0x06,0x66,0x99,0x99,0x99,0x96,0x99,0x99,0x69,0x60,0x99,0x99,0x99,0x99,0x99,0x99,
	0x99,0x96,0x66,0x69,0x99,0x00,0x09,0x99,0x99,0x99,0x99,0x99,0x99,0x99,0x99,0x00,0x00,0x00,0x08,0x00,0x00,0x86,0x69,0x99,
	0x99,0x99,0x99,0x99,0x99,0x99,0x99,0x99,0x99,0x99,0x80,0x00,0x69,0x99,0x99,0x99,0x99,0x99,0x99,0x99,0x99,0x99,0x99,0x99,
	0x99,0x99,0x99,0x99,0x99,0x99,0x96,0x00,0x00,0x00,0x00,0xFF,0x66,0x69,0x66,0x64,0x08,0xA8,0x00,0x00,0x00,0x00,0x00,0x08,
	0x66,0x66,0x69,0x66,0x40,0x00,0x00,0x00,0x00,0x00,0x00,0x80,0x00,0x00,0xA6,0x96,0x46,0x49,0x66,0x99,0x99,0x66,0x66,0x69,
	0x69,0x99,0x99,0x99,0x98,0x88,0x00,0x00,0x00,0x00,0x00,0x0A,0xA4,0x44,0xAA,0xAA,0x46,0x69,0x99,0x99,0x69,0x99,0x99,0x69,
	0x69,0x66,0x96,0xA0,0x00,0x00,0x00,0x00,0x00,0x0A,0xA4,0x8A,0x0A,0x00,0x00,0x00,0x80,0x08,0x00,0x00,0x80,0x00,0x00,0x00,
	0x00,0x00,0x00,0x00,0x00,0x00,0xA0,0x00,0x00,0x08,0x00,0x00,0x00,0x80,0x88,0x84,0xA0,0x0A,0x40,0x80,0x0A,0x00,0x80,0x00,
	0x80,0x08,0x00,0x08,0x00,0x80,0x0A,0x8A,0x0A,0x8A,0x80,0x4A,0x08,0x0A,0x40,0x08,0xAA,0x4A,0x8A,0xA0,0x00,0xFF,0x8A,0x8A,
	0xA8,0x80,0xAA,0x86,0x80,0xA4,0x4A,0x88,0x8A,0x80,0x04,0x84,0x44,0x4A,0xA6,0x0A,0xAA,0x08,0x88,0x8A,0x6A,0x6A,0x6A,0x66,
	0x66,0x6A,0x96,0x66,0x66,0x96,0x00,0x00,0x00,0x66,0x96,0x66,0x69,0x60,0x00,0x00,0x89,0x99,0x99,0x66,0x99,0x99,0x40,0x00,
	0x00,0x09,0x99,0x99,0x99,0x99,0x99,0x99,0x99,0x99,0x99,0x99,0x99,0x99,0x99,0x99,0x9A,0x00,0x09,0x99,0x99,0x99,0x99,0x99,
	0x99,0x99,0x99,0x99,0x99,0x99,0x99,0x96,0x00,0x00,0x99,0x99,0x99,0x99,0x99,0x99,0x99,0x90,0x00,0x60,0x00,0x09,0x99,0x99,
	0x99,0x99,0x90,0x00,0x99,0x96,0x00,0x89,0x99,0x90,0x00,0x00,0x00,0x00,0x00,0x00,0x00,0x00,0x00,0x00,0x00,0x00,0x00,0x69,
	0x99,0x99,0x99,0x99,0x99,0x60,0x00,0xCA,0x00,0x09,0x99,0x99,0x99,0x99,0x99,0x99,0x99,0x99,0x99,0x99,0x00,0x00,0x00,0x00,
	0x00,0x00,0x06,0x66,0x96,0x99,0x99,0x69,0x96,0x99,0x99,0x99,0x99,0x99,0x09,0x96,0x99,0x99,0x99,0x96,0x99,0x96,0x66,0x80,
	0x99,0x99,0x99,0x99,0x99,0x99,0x99,0x99,0x96,0x69,0x9A,0x00,0xA9,0x99,0x99,0x99,0x99,0x99,0x99,0x99,0x99,0x00,0x00,0x00,
	0x89,0x90,0x00,0x00,0x69,0x99,0x99,0x99,0x99,0x99,0x99,0x99,0x99,0x99,0x99,0x99,0x90,0x00,0x09,0x99,0x99,0x99,0x99,0x99,
	0x99,0x99,0x99,0x99,0x99,0x99,0x99,0x99,0x99,0x99,0x99,0x99,0x96,0x00,0x00,0x00,0x00,0xFF,0x99,0x66,0x66,0xA0,0x00,0x80,
	0x00,0x00,0x00,0x00,0x00,0x00,0x86,0x66,0x69,0x69,0x40,0x00,0x00,0x00,0x00,0x00,0x00,0x00,0x08,0xA0,0x08,0x46,0xAA,0x46,
	0x96,0x66,0x96,0x99,0x99,0x96,0x99,0x69,0x99,0x69,0xA0,0x00,0x00,0x00,0x00,0x00,0x00,0x04,0x66,0x66,0x46,0xA6,0x66,0x69,
	0x99,0x99,0x99,0x99,0x99,0x99,0x99,0x96,0x66,0x64,0x88,0x00,0x00,0x00,0x00,0x00,0x08,0x08,0x0A,0x00,0x08,0x08,0x00,0x00,
	0x80,0x00,0x00,0x00,0x00,0x80,0x00,0x80,0x00,0x00,0x00,0x00,0x00,0xA0,0x08,0x00,0x88,0x08,0x08,0xA0,0xA0,0x04,0xA0,0x08,
	0x00,0x88,0xAA,0x88,0x80,0x08,0x0A,0x00,0x04,0x0A,0x00,0x00,0x80,0xA8,0x00,0x80,0x08,0xA8,0x08,0x80,0xAA,0x04,0x48,0x0A,
	0xA0,0xA0,0x00,0xFF,0x88,0x4A,0x80,0x88,0x6A,0x44,0x48,0x86,0x0A,0x8A,0x4A,0x48,0xA4,0x4A,0xAA,0x80,0xAA,0x8A,0xAA,0x46,
	0x04,0x44,0x64,0x66,0x46,0x66,0x44,0x66,0x66,0x66,0x66,0x66,0x00,0x00,0x00,0xA9,0x66,0x66,0x66,0xA0,0x00,0x00,0xA9,0x99,
	0x96,0x69,0x66,0x66,0x00,0x00,0x00,0xA6,0x99,0x99,0x69,0x99,0x93,0x33,0x33,0x99,0x99,0x99,0x99,0x99,0x99,0x99,0x60,0x00,
	0x99,0x99,0x99,0x99,0x99,0x99,0x99,0x99,0x99,0x99,0x99,0x99,0x99,0x99,0x00,0x00,0x99,0x99,0x99,0x99,0x99,0x99,0x99,0x96,
	0x00,0x8A,0x00,0x09,0x99,0x99,0x99,0x99,0x90,0x00,0x69,0x96,0x00,0x09,0x99,0x99,0x00,0x00,0x00,0x00,0x00,0x00,0x00,0x00,
	0x00,0x00,0x00,0x00,0x00,0x09,0x99,0x99,0x99,0x99,0x99,0x90,0x00,0xCA,0x00,0x09,0x99,0x99,0x99,0x99,0x99,0x99,0x99,0x99,
	0x99,0x99,0x9A,0x00,0x00,0x00,0x00,0x00,0x69,0x66,0x69,0x99,0x96,0x96,0x99,0x99,0x69,0x96,0x99,0x94,0x06,0x96,0x99,0x69,
	0x99,0x96,0x66,0x99,0x99,0x06,0x99,0x99,0x99,0x99,0x99,0x99,0x99,0x99,0x39,0x63,0x90,0x00,0x69,0x99,0x99,0x99,0x99,0x99,
	0x99,0x99,0x9A,0x00,0x00,0x00,0x99,0x99,0x90,0x00,0x0A,0x99,0x99,0x99,0x99,0x99,0x99,0x99,0x99,0x99,0x99,0x99,0x99,0x00,
	0x09,0x99,0x99,0x69,0x99,0x99,0x99,0x99,0x99,0x99,0x99,0x99,0x99,0x99,0x99,0x99,0x99,0x99,0x96,0x00,0x00,0x00,0x00,0xFF,
	0x66,0x99,0x66,0xA8,0x40,0x00,0x00,0x00,0x00,0x00,0x00,0x00,0x00,0x08,0x46,0x40,0x00,0x00,0x00,0x00,0x00,0xA0,0x00,0x00,
	0x08,0x00,0xA0,0x00,0x08,0x4A,0x69,0x66,0x66,0x66,0x69,0x99,0x99,0x69,0x99,0x60,0x00,0x00,0x0A,0x00,0x00,0x00,0x00,0x0A,
	0x66,0x96,0x66,0x66,0x99,0x99,0x69,0x99,0x99,0x99,0x99,0x96,0x69,0x99,0x66,0x99,0x94,0x00,0x00,0x00,0x00,0x00,0x04,0x04,
	0xA0,0x08,0xAA,0x80,0x88,0x00,0xA8,0x00,0x08,0x80,0x00,0x00,0x00,0x00,0x00,0x08,0x80,0x00,0x00,0x00,0x0A,0x00,0x08,0x08,
	0x08,0xA8,0xA0,0x08,0x00,0xA4,0xA0,0xA0,0x8A,0xA8,0x40,0x80,0x8A,0xA0,0xA8,0xA0,0x08,0x8A,0x40,0x88,0x00,0x80,0x04,0x08,
	0x80,0x80,0x00,0xAA,0x48,0x48,0x00,0x80,0x00,0xFF,0xA8,0x88,0x04,0xA4,0xA4,0xAA,0xAA,0x8A,0xAA,0x4A,0x84,0xAA,0xAA,0x8A,
	0x44,0xA8,0xA0,0xA4,0x0A,0xA6,0xAA,0xAA,0x44,0x66,0x64,0x66,0x66,0x66,0x66,0x66,0x66,0x66,0x80,0x00,0x00,0x06,0x66,0x66,
	0x66,0x00,0x00,0x00,0x49,0x99,0x69,0x99,0x96,0xA0,0x00,0x00,0x08,0x96,0x69,0x66,0x99,0x99,0x99,0x99,0x93,0x39,0x99,0x99,
	0x99,0x99,0x99,0x99,0x00,0x0A,0x99,0x99,0x99,0x99,0x99,0x99,0x99,0x96,0x93,0x99,0x99,0x99,0x99,0x99,0x80,0x00,0x99,0x99,
	0x99,0x99,0x99,0x99,0x99,0x99,0x00,0x04,0x00,0x09,0x99,0x99,0x99,0x99,0x94,0x00,0xA9,0x99,0x00,0x09,0x99,0x99,0x99,0x99,
	0x66,0x4A,0xAA,0xA4,0x00,0x00,0x00,0x04,0x44,0xA0,0x80,0x69,0x99,0x99,0x99,0x99,0x64,0x90,0x00,0xCA,0x00,0x09,0x99,0x99,
	0x99,0x99,0x99,0x99,0x99,0x96,0x69,0x99,0x99,0x9A,0x00,0x00,0x0A,0x66,0x69,0x99,0x66,0x99,0x66,0x96,0x99,0x99,0x99,0x99,
	0x96,0x60,0x49,0x96,0x99,0x69,0x99,0x96,0x99,0x96,0x66,0x09,0x99,0x99,0x99,0x99,0x99,0x99,0x99,0x99,0x96,0x93,0x00,0x00,
	0x99,0x99,0x99,0x99,0x99,0x99,0x99,0x99,0x96,0x00,0x00,0xA9,0x99,0x39,0x99,0x60,0x00,0x04,0x99,0x99,0x99,0x99,0x99,0x99,
	0x99,0x99,0x99,0x99,0x99,0x60,0x00,0x99,0x99,0x99,0x99,0x99,0x99,0x99,0x99,0x96,0x99,0x99,0x99,0x99,0x99,0x99,0x99,0x99,
	0x96,0x00,0x00,0x00,0x00,0xFF,0x96,0x96,0x6A,0x8A,0x8A,0x08,0x00,0x00,0x00,0x00,0x00,0x00,0x00,0x00,0x00,0x00,0x00,0x00,
	0x00,0x00,0x0A,0x00,0x80,0x00,0x00,0x00,0x00,0x00,0x00,0x08,0xA6,0x66,0x66,0x66,0x99,0x99,0x99,0x99,0x68,0x00,0x00,0x00,
	0x00,0x00,0x00,0x00,0x00,0x00,0x99,0x96,0x99,0x99,0x99,0x99,0x99,0x99,0x99,0x99,0x96,0x66,0x66,0x99,0x96,0x99,0x96,0x6A,
	0x80,0x00,0x00,0x00,0x00,0x48,0xA8,0x88,0x08,0x00,0x00,0xA0,0x80,0x00,0x00,0x00,0x00,0x00,0x00,0x00,0x00,0x00,0x00,0x00,
	0x08,0x00,0xA0,0x88,0x00,0x08,0x00,0x80,0x48,0x00,0x0A,0x08,0x88,0x08,0x88,0x88,0x00,0xA8,0x8A,0x40,0x00,0x8A,0xA0,0x88,
	0xA8,0x40,0x04,0x88,0xA0,0x8A,0x88,0x08,0xA4,0x0A,0x8A,0x40,0x88,0xA0,0x00,0xFF,0xAA,0x88,0x68,0xA8,0x8A,0x8A,0xA8,0xAA,
	0xAA,0x88,0x04,0x48,0x66,0xAA,0xA8,0xA8,0xA4,0x88,0x4A,0xA4,0xA8,0xAA,0x44,0xA6,0x66,0x64,0x66,0x66,0x66,0x66,0x66,0x66,
	0x60,0x00,0x00,0x0A,0x66,0x66,0x66,0x00,0x00,0x00,0x69,0x99,0x99,0x99,0x60,0x00,0x00,0x00,0x09,0x69,0x99,0x99,0x99,0x99,
	0x99,0x99,0x93,0x33,0x99,0x99,0x99,0x99,0x99,0x99,0x00,0x09,0x99,0x99,0x99,0x99,0x99,0x99,0x99,0x99,0x66,0x96,0x99,0x99,
	0x99,0x99,0x60,0x00,0x99,0x99,0x99,0x99,0x99,0x99,0x99,0x99,0x40,0x00,0x00,0x09,0x99,0x99,0x99,0x99,0x99,0x00,0x09,0x99,
	0x80,0x0A,0x99,0x99,0x99,0x99,0x99,0x99,0x69,0x94,0x00,0x00,0x00,0x04,0x99,0x99,0x99,0x99,0x99,0x99,0x99,0x99,0x00,0x00,
	0x00,0xCA,0x00,0x09,0x93,0x99,0x99,0x99,0x99,0x99,0x96,0x00,0x00,0xA9,0x96,0x99,0x99,0x99,0x99,0x96,0x69,0x66,0x99,0x66,
	0x66,0x66,0x66,0x66,0x66,0x66,0x96,0x60,0x66,0x66,0x69,0x99,0x96,0x99,0x99,0x96,0x94,0x09,0x99,0x99,0x99,0x99,0x99,0x99,
	0x99,0x99,0x99,0x66,0x00,0x00,0x99,0x99,0x99,0x99,0x99,0x99,0x99,0x99,0x99,0x00,0x04,0x99,0x99,0x33,0x99,0x99,0x00,0x00,
	0x69,0x99,0x99,0x99,0x99,0x99,0x99,0x99,0x99,0x99,0x99,0x90,0x00,0x09,0x99,0x99,0x99,0x99,0x99,0x99,0x99,0x99,0x99,0x99,
	0x99,0x99,0x99,0x99,0x99,0x99,0x96,0x00,0x00,0x00,0x00,0xFF,0x66,0x96,0x64,0xA0,0x00,0x00,0x00,0x00,0x00,0x00,0x00,0x00,
	0x00,0x00,0x00,0x00,0x00,0x00,0x00,0x00,0x46,0x40,0x00,0x00,0x00,0x00,0x00,0x00,0x00,0x00,0x08,0x4A,0x44,0x66,0x66,0x99,
	0x96,0x66,0x00,0x8A,0x80,0x00,0x00,0x04,0x00,0x80,0x00,0x00,0x89,0x99,0x99,0x99,0x99,0x99,0x99,0x99,0x99,0x99,0x66,0x99,
	0x96,0x66,0x99,0x99,0x93,0x69,0x60,0x00,0x00,0x00,0x80,0xAA,0x00,0xA8,0x8A,0x0A,0x00,0x00,0x80,0x00,0x40,0xA0,0x00,0x00,
	0x08,0x08,0x00,0x00,0x00,0x00,0x00,0x00,0x00,0x0A,0x00,0x0A,0x00,0x80,0x80,0x08,0x80,0xA8,0x0A,0x00,0xA0,0x00,0x06,0xA0,
	0x80,0x88,0x40,0x88,0xA4,0x88,0xAA,0x08,0xA8,0x0A,0xAA,0x4A,0x88,0xA8,0xAA,0x88,0xAA,0x88,0x48,0x40,0x00,0xFF,0x8A,0xAA,
	0x08,0x8A,0xA0,0x48,0xAA,0x68,0xA8,0x0A,0x06,0xA8,0xAA,0x88,0x6A,0x6A,0x84,0xA4,0x08,0xA4,0x64,0xA6,0x46,0x44,0x66,0x66,
	0x66,0x66,0x66,0x66,0x69,0x99,0x60,0x00,0x00,0x00,0x66,0x69,0x94,0x00,0x00,0x00,0x69,0x99,0x99,0x99,0x00,0x00,0x00,0x00,
	0x69,0x99,0x96,0x99,0x99,0x99,0x99,0x96,0x99,0x99,0x99,0x99,0x99,0x99,0x99,0x96,0x00,0x09,0x99,0x99,0x99,0x99,0x99,0x99,
	0x99,0x99,0x96,0x40,0x09,0x99,0x99,0x99,0x40,0x00,0x99,0x99,0x99,0x99,0x99,0x99,0x99,0x93,0x90,0x00,0x00,0x09,0x99,0x99,
	0x99,0x99,0x99,0x00,0x09,0x93,0x60,0x00,0x99,0x99,0x99,0x99,0x99,0x93,0x99,0x80,0x00,0x00,0x00,0x00,0x99,0x99,0x99,0x99,
	0x99,0x99,0x99,0x99,0x00,0x00,0x00,0xCA,0x00,0x06,0x99,0x99,0x99,0x99,0x99,0x99,0x60,0x00,0x00,0x00,0x99,0x96,0x99,0x96,
	0x99,0x99,0x69,0x96,0x40,0x00,0x00,0x00,0x00,0x00,0x00,0x00,0x00,0x00,0x00,0x00,0x00,0x00,0x0A,0x66,0x99,0x96,0x6A,0x09,
	0x99,0x99,0x99,0x99,0x99,0x99,0x99,0x99,0x99,0x90,0x00,0x00,0x99,0x99,0x99,0x99,0x39,0x99,0x99,0x99,0x99,0x99,0x99,0x99,
	0x99,0x93,0x00,0x99,0x9A,0x00,0x99,0x99,0x99,0x99,0x99,0x99,0x99,0x99,0x99,0x99,0x99,0x96,0x00,0x0A,0x99,0x99,0x99,0x99,
	0x99,0x99,0x99,0x99,0x99,0x99,0x99,0x99,0x99,0x99,0x99,0x99,0x96,0x00,0x00,0x00,0x00,0xFF,0x66,0x99,0x64,0x80,0x00,0x00,
	0x00,0x00,0x00,0x00,0x00,0x00,0x00,0x00,0x00,0x00,0x00,0x00,0x00,0x08,0x69,0x94,0x00,0x00,0x00,0x00,0x00,0x00,0x00,0x00,
	0x00,0x00,0x88,0x84,0x66,0x69,0x40,0x00,0x80,0x00,0x00,0x00,0x88,0x49,0x60,0x00,0x00,0x00,0x04,0x99,0x69,0x99,0x99,0x99,
	0x99,0x99,0x99,0x99,0x99,0x99,0x99,0x69,0x66,0x69,0x99,0x99,0x99,0x0A,0x00,0x00,0x0A,0x04,0x80,0x08,0x88,0x0A,0x80,0x08,
	0x00,0xA0,0x00,0x00,0x00,0x00,0xA0,0x08,0x00,0x00,0x00,0x80,0x00,0x0A,0x80,0x08,0x00,0xA8,0x00,0x0A,0xA8,0x80,0x08,0x40,
	0x08,0x88,0xA0,0xAA,0x08,0xA0,0x0A,0x0A,0xAA,0x48,0x80,0x4A,0x8A,0xA6,0x00,0x8A,0xA8,0xAA,0x4A,0xA0,0x0A,0x40,0x8A,0x0A,
	0xA0,0x60,0x00,0xFF,0x8A,0x0A,0x84,0x8A,0x60,0xA8,0xAA,0x88,0xAA,0x08,0xAA,0x8A,0x8A,0x88,0x8A,0xA0,0x48,0x8A,0x8A,0xA8,
	0x6A,0x66,0x4A,0x66,0x66,0x69,0x69,0x96,0x99,0x69,0x96,0x99,0x9A,0x00,0x00,0x0A,0x96,0x66,0x9A,0x00,0x00,0x00,0x66,0x99,
	0x99,0x90,0x00,0x00,0x00,0x08,0x66,0x99,0x99,0x99,0x99,0x93,0x99,0x66,0x66,0x99,0x99,0x99,0x99,0x99,0x99,0x90,0x00,0x69,
	0x99,0x99,0x99,0x99,0x99,0x99,0x39,0x99,0x99,0x00,0x09,0x99,0x99,0x99,0x40,0x00,0x69,0x99,0x99,0x99,0x99,0x99,0x99,0x99,
	0x96,0x00,0x00,0x09,0x99,0x99,0x99,0x99,0x99,0x00,0x06,0x33,0x30,0x00,0x99,0x99,0x99,0x99,0x99,0x99,0x60,0x00,0x00,0x00,
	0x00,0x00,0x06,0x99,0x99,0x99,0x99,0x99,0x99,0x99,0xA0,0x00,0x00,0xCA,0x00,0x04,0x69,0x99,0x99,0x99,0x99,0x99,0x00,0x00,
	0x00,0x00,0x69,0x99,0x99,0x99,0x99,0x99,0x99,0x96,0x60,0xA9,0x99,0x99,0x99,0x99,0x96,0x69,0x99,0x86,0x99,0x99,0x99,0x96,
	0x66,0xA0,0x00,0x04,0x64,0x09,0x99,0x99,0x99,0x99,0x99,0x99,0x99,0x99,0x99,0x00,0x00,0x00,0x39,0x99,0x99,0x99,0x99,0x99,
	0x99,0x99,0x99,0x99,0x99,0x99,0x99,0xA0,0x00,0x49,0x99,0x69,0x99,0x39,0x99,0x99,0x99,0x99,0x93,0x39,0x99,0x99,0x99,0x99,
	0x00,0x00,0x49,0x33,0x99,0x99,0x99,0x99,0x99,0x99,0x99,0x99,0x99,0x99,0x99,0x99,0x99,0x99,0x96,0x00,0x00,0x00,0x00,0xFF,
	0x69,0x66,0x66,0x0A,0x00,0x00,0x00,0x00,0x00,0x00,0x00,0x00,0x00,0x00,0x00,0x00,0x00,0x00,0x00,0x04,0x66,0x66,0x68,0x0A,
	0x80,0x00,0x00,0x00,0x00,0x00,0x00,0x08,0xA0,0x8A,0xA4,0x08,0x00,0x00,0x00,0x00,0x00,0x00,0xA4,0x69,0x90,0x00,0x00,0x00,
	0xA0,0x09,0x99,0x99,0x99,0x99,0x99,0x69,0x99,0x99,0x99,0x69,0x99,0x99,0x99,0x69,0x99,0x69,0x96,0x90,0x00,0x00,0x08,0x86,
	0x46,0x6A,0xA0,0x00,0x04,0x40,0x08,0x80,0x0A,0x00,0x00,0x00,0x80,0x00,0x00,0x00,0x00,0x00,0x00,0x00,0x80,0x00,0x40,0x00,
	0x00,0x48,0x00,0x00,0x04,0x00,0xA8,0xA0,0x00,0x8A,0x88,0x40,0xA0,0xA0,0x88,0x0A,0xA6,0x0A,0x80,0x00,0x8A,0x4A,0x4A,0x00,
	0x88,0xA0,0x48,0x60,0x68,0x08,0xA8,0xA0,0x00,0xFF,0xAA,0x08,0x46,0x0A,0x0A,0xA0,0xA8,0x6A,0xA8,0x0A,0x60,0x44,0xA0,0x44,
	0x84,0x44,0xA4,0x44,0x0A,0xA8,0x4A,0x64,0xA6,0x66,0x96,0x49,0x66,0x69,0x96,0x64,0x69,0x69,0x96,0x00,0x00,0x09,0x96,0x66,
	0x66,0x00,0x00,0x08,0x66,0x99,0x69,0xA0,0x00,0x00,0x00,0x09,0x99,0x99,0x99,0x99,0x99,0x99,0x99,0x99,0x99,0x99,0x99,0x93,
	0x99,0x99,0x99,0x90,0x00,0x99,0x99,0x99,0x99,0x99,0x99,0x99,0x33,0x39,0x99,0x00,0x09,0x99,0x99,0x99,0x60,0x00,0xA3,0x39,
	0x93,0x39,0x99,0x99,0x99,0x99,0x99,0x00,0x00,0x09,0x99,0x99,0x99,0x99,0x99,0x00,0x0A,0x99,0x96,0x00,0x89,0x99,0x99,0x99,
	0x99,0x96,0x00,0x00,0x00,0x00,0x06,0x00,0x00,0x69,0x99,0x99,0x60,0x09,0x99,0x99,0x90,0x00,0x00,0xCA,0x00,0x06,0x63,0x99,
	0x99,0x99,0x99,0x99,0x00,0x00,0x00,0x00,0x89,0x99,0x96,0x99,0x99,0x99,0x99,0x33,0x96,0x04,0x99,0x99,0x99,0x99,0x99,0x99,
	0x99,0x09,0x99,0x99,0x99,0x99,0x66,0x66,0x66,0x40,0x04,0x09,0x99,0x99,0x99,0x99,0x99,0x99,0x99,0x99,0x99,0x00,0x00,0x0A,
	0x99,0x39,0x39,0x99,0x33,0x93,0x39,0x99,0x99,0x99,0x99,0x99,0x99,0x00,0x06,0x99,0x99,0x66,0x99,0x99,0x99,0x99,0x99,0x99,
	0x99,0x99,0x99,0x99,0x99,0x99,0x60,0x00,0x06,0x93,0x39,0x99,0x99,0x99,0x99,0x99,0x99,0x99,0x99,0x99,0x99,0x99,0x99,0x99,
	0x96,0x00,0x00,0x00,0x00,0xFF,0x96,0x69,0x66,0x68,0x00,0x00,0x00,0x00,0x00,0x00,0x00,0x00,0x00,0x00,0x00,0x00,0x00,0x00,
	0x00,0xA6,0x66,0x99,0x99,0xAA,0x04,0x00,0x00,0x00,0x00,0x00,0x00,0x00,0x00,0x00,0x00,0x00,0x00,0x00,0x00,0x00,0x0A,0x80,
	0x69,0x99,0x96,0xA0,0xA0,0x80,0x00,0x8A,0x49,0x99,0x99,0x99,0x99,0x99,0x96,0x99,0x99,0x99,0x99,0x99,0x99,0x99,0x99,0x99,
	0x99,0x96,0x00,0x00,0x00,0xA6,0x6A,0x9A,0x9A,0x84,0xA0,0x80,0x80,0x00,0xA0,0x08,0x00,0x00,0x00,0x00,0x80,0x08,0x00,0x00,
	0x00,0x80,0x00,0x00,0x00,0x00,0x0A,0x00,0x00,0x00,0x00,0x00,0x00,0x88,0x80,0x60,0x06,0xA8,0x0A,0x0A,0x8A,0x80,0x0A,0x06,
	0x8A,0x40,0x00,0x0A,0xA0,0x48,0x84,0xAA,0x60,0xA8,0x40,0xAA,0x48,0x80,0x00,0xFF,0x40,0xA6,0x40,0xAA,0xAA,0xA4,0x80,0xA0,
	0x08,0x84,0x80,0x48,0xAA,0x8A,0x44,0x40,0xA4,0x84,0xA6,0xA4,0x4A,0x66,0x66,0x66,0x66,0x49,0x69,0x96,0x96,0x66,0x69,0x96,
	0x66,0xA0,0x00,0xA9,0x99,0x99,0x99,0x40,0x00,0xA9,0x96,0x99,0x69,0x80,0x00,0x00,0x00,0x99,0x99,0x99,0x99,0x99,0x99,0x96,
	0x99,0x99,0x99,0x93,0x39,0x93,0x39,0x93,0x39,0xA0,0x0A,0x99,0x99,0x99,0x99,0x99,0x99,0x99,0x99,0x93,0x39,0x00,0x09,0x99,
	0x99,0x99,0x60,0x00,0x09,0x99,0x99,0x93,0x33,0x33,0x33,0x39,0x99,0x00,0x00,0x06,0x99,0x99,0x99,0x99,0x99,0x60,0x00,0x93,
	0x33,0x00,0x06,0x33,0x33,0x39,0x69,0x40,0x00,0x00,0x0A,0x00,0x09,0x00,0x00,0x09,0x99,0x99,0x00,0x00,0x99,0x33,0x39,0x00,
	0x00,0xCA,0x00,0x06,0x69,0x39,0x33,0x33,0x33,0x99,0x00,0x00,0x00,0x00,0x03,0x93,0x93,0x99,0x99,0x99,0x99,0x99,0x39,0x90,
	0x09,0x99,0x99,0x99,0x99,0x99,0x96,0x09,0x99,0x99,0x93,0x99,0x99,0x69,0x99,0x39,0x90,0x03,0x33,0x33,0x33,0x33,0x33,0x93,
	0x39,0x99,0x90,0x00,0xA0,0x09,0x33,0x33,0x33,0x33,0x33,0x33,0x33,0x33,0x33,0x33,0x33,0x39,0x90,0x00,0x33,0x99,0x99,0x96,
	0x93,0x99,0x33,0x33,0x33,0x99,0x99,0x99,0x99,0x80,0x49,0x99,0x90,0x00,0x00,0x69,0x39,0x99,0x99,0x99,0x99,0x99,0x99,0x99,
	0x99,0x99,0x99,0x99,0x99,0x99,0x96,0x00,0x00,0x00,0x00,0xFF,0x99,0x99,0x96,0x6A,0x80,0x00,0x00,0x00,0x00,0x00,0x00,0x00,
	0x00,0x00,0x00,0x00,0x00,0x00,0x00,0x08,0x99,0x99,0x99,0x6A,0x00,0xAA,0x00,0x00,0x00,0x00,0x00,0x00,0x00,0x00,0x00,0x00,
	0x00,0x00,0x00,0x00,0x08,0x06,0x93,0x99,0x99,0x90,0x00,0x00,0x00,0x80,0xAA,0x99,0x96,0x99,0x99,0x99,0x99,0x99,0x99,0x99,
	0x99,0x99,0x99,0x99,0x99,0x46,0x69,0x99,0x00,0x00,0x08,0x06,0x46,0xAA,0xAA,0x46,0x40,0xA0,0x00,0xAA,0x8A,0x80,0x00,0x00,
	0x00,0x00,0x00,0x00,0x00,0x00,0x00,0x00,0x00,0x00,0x80,0x08,0x00,0x80,0xA0,0x8A,0x00,0x8A,0xA0,0x08,0xA8,0x00,0x80,0x08,
	0x80,0x80,0x08,0x80,0x0A,0xA0,0x00,0x40,0x84,0x80,0xA4,0x48,0xA0,0x08,0x68,0x00,0x0A,0x04,0x08,0xA0,0x00,0xFF,0x86,0x08,
	0x0A,0x80,0xA0,0x0A,0x0A,0x00,0x08,0xA8,0x84,0x04,0x80,0x0A,0xA0,0x00,0x6A,0x0A,0xA4,0x68,0x66,0x46,0x66,0x66,0x46,0x66,
	0x66,0x66,0x66,0x66,0x49,0x66,0x66,0x69,0x69,0x66,0x99,0x99,0x99,0x99,0x66,0x99,0x96,0x39,0x66,0x40,0x00,0x00,0x06,0x99,
	0x99,0x99,0x99,0x99,0x96,0x99,0x99,0x99,0x99,0x99,0x39,0x93,0x33,0x33,0x99,0x00,0x09,0x99,0x93,0x33,0x93,0x99,0x99,0x99,
	0x99,0x66,0x99,0x00,0x0A,0x99,0x99,0x99,0x40,0x00,0x09,0x99,0x99,0x99,0x93,0x39,0x33,0x33,0x33,0x00,0x00,0x06,0x99,0x99,
	0x93,0x33,0x33,0x90,0x00,0x93,0x33,0xA0,0x00,0x93,0x33,0x39,0x94,0x00,0x00,0x00,0x03,0x00,0x09,0xA0,0x00,0x00,0x33,0x39,
	0x60,0x00,0x09,0x33,0x99,0x60,0x00,0xCA,0x00,0x04,0x99,0x99,0x99,0x99,0x99,0x99,0x00,0x00,0x00,0x00,0xA9,0x99,0x99,0x99,
	0x39,0x99,0x99,0x99,0x99,0x96,0xA0,0x99,0x99,0x99,0x99,0x96,0x98,0x89,0x99,0x99,0x99,0x99,0x99,0x99,0x99,0x99,0x9A,0x09,
	0x99,0x99,0x99,0x93,0x33,0x33,0x33,0x33,0x90,0x00,0x00,0x09,0x99,0x33,0x33,0x33,0x93,0x33,0x39,0x33,0x33,0x33,0x33,0x39,
	0x40,0x0A,0x93,0x33,0x39,0x99,0x99,0x99,0x99,0x99,0x99,0x99,0x33,0x33,0x30,0x00,0x04,0x33,0x90,0x00,0x00,0x06,0x99,0x99,
	0x99,0x99,0x99,0x99,0x99,0x99,0x99,0x99,0x93,0x33,0x39,0x99,0x96,0x00,0x00,0x00,0x00,0xFF,0x66,0x66,0x66,0x64,0x80,0x00,
	0x00,0x80,0x00,0x00,0x00,0x00,0x00,0x00,0x00,0x00,0x00,0x00,0x00,0x04,0x69,0x69,0x99,0x99,0x60,0x00,0xA0,0x00,0x00,0x00,
	0x00,0x00,0x00,0x00,0x00,0x00,0x00,0x00,0x00,0x84,0xA6,0x99,0x99,0x99,0x39,0x94,0x0A,0x00,0x00,0x0A,0x00,0x06,0x93,0x39,
	0x99,0x99,0x99,0x99,0x99,0x99,0x99,0x99,0x99,0x96,0x99,0x96,0x99,0x66,0x00,0x00,0x00,0x8A,0x8A,0x44,0x46,0x44,0x00,0x40,
	0x0A,0x00,0x0A,0x00,0x00,0x00,0x00,0x00,0x00,0x00,0x00,0x00,0x00,0x00,0x00,0x08,0xA0,0x00,0x80,0x00,0x00,0x00,0x00,0x00,
	0x80,0xAA,0x88,0x80,0xA8,0xA0,0x08,0xA0,0x0A,0x0A,0x4A,0x0A,0x80,0x08,0x84,0xAA,0x48,0xA8,0xAA,0x88,0x00,0x04,0xAA,0x0A,
	0xA4,0x80,0x00,0xFF,0x88,0xA6,0x8A,0x0A,0x00,0x08,0x00,0x88,0x8A,0x40,0x44,0xA8,0xA6,0xA0,0x4A,0x64,0x84,0x08,0x48,0x44,
	0x64,0x46,0x46,0x66,0x46,0x46,0x66,0x66,0x66,0x66,0x66,0x66,0x66,0x66,0x99,0x66,0x96,0x66,0x66,0x66,0x99,0x99,0x99,0x99,
	0x99,0x90,0x00,0x00,0x66,0x99,0x99,0x99,0x99,0x99,0x99,0x99,0x99,0x99,0x99,0x99,0x99,0x99,0x99,0x99,0x99,0x00,0x09,0x99,
	0x99,0x99,0x99,0x99,0x99,0x99,0x99,0x99,0x69,0x00,0x00,0x99,0x99,0x99,0x60,0x00,0x09,0x99,0x99,0x99,0x99,0x93,0x33,0x39,
	0x66,0x60,0x00,0x04,0x33,0x33,0x93,0x33,0x33,0x30,0x00,0x63,0x39,0x90,0x00,0x03,0x33,0x39,0x30,0x00,0x00,0x00,0x39,0x00,
	0x09,0x90,0x00,0x00,0x09,0x99,0x96,0x00,0x00,0x99,0x99,0x90,0x00,0xCA,0x00,0x04,0x99,0x99,0x99,0x99,0x99,0x99,0x00,0x00,
	0x00,0x00,0x69,0x99,0x99,0x99,0x99,0x99,0x99,0x99,0x66,0x66,0x60,0x06,0x66,0x66,0x66,0x66,0x60,0x66,0x66,0x69,0x99,0x99,
	0x99,0x99,0x99,0x99,0x66,0x06,0x99,0x99,0x99,0x99,0x99,0x99,0x99,0x99,0xA0,0x09,0x00,0x09,0x99,0x99,0x99,0x99,0x99,0x99,
	0x99,0x99,0x39,0x99,0x99,0x99,0x00,0x09,0x93,0x33,0x99,0x99,0x99,0x99,0x69,0x99,0x99,0x99,0x99,0x99,0x30,0x00,0x00,0x33,
	0x30,0x00,0x00,0x00,0x93,0x99,0x99,0x99,0x99,0x99,0x99,0x99,0x99,0x99,0x99,0x99,0x93,0x39,0x96,0x00,0x00,0x00,0x00,0xFF,
	0x99,0x66,0x69,0x96,0x64,0x80,0x00,0x00,0x80,0x00,0x00,0x00,0x00,0x00,0x00,0x00,0x00,0x00,0x00,0x06,0x99,0x99,0x99,0x99,
	0x96,0x80,0x00,0x80,0x00,0x00,0x00,0x00,0x00,0x00,0x00,0x00,0x00,0x80,0x00,0x0A,0x99,0x99,0x99,0x99,0x99,0x99,0x00,0xA0,
	0x00,0x00,0x0A,0x00,0x04,0x99,0x99,0x99,0x39,0x99,0x99,0x99,0x99,0x99,0x99,0x66,0x66,0x69,0x69,0xA8,0x00,0x00,0x00,0x06,
	0x96,0x64,0xA8,0x64,0x66,0x0A,0xAA,0x40,0x48,0x00,0x00,0x80,0x00,0x00,0x00,0x00,0x00,0x00,0x00,0x00,0x00,0x00,0x00,0x00,
	0x08,0x08,0x00,0x00,0x00,0x00,0x00,0x00,0x00,0xA0,0x0A,0x08,0xA0,0x08,0x40,0x08,0xA0,0x0A,0xA0,0x48,0xA8,0xA0,0xA0,0x88,
	0x8A,0x08,0x88,0xA8,0x8A,0x80,0x8A,0xA0,0x00,0xFF,0x64,0x48,0xA0,0xA8,0xA8,0x04,0x4A,0x00,0x08,0xA8,0x40,0x8A,0x4A,0xAA,
	0x00,0x44,0xA0,0x6A,0x4A,0x4A,0x4A,0x4A,0x66,0x66,0x66,0x66,0x66,0x66,0x66,0x66,0x66,0x66,0x66,0x66,0x66,0x69,0x66,0x66,
	0x66,0x68,0x8A,0x88,0x8A,0x66,0x69,0x99,0x64,0x69,0x99,0x69,0x99,0x99,0x99,0x99,0x99,0x99,0x99,0x99,0x99,0x99,0x99,0x99,
	0x99,0x99,0x99,0x00,0x09,0x69,0x99,0x99,0x99,0x99,0x99,0x99,0x69,0x99,0x66,0x00,0x00,0x69,0x99,0x99,0x60,0x00,0x06,0x99,
	0x96,0x69,0x99,0x99,0x69,0x99,0x39,0x90,0x00,0x08,0x99,0x99,0x99,0x99,0x99,0x6A,0x00,0x09,0x99,0x99,0x00,0x00,0x99,0x93,
	0x90,0x00,0x00,0x06,0x99,0x00,0x09,0x96,0x00,0x00,0x00,0x99,0x99,0x90,0x00,0x69,0x99,0x90,0x00,0xCA,0x00,0x08,0x99,0x99,
	0x99,0x99,0x99,0x99,0x60,0x00,0x00,0x08,0x99,0x99,0x99,0x66,0x69,0x99,0x69,0x99,0x99,0x66,0x69,0x40,0x66,0x66,0x66,0x96,
	0x60,0x66,0x66,0x66,0x66,0x66,0x66,0x96,0x99,0x96,0x66,0x08,0x99,0x99,0x99,0x99,0x99,0x99,0x66,0x99,0x00,0x06,0x00,0x69,
	0x99,0x99,0x99,0x99,0x99,0x99,0x99,0x99,0x99,0x99,0x99,0x99,0x00,0x49,0x99,0x99,0x99,0x99,0x99,0x99,0x99,0x99,0x99,0x66,
	0x66,0x99,0x90,0x00,0x0A,0x99,0x9A,0x00,0x96,0x00,0x09,0x99,0x33,0x33,0x33,0x33,0x33,0x33,0x99,0x99,0x93,0x33,0x93,0x93,
	0x96,0x00,0x00,0x00,0x00,0xFF,0x69,0x69,0x99,0x69,0x66,0x66,0x4A,0x00,0x00,0x00,0x00,0x00,0x00,0x00,0x00,0x00,0x00,0x00,
	0x00,0x04,0x99,0x99,0x99,0x99,0x99,0x96,0x88,0x00,0x00,0x00,0x00,0x00,0x00,0x00,0x00,0x00,0x08,0x00,0x0A,0x69,0x99,0x99,
	0x69,0x69,0x99,0x99,0x9A,0x00,0x80,0x00,0x00,0x08,0x00,0x0A,0x99,0x99,0x99,0x69,0x99,0x99,0x99,0x96,0x99,0x99,0x66,0x69,
	0x96,0x88,0x00,0x00,0x00,0xA6,0x66,0x46,0x66,0x44,0x6A,0x60,0x80,0x80,0x0A,0x04,0x80,0x08,0x00,0x80,0x00,0x00,0x00,0x00,
	0x00,0x00,0x00,0x08,0x00,0x00,0x0A,0x80,0x00,0x0A,0x80,0x80,0x80,0x8A,0x80,0x80,0x08,0x80,0x00,0x00,0x0A,0x00,0x00,0x08,
	0x00,0x00,0x60,0xA0,0x80,0x48,0xAA,0x88,0x44,0x80,0x40,0x8A,0x04,0xA0,0x00,0xFF,0x04,0x8A,0x08,0x08,0x0A,0xA4,0xAA,0x8A,
	0x88,0x8A,0x80,0x80,0xA6,0x48,0xAA,0xAA,0xA6,0xAA,0x4A,0xA6,0x6A,0x66,0xAA,0x66,0x66,0x66,0x66,0x66,0x66,0x66,0x66,0x66,
	0x66,0x66,0x66,0x66,0x66,0xAA,0x80,0x00,0x00,0x00,0x00,0x00,0x66,0x66,0x69,0x99,0x99,0x99,0x96,0x69,0x99,0x96,0x66,0x96,
	0x99,0x66,0x99,0x66,0x69,0x69,0x66,0x99,0x99,0x00,0x09,0x99,0x69,0x69,0x99,0x96,0x96,0x66,0x66,0xA0,0x0A,0x00,0x00,0x06,
	0x99,0x99,0x60,0x00,0x06,0x99,0x99,0x99,0x99,0x99,0x99,0x99,0x99,0x98,0x00,0x00,0x69,0x99,0x99,0x99,0x99,0x96,0x00,0x09,
	0x99,0x99,0x80,0x00,0xA9,0x99,0x90,0x00,0x00,0xA9,0x96,0x00,0x09,0x99,0x00,0x00,0x00,0x09,0x99,0x9A,0x00,0x09,0x99,0x90,
	0x00,0xCA,0x00,0x00,0x99,0x99,0x99,0x96,0x99,0x99,0x96,0x80,0x00,0x46,0x99,0x66,0x66,0x66,0x69,0x96,0x99,0x99,0x66,0x69,
	0x69,0x66,0x04,0x66,0x96,0x66,0x0A,0x66,0x66,0x66,0x66,0x66,0x00,0x96,0x69,0x96,0x96,0x08,0x99,0x99,0x99,0x99,0x99,0x99,
	0x66,0x96,0x00,0x6A,0x00,0x99,0x99,0x90,0x00,0x99,0x99,0x99,0x99,0x99,0x99,0x99,0x99,0x99,0x00,0x69,0x99,0x99,0x99,0x99,
	0x99,0x99,0x99,0x99,0x99,0x96,0x66,0x99,0x99,0x00,0x09,0x99,0x96,0x00,0x69,0x00,0x00,0x99,0x99,0x99,0x99,0x99,0x99,0x99,
	0x99,0x99,0x99,0x39,0x93,0x33,0x96,0x00,0x00,0x00,0x00,0xFF,0x99,0x66,0x66,0x66,0x69,0x66,0x66,0x64,0x60,0x00,0x08,0x00,
	0x00,0x00,0x00,0x00,0x00,0x00,0x00,0x08,0x66,0x66,0x69,0x99,0x99,0x99,0x6A,0xA0,0x00,0x00,0x00,0x00,0x00,0x80,0x00,0x00,
	0x00,0x84,0x69,0x96,0x69,0x66,0x66,0x69,0x69,0x99,0x66,0xA8,0x00,0x00,0x00,0x00,0x00,0x08,0x88,0x66,0x69,0x99,0x99,0x99,
	0x66,0x69,0x69,0x99,0x99,0x99,0xA0,0x00,0x80,0x00,0x80,0xAA,0x64,0x66,0xA6,0xA4,0x08,0x4A,0x80,0x4A,0x40,0xA0,0x80,0x08,
	0x80,0x00,0x00,0x00,0x00,0x0A,0x40,0x80,0x00,0x00,0x00,0x00,0x80,0x00,0x00,0x00,0xA0,0x08,0x0A,0xA0,0x08,0x00,0x00,0xAA,
	0x88,0xAA,0xA0,0x0A,0x08,0x08,0x00,0x88,0x08,0x68,0xA8,0x08,0x08,0x88,0x88,0x88,0xAA,0x0A,0xAA,0xA0,0x00,0xFF,0x8A,0xA8,
	0x88,0xA0,0xA0,0x80,0x8A,0x80,0x80,0x0A,0xA4,0x8A,0x80,0x0A,0x8A,0x80,0x4A,0x84,0x88,0x8A,0x6A,0x66,0x64,0x66,0x66,0x66,
	0x66,0x66,0x66,0x96,0x66,0x66,0x66,0x66,0x66,0x68,0x00,0x00,0x00,0x00,0x00,0x00,0x00,0x00,0x00,0x66,0x66,0x69,0x99,0x99,
	0x99,0x66,0x69,0x66,0x66,0x66,0x66,0x69,0x66,0x66,0x66,0x66,0x69,0x66,0x66,0x00,0x06,0x96,0x69,0x66,0x66,0x66,0x66,0x66,
	0xA0,0x00,0x00,0x00,0x00,0x09,0x99,0x99,0x90,0x00,0x04,0x99,0x99,0x96,0x99,0x99,0x99,0x99,0x99,0x94,0x00,0x00,0x66,0x69,
	0x66,0x99,0x99,0x99,0x00,0x09,0x99,0x99,0x94,0x00,0x06,0x99,0x96,0x00,0x00,0x99,0x96,0x00,0x09,0x99,0x60,0x00,0x00,0x0A,
	0x99,0x99,0x00,0x06,0x99,0x90,0x00,0xCA,0x00,0x00,0xA9,0x96,0x99,0x99,0x99,0x99,0x99,0x99,0x69,0x99,0x99,0x99,0x96,0x99,
	0x69,0x96,0x66,0x69,0x96,0x66,0x96,0x99,0x60,0xA6,0x66,0x99,0x06,0x66,0x66,0x66,0x66,0x66,0x00,0x66,0x69,0x69,0x99,0x66,
	0x99,0x99,0x99,0x99,0x99,0x96,0x66,0x60,0x00,0x90,0x00,0x99,0x99,0x00,0x00,0x09,0x99,0x99,0x99,0x99,0x99,0x99,0x99,0x99,
	0x00,0x69,0x99,0x99,0x99,0x99,0x99,0x99,0x99,0x99,0x99,0x96,0x66,0x99,0x99,0x99,0x99,0x99,0x99,0x00,0x06,0x68,0x00,0x09,
	0x99,0x99,0x99,0x99,0x99,0x99,0x99,0x99,0x99,0x39,0x93,0x33,0x96,0x00,0x00,0x00,0x00,0xFF,0x66,0x99,0x96,0x66,0x96,0x66,
	0x66,0x66,0x66,0x66,0x48,0x80,0x00,0x00,0x00,0x00,0x00,0x00,0x00,0x00,0x66,0x66,0x69,0x99,0x69,0x99,0x66,0x94,0x80,0x00,
	0x00,0x00,0x00,0x00,0x00,0xA8,0x49,0x66,0x96,0x66,0x66,0x66,0x99,0x96,0x66,0x66,0x66,0x66,0xA0,0xA0,0x00,0x00,0x00,0x00,
	0x00,0x00,0x0A,0xA6,0x99,0x66,0x66,0x66,0x66,0x66,0x6A,0x80,0x00,0x00,0x00,0x00,0x08,0x96,0x64,0x66,0x66,0x64,0x66,0x06,
	0xA8,0x8A,0xA0,0xA6,0x08,0xA0,0x80,0x00,0x8A,0x00,0x08,0x0A,0x00,0x80,0x00,0x00,0x00,0x00,0x00,0x08,0x80,0x8A,0x00,0x00,
	0x80,0x80,0x08,0x80,0x80,0x00,0xA0,0x0A,0xA8,0x80,0xAA,0xA8,0xA0,0x84,0xA0,0x8A,0x0A,0x80,0xA0,0xA0,0x80,0x0A,0xA8,0x80,
	0xAA,0x00,0x00,0xFF,0x80,0x8A,0xA0,0xAA,0xA8,0x88,0x8A,0x40,0x00,0x44,0xAA,0x4A,0xAA,0xAA,0xAA,0x8A,0x0A,0xA4,0x4A,0x64,
	0x66,0x66,0x66,0x46,0x46,0x66,0x64,0x66,0x66,0x66,0x66,0x66,0x66,0x64,0x80,0x00,0x00,0x00,0x00,0x00,0x00,0x00,0x00,0x00,
	0x00,0x0A,0x66,0x66,0x66,0x66,0x66,0x66,0x66,0x66,0x66,0x66,0x66,0x66,0x66,0x66,0x66,0x66,0x66,0x69,0x99,0x00,0x09,0x99,
	0x96,0x99,0x99,0x99,0x96,0x66,0x00,0x00,0x00,0x00,0x00,0x04,0x96,0x69,0x90,0x00,0x06,0x99,0x99,0x96,0x69,0x99,0x99,0x99,
	0x99,0x99,0x00,0x00,0x69,0x96,0x69,0x99,0x96,0x66,0x00,0x06,0x99,0x99,0x99,0x40,0x00,0x69,0x99,0x99,0x99,0x99,0x9A,0x00,
	0x69,0x99,0x94,0x00,0x00,0x00,0x69,0x96,0xA0,0x00,0x69,0x90,0x00,0xCA,0x00,0x00,0x09,0x99,0x99,0x99,0x99,0x99,0x99,0x96,
	0x99,0x99,0x99,0x96,0x69,0x66,0x69,0x99,0x69,0x96,0x96,0x66,0x96,0x66,0x66,0xA0,0x66,0x96,0x09,0x99,0x66,0x66,0x66,0x69,
	0x00,0x66,0x66,0x66,0x96,0x69,0x99,0x99,0x99,0x99,0x99,0x96,0x96,0x00,0x06,0x90,0x08,0x99,0x99,0x00,0x00,0x0A,0x99,0x99,
	0x99,0x99,0x99,0x99,0x99,0x99,0x00,0x09,0x99,0x99,0x66,0x66,0x66,0x66,0x66,0x66,0x66,0x96,0x66,0x69,0x96,0x99,0x99,0x99,
	0x99,0x00,0x09,0x69,0x60,0x00,0x89,0x99,0x99,0x99,0x99,0x99,0x99,0x99,0x99,0x99,0x99,0x99,0x96,0x00,0x00,0x00,0x00,0xFF,
	0x96,0x96,0x69,0x66,0x66,0x66,0x66,0x66,0x66,0x66,0x66,0x6A,0x80,0x00,0x00,0x00,0x00,0x00,0x00,0x00,0x66,0x66,0x66,0x66,
	0x66,0x69,0x96,0x96,0x60,0x08,0x00,0x8A,0xA8,0xAA,0xA6,0x66,0x66,0x69,0x66,0x66,0x66,0x66,0x99,0x99,0x99,0x69,0x99,0x99,
	0x98,0xA8,0xA0,0x00,0x00,0x00,0x00,0x08,0x00,0x00,0x00,0x44,0x44,0xAA,0xA8,0x00,0x00,0x00,0x00,0x00,0x00,0x00,0x0A,0x96,
	0x66,0x96,0x66,0x64,0x44,0x64,0x60,0xAA,0x48,0x80,0x0A,0x8A,0x00,0x00,0x00,0x80,0x80,0xA0,0x80,0x08,0xA0,0x00,0x00,0x00,
	0x00,0x00,0x80,0x00,0xA0,0x0A,0x00,0x00,0x08,0x08,0x00,0x0A,0x00,0x80,0x00,0xA8,0x04,0x00,0x8A,0x80,0x80,0xA0,0x88,0x80,
	0xAA,0xA0,0x0A,0x0A,0x44,0x8A,0x8A,0x40,0x00,0xFF,0x88,0xA0,0x8A,0x40,0x88,0x88,0xA4,0xA4,0xA4,0xAA,0x04,0x8A,0xA8,0xAA,
	0x8A,0x4A,0x4A,0x44,0x46,0x46,0x64,0x46,0x66,0x64,0x66,0x66,0x66,0x66,0x66,0x66,0x66,0x66,0x6A,0x00,0x00,0x00,0x00,0x00,
	0x0A,0x66,0x66,0x66,0x66,0xA0,0x00,0x00,0x46,0x66,0x66,0x66,0x99,0x66,0x69,0x99,0x96,0x69,0x96,0x99,0x66,0x66,0x69,0x99,
	0x96,0x99,0x99,0x00,0x09,0x90,0x00,0x04,0x69,0x99,0x99,0x9A,0x00,0x06,0x68,0x00,0x00,0x00,0x69,0x99,0x90,0x00,0x06,0x99,
	0x99,0x99,0x99,0x99,0x99,0x99,0x99,0x99,0x00,0x00,0x69,0x99,0x99,0x99,0x99,0x69,0x00,0x0A,0x99,0x96,0x99,0x90,0x00,0x04,
	0x99,0x99,0x99,0x69,0x9A,0x00,0x69,0x99,0x99,0x00,0x00,0x00,0x99,0x99,0x60,0x00,0x99,0x90,0x00,0xCA,0x00,0x00,0x09,0x99,
	0x99,0x99,0x99,0x99,0x99,0x99,0x99,0x99,0x99,0x99,0x96,0x66,0x66,0x66,0x99,0x99,0x99,0x99,0x99,0x99,0x99,0x90,0x06,0x96,
	0x46,0x66,0x66,0x66,0x66,0x66,0x00,0x66,0x96,0x69,0x66,0x99,0x99,0x99,0x99,0x99,0x99,0x99,0x96,0x00,0x06,0x60,0x0A,0x99,
	0x96,0x00,0x00,0x06,0x99,0x99,0x99,0x99,0x99,0x99,0x99,0x99,0x00,0x06,0x99,0x96,0x66,0x69,0x99,0x99,0x96,0x66,0x66,0x99,
	0x66,0x66,0x99,0x66,0x69,0x99,0x99,0x00,0x03,0x99,0x90,0x00,0x08,0x99,0x99,0x99,0x99,0x99,0x99,0x99,0x99,0x99,0x99,0x99,
	0x96,0x00,0x00,0x00,0x00,0xFF,0x69,0x69,0x69,0x96,0x66,0x66,0x69,0x99,0x99,0x66,0x66,0x66,0x66,0x6A,0x00,0x00,0x00,0x00,
	0x00,0x00,0x69,0x96,0x96,0x69,0x99,0x96,0x66,0x66,0x96,0x9A,0xA8,0x08,0xAA,0xA4,0x66,0x66,0x66,0x66,0x99,0x99,0x96,0x66,
	0x66,0x66,0x69,0x99,0x99,0x99,0x99,0x9A,0x00,0x00,0x80,0x00,0x00,0x08,0x0A,0x08,0x00,0x00,0x08,0x00,0x00,0x08,0x00,0x00,
	0x00,0x00,0x00,0x80,0x64,0x66,0x66,0x66,0x96,0x96,0xA6,0x69,0x4A,0x69,0xA8,0x6A,0xA0,0xA8,0xAA,0x00,0x00,0x00,0x00,0x00,
	0x00,0x00,0x00,0x00,0x00,0x00,0x00,0x00,0x80,0x00,0x00,0x80,0x00,0x08,0x00,0xA8,0x80,0x80,0x0A,0x00,0xA8,0x00,0x00,0x0A,
	0x80,0xA8,0x00,0x80,0x4A,0x80,0xA8,0x08,0x88,0x08,0x00,0xA8,0xA0,0xA0,0x00,0xFF,0x64,0xAA,0x0A,0x00,0xA4,0xAA,0xA4,0xA0,
	0x80,0x48,0xA4,0x84,0xA4,0x6A,0x44,0x44,0x6A,0x06,0x66,0x44,0x46,0x46,0x66,0x69,0xA6,0x66,0x66,0x66,0x66,0x66,0x66,0x60,
	0x00,0x00,0x00,0x00,0x66,0x66,0x66,0x66,0x66,0x66,0x66,0x66,0x40,0x00,0x04,0x66,0x66,0x99,0x66,0x69,0x99,0x99,0x99,0x99,
	0x99,0x99,0x99,0x99,0x99,0x99,0x99,0x99,0x99,0x00,0x86,0x00,0x00,0x00,0x99,0x99,0x96,0x90,0x00,0x69,0x69,0x60,0x00,0x00,
	0x60,0x09,0x90,0x00,0x09,0x99,0x99,0x99,0x99,0x96,0x69,0x96,0x99,0x99,0x00,0x00,0xA9,0x99,0x99,0x99,0x99,0x99,0x60,0x00,
	0x99,0x99,0x99,0x96,0x80,0x00,0x86,0x99,0x69,0x99,0x90,0x00,0x69,0x99,0x99,0x90,0x00,0x06,0x99,0x69,0x9A,0x00,0x69,0x00,
	0x00,0xCA,0x00,0xA0,0x04,0x99,0x99,0x99,0x99,0x99,0x99,0x99,0x99,0x99,0x99,0x33,0x33,0x39,0x99,0x99,0x99,0x99,0x99,0x99,
	0x99,0x99,0x99,0x99,0x60,0x60,0x69,0x99,0x96,0x66,0x66,0x96,0x0A,0x66,0x66,0x66,0x96,0x69,0x99,0x99,0x99,0x99,0x99,0x96,
	0x60,0x00,0x99,0x40,0x09,0x99,0x99,0x96,0x00,0x49,0x99,0x99,0x99,0x99,0x99,0x99,0x99,0x99,0x90,0x00,0x99,0x99,0x99,0x99,
	0x99,0x99,0x99,0x99,0x99,0x99,0x99,0x66,0x99,0x99,0x00,0x99,0x69,0x60,0x06,0x99,0x99,0x00,0x00,0x06,0x99,0x99,0x99,0x99,
	0x99,0x99,0x93,0x99,0x99,0x99,0x96,0x00,0x00,0x00,0x00,0xFF,0x99,0x69,0x66,0x66,0x96,0x96,0x69,0x96,0x99,0x99,0x69,0x66,
	0x66,0x66,0x9A,0x00,0x00,0x00,0x00,0x00,0x66,0x66,0x69,0x99,0x99,0x99,0x99,0x99,0x96,0x96,0x66,0xA4,0xA4,0xA6,0x66,0x66,
	0x66,0x69,0x66,0x96,0x69,0x66,0x66,0x69,0x99,0x99,0x99,0x99,0x99,0x99,0x6A,0x80,0x00,0x80,0x00,0x00,0x00,0x80,0x08,0x80,
	0x00,0x00,0x80,0x00,0x00,0x00,0x00,0x00,0x00,0x44,0x99,0x69,0x69,0x69,0x66,0x96,0x96,0x94,0x64,0x6A,0x68,0xAA,0x4A,0xA0,
	0x60,0x4A,0x00,0x8A,0xA8,0x00,0x00,0x0A,0x00,0x80,0x00,0x00,0x08,0x0A,0x80,0x00,0x00,0x80,0x00,0x00,0x00,0x8A,0x80,0x04,
	0x60,0x8A,0x0A,0xA0,0x00,0x4A,0x04,0x08,0x00,0x8A,0x8A,0xAA,0x00,0xAA,0xA8,0x00,0xA0,0x60,0x88,0x80,0x00,0xFF,0xA8,0xA8,
	0x0A,0xA8,0xAA,0xA0,0x08,0x08,0x8A,0x4A,0xAA,0x8A,0xA6,0x86,0xA0,0x8A,0xA6,0x6A,0xA6,0x66,0x66,0xA6,0x46,0x66,0x66,0x66,
	0x66,0x69,0x66,0x69,0x90,0x00,0x00,0x00,0x0A,0x66,0x66,0x66,0x66,0x66,0x66,0x66,0x66,0x66,0x66,0x00,0x00,0x66,0x66,0x96,
	0x96,0x96,0x99,0x68,0x69,0x99,0x99,0x99,0x99,0x96,0x99,0x99,0x99,0x99,0x99,0x00,0x00,0x00,0x00,0x00,0x99,0x99,0x96,0x98,
	0x00,0x66,0x66,0x60,0x00,0x00,0x00,0x00,0x9A,0x00,0x09,0x99,0x99,0x99,0x99,0x96,0x69,0x96,0x69,0x99,0x00,0x00,0x09,0x66,
	0x66,0x66,0x66,0x66,0x60,0x00,0x99,0x33,0x99,0x99,0x68,0x00,0x00,0x93,0x39,0x99,0x90,0x00,0x99,0x93,0x99,0x99,0xA8,0x69,
	0x93,0x99,0x66,0x00,0xA9,0x00,0x00,0xCA,0x00,0x90,0x00,0x99,0x99,0x99,0x99,0x99,0x99,0x99,0x99,0x99,0x99,0x99,0x99,0x93,
	0x99,0x99,0x96,0x99,0x66,0x69,0x96,0x69,0x99,0x96,0x9A,0x00,0x99,0x99,0x99,0x66,0x66,0x64,0x04,0x66,0x66,0x66,0x66,0x66,
	0x66,0x96,0x66,0x66,0x99,0x99,0x60,0x00,0x69,0xA0,0x06,0x66,0x99,0x93,0x33,0x99,0x99,0x99,0x99,0x99,0x99,0x99,0x99,0x99,
	0x96,0x00,0x09,0x99,0x99,0x99,0x99,0x99,0x99,0x99,0x99,0x99,0x99,0x99,0x99,0x99,0x00,0x99,0x66,0x60,0x06,0x99,0x99,0x60,
	0x00,0x00,0xA9,0x99,0x99,0x99,0x99,0x99,0x99,0x99,0x99,0x99,0x96,0x00,0x00,0x00,0x00,0xFF,0x69,0x96,0x66,0x99,0x69,0x69,
	0x66,0x66,0x96,0x66,0x66,0x69,0x99,0x99,0x66,0x98,0x00,0x00,0x00,0x00,0x09,0x99,0x96,0x99,0x96,0x66,0x99,0x69,0x66,0x96,
	0x66,0x66,0x66,0x66,0x66,0x66,0x96,0x66,0x66,0x66,0x69,0x99,0x96,0x99,0x99,0x99,0x99,0x99,0x99,0x69,0x99,0x68,0x08,0x80,
	0x80,0x00,0x00,0x00,0x00,0x00,0x00,0x00,0x00,0x00,0x00,0x00,0x00,0x0A,0x00,0x66,0x96,0x96,0x99,0x99,0x99,0x99,0x69,0x89,
	0x66,0x4A,0x06,0x4A,0x60,0xA0,0xAA,0x0A,0x8A,0x0A,0x08,0x8A,0x0A,0x00,0xA8,0x00,0x08,0x00,0x00,0x00,0x00,0x00,0x08,0x88,
	0x80,0x8A,0x08,0x00,0x08,0x00,0x8A,0x88,0xAA,0xAA,0xAA,0x00,0xA8,0x00,0x0A,0x00,0x04,0x0A,0xA0,0x08,0xA8,0x80,0x80,0x88,
	0x4A,0x00,0x00,0xFF,0x0A,0x80,0xA0,0xA0,0xAA,0xA4,0xAA,0x88,0xA6,0xAA,0x04,0xA4,0x84,0x04,0x04,0x84,0x6A,0x4A,0x64,0x60,
	0x46,0x66,0x66,0x46,0x66,0x66,0x66,0x66,0x66,0x60,0x00,0x00,0x00,0x06,0x66,0x66,0x66,0x66,0x66,0x66,0x96,0x66,0x69,0x66,
	0x66,0x80,0x00,0xA9,0x66,0x66,0x99,0x99,0x99,0x00,0x00,0x99,0x99,0x99,0x99,0x99,0x99,0x99,0x99,0x99,0x99,0x00,0x00,0x00,
	0x99,0x66,0x99,0x96,0x96,0x9A,0x00,0x86,0x66,0x60,0x00,0x00,0x00,0x00,0x90,0x00,0x09,0x99,0x99,0x99,0x99,0x99,0x96,0x99,
	0x99,0x99,0x40,0x00,0x06,0x99,0x99,0x99,0x96,0x66,0x90,0x00,0xA9,0x99,0x96,0x99,0x99,0x00,0x00,0x09,0x33,0x33,0x90,0x00,
	0x99,0x93,0x33,0x99,0x99,0x99,0x93,0x33,0x99,0x00,0x0A,0x00,0x00,0xCA,0x00,0x90,0x00,0x89,0x99,0x99,0x99,0x99,0x99,0x99,
	0x99,0x99,0x99,0x99,0x99,0x99,0x99,0x99,0x99,0x99,0x99,0x99,0x99,0x99,0x96,0x99,0x99,0xA0,0x69,0x66,0x96,0x99,0x66,0x6A,
	0x06,0x66,0x66,0x69,0x69,0x93,0x39,0x39,0x99,0x99,0x99,0x99,0x00,0x09,0x69,0x00,0x09,0x99,0x66,0x64,0x69,0x39,0x93,0x99,
	0x99,0x99,0x99,0x99,0x99,0x99,0x99,0x00,0x00,0x69,0x99,0x99,0x99,0x99,0x99,0x99,0x99,0x99,0x96,0x69,0x99,0x99,0x00,0x93,
	0x99,0x60,0x04,0x69,0x99,0x94,0x00,0x00,0x06,0x99,0x99,0x93,0x99,0x93,0x99,0x99,0x99,0x99,0x96,0x00,0x00,0x00,0x00,0xFF,
	0x66,0x96,0x99,0x96,0x96,0x69,0x69,0x66,0x99,0x69,0x99,0x69,0x66,0x66,0x66,0x66,0x90,0x00,0x00,0x00,0x06,0x99,0x66,0x96,
	0x96,0x69,0x66,0x69,0x96,0x66,0x66,0x99,0x66,0x66,0x66,0x66,0x66,0x69,0x69,0x99,0x66,0x99,0x69,0x69,0x66,0x99,0x96,0x99,
	0x99,0x99,0x99,0x99,0x94,0x80,0x80,0x80,0x80,0x08,0x00,0x00,0x00,0x00,0x00,0x00,0x00,0x00,0x88,0x00,0x69,0x99,0x99,0x99,
	0x69,0x96,0x69,0x69,0x64,0x69,0x46,0x46,0x40,0x64,0x4A,0x8A,0xA8,0x44,0x00,0xAA,0x00,0x0A,0x08,0xA0,0x00,0x00,0x00,0x80,
	0x00,0x00,0x80,0x00,0x08,0x00,0x00,0x00,0x08,0x80,0x00,0x80,0x00,0x00,0x80,0x80,0x08,0xA0,0xA0,0x80,0x00,0x8A,0x08,0x88,
	0xA0,0x8A,0x08,0x88,0x0A,0x8A,0x08,0x00,0x00,0xFF,0x6A,0x06,0xA8,0x88,0x04,0x8A,0x86,0xA8,0x80,0xAA,0xAA,0x44,0x6A,0x84,
	0xAA,0x4A,0x66,0xA6,0x66,0x4A,0xA6,0x66,0x66,0x66,0x46,0x66,0x66,0x64,0x00,0x00,0x00,0x00,0xA6,0x66,0x66,0x66,0x66,0x66,
	0x66,0x66,0x69,0x66,0x66,0x66,0x96,0x60,0x00,0x09,0x99,0x96,0x99,0x99,0x99,0x00,0x00,0x09,0x99,0x99,0x99,0x99,0x99,0x99,
	0x99,0x99,0x99,0x00,0x00,0x09,0x99,0x99,0x99,0x99,0x66,0x99,0x00,0x06,0x44,0x60,0x00,0x00,0xA0,0x00,0x00,0x00,0x09,0x99,
	0x99,0x99,0x99,0x99,0x99,0x99,0x99,0x99,0x60,0x00,0x09,0x99,0x99,0x99,0x99,0x99,0x90,0x00,0x09,0x99,0x99,0x99,0x99,0x96,
	0x00,0x00,0x49,0x99,0x60,0x00,0x99,0x99,0x93,0x99,0x99,0x99,0x99,0x99,0x99,0x00,0x00,0x00,0x00,0xCA,0x09,0x90,0x00,0x09,
	0x99,0x99,0x99,0x99,0x99,0x99,0x96,0x99,0x99,0x99,0x99,0x99,0x99,0x99,0x99,0x99,0x99,0x99,0x66,0x66,0x99,0x96,0x66,0x06,
	0x00,0x69,0x99,0x99,0x66,0x90,0x09,0x99,0x99,0x96,0x99,0x69,0x99,0x93,0x39,0x99,0x99,0x90,0x00,0x69,0x66,0x00,0x09,0x96,
	0x66,0x99,0x66,0x66,0x93,0x33,0x99,0x99,0x99,0x99,0x99,0x99,0x00,0x00,0x00,0x00,0x09,0x99,0x99,0x99,0x99,0x99,0x99,0x99,
	0x99,0x66,0x69,0x99,0x00,0x46,0x99,0x90,0x0A,0x99,0x99,0x99,0x00,0x00,0x00,0x69,0x99,0x93,0x39,0x99,0x99,0x69,0x96,0x99,
	0x96,0x00,0x00,0x00,0x00,0xFF,0x66,0x66,0x96,0x96,0x69,0x69,0x96,0x66,0x96,0x69,0x66,0x66,0x66,0x96,0x69,0x69,0x60,0x00,
	0x00,0x00,0x09,0x99,0x66,0x66,0x66,0x96,0x66,0x66,0x69,0x69,0x99,0x69,0x69,0x99,0x96,0x96,0x96,0x66,0x99,0x99,0x96,0x99,
	0x99,0x99,0x99,0x99,0x96,0x99,0x96,0x99,0x99,0x99,0x99,0x66,0x08,0x00,0x0A,0x80,0x80,0x00,0x80,0x08,0x00,0x00,0x80,0x0A,
	0x84,0x49,0x99,0x69,0x96,0x99,0x99,0x99,0x99,0x99,0x69,0x66,0x46,0x64,0x94,0x64,0x66,0x68,0x60,0x88,0xAA,0x80,0x4A,0x60,
	0x80,0x00,0x00,0x00,0x08,0x00,0x00,0x00,0x00,0x00,0x00,0x00,0xA0,0x80,0x48,0x00,0x0A,0xA0,0xA0,0x80,0x40,0x00,0x04,0x00,
	0x84,0x04,0x0A,0x88,0x88,0x86,0x0A,0x88,0x4A,0x80,0xA0,0x04,0x80,0x80,0x00,0xFF,0x08,0x48,0xAA,0x00,0x04,0xAA,0x40,0xA6,
	0xAA,0x44,0xA8,0xAA,0xA4,0x64,0x4A,0x46,0x4A,0x66,0x6A,0x00,0x00,0x66,0x66,0x66,0x66,0x66,0x6A,0x00,0x00,0x00,0x00,0x86,
	0x66,0x66,0x66,0x66,0x66,0x66,0x66,0x66,0x66,0x66,0x66,0x99,0x66,0x66,0x00,0x0A,0x99,0x99,0x69,0x99,0x99,0x90,0x00,0x09,
	0x99,0x99,0x99,0x99,0x99,0x99,0x99,0x99,0x99,0xA0,0x00,0x49,0x99,0x99,0x99,0x99,0x96,0x69,0x00,0x06,0x96,0x96,0x00,0x00,
	0x60,0x00,0x00,0x00,0x06,0x99,0x99,0x99,0x99,0x99,0x69,0x99,0x66,0x69,0x90,0x00,0x09,0x99,0x99,0x93,0x99,0x69,0x98,0x00,
	0x06,0x99,0x99,0x99,0x99,0x99,0x40,0x00,0x0A,0x99,0x40,0x08,0x99,0x99,0x33,0x99,0x99,0x99,0x99,0x99,0x99,0x00,0x00,0x00,
	0x00,0xCA,0xA9,0x90,0x00,0x08,0x99,0x99,0x99,0x99,0x96,0x99,0x99,0x96,0x99,0x99,0x99,0x96,0x96,0x99,0x99,0x96,0x69,0x99,
	0x6A,0x80,0x00,0x00,0x00,0x00,0x00,0x00,0x06,0x69,0x69,0x90,0x06,0x99,0x99,0x99,0x66,0x66,0x99,0x99,0x99,0x99,0x99,0x60,
	0x00,0x99,0x99,0x00,0x06,0x69,0x66,0x64,0x09,0x96,0x69,0x39,0x99,0x99,0x99,0x33,0x33,0x96,0x00,0x00,0x00,0x00,0x06,0x99,
	0x99,0x99,0x99,0x99,0x99,0x99,0x69,0x66,0x66,0x69,0x00,0xA9,0x96,0x60,0x04,0x99,0x99,0x99,0x90,0x00,0x00,0x09,0x99,0x63,
	0x33,0x99,0x99,0x99,0x96,0x66,0x96,0x00,0x00,0x00,0x00,0xFF,0x96,0x66,0x66,0x69,0x69,0x96,0x66,0x66,0x66,0x99,0x66,0x96,
	0x96,0x66,0x99,0x99,0x66,0x00,0x00,0x00,0x66,0x66,0x69,0x69,0x99,0x99,0x66,0x96,0x99,0x99,0x69,0x99,0x99,0x99,0x99,0x99,
	0x69,0x99,0x66,0x6A,0xA0,0x00,0x00,0x88,0x46,0x66,0x99,0x99,0x99,0x99,0x99,0x99,0x99,0x99,0x99,0x9A,0x00,0x00,0x00,0x00,
	0xA8,0x00,0x08,0x80,0x00,0x0A,0x69,0x99,0x99,0x39,0x99,0x99,0x99,0x99,0x96,0x66,0x69,0x66,0x96,0x66,0x66,0x44,0x4A,0x46,
	0x46,0x0A,0x84,0xAA,0x08,0x00,0xA8,0x08,0xA0,0x08,0x00,0x0A,0x00,0x00,0x80,0x00,0x00,0x00,0x00,0x00,0x80,0x00,0x8A,0x00,
	0x08,0x80,0x00,0x08,0x8A,0x8A,0x00,0x08,0x80,0x00,0x0A,0x08,0x80,0xA0,0x00,0x80,0x06,0xA8,0xA0,0x00,0x00,0xFF,0x40,0xAA,
	0xA8,0x08,0xAA,0xAA,0x60,0x84,0x4A,0xA6,0x00,0x8A,0x4A,0xA6,0x4A,0x66,0x44,0x66,0x40,0x00,0x00,0x06,0x66,0x66,0x66,0x66,
	0x00,0x00,0x00,0x00,0x06,0x99,0x66,0x66,0x66,0x69,0x66,0x66,0x66,0x66,0x69,0x66,0x66,0x69,0x66,0x66,0xA0,0x00,0x69,0x96,
	0x99,0x99,0x99,0x99,0x00,0x09,0x99,0x99,0x99,0x99,0x99,0x99,0x99,0x99,0x99,0x00,0x00,0x99,0x99,0x99,0x99,0x99,0x99,0x99,
	0x40,0x00,0x69,0x96,0x60,0x86,0x60,0x00,0x00,0x00,0x06,0x99,0x99,0x99,0x99,0x99,0x99,0x99,0x99,0x69,0x90,0x00,0x0A,0x99,
	0x99,0x99,0x99,0x99,0x96,0x00,0x0A,0x99,0x99,0x99,0x99,0x99,0x36,0x00,0x00,0xA9,0x80,0x0A,0x99,0x99,0x93,0x99,0x99,0x99,
	0x99,0x99,0x99,0x40,0x00,0x00,0x00,0xCA,0x99,0x9A,0x00,0x00,0x99,0x69,0x99,0x99,0x99,0x69,0x96,0x96,0x69,0x96,0x99,0x96,
	0x99,0x99,0x96,0x99,0x66,0x40,0x00,0x84,0x66,0x99,0x66,0x09,0x99,0x00,0xA0,0x00,0x69,0x90,0x06,0x66,0x96,0x66,0x66,0x99,
	0x99,0x99,0x99,0x99,0x99,0x00,0x09,0x99,0x99,0x00,0xA9,0x93,0x96,0x60,0x0A,0x96,0x69,0x33,0x39,0x99,0x99,0x93,0x33,0x3A,
	0x00,0x00,0x00,0x00,0x06,0x99,0x99,0x99,0x60,0x04,0x99,0x99,0x99,0x99,0x66,0x66,0x00,0x89,0x99,0x60,0x06,0x99,0x99,0x99,
	0x96,0x00,0x00,0xA9,0x99,0x99,0x39,0x66,0x99,0x99,0x99,0x66,0x66,0x00,0x00,0x00,0x00,0xFF,0x99,0x66,0x99,0x99,0x99,0x66,
	0x96,0x96,0x99,0x96,0x66,0x96,0x69,0x69,0x96,0x99,0x69,0x68,0x0A,0x8A,0x96,0x66,0x66,0x99,0x99,0x99,0x66,0x96,0x69,0x69,
	0x99,0x69,0x99,0x69,0x99,0x99,0x66,0xA0,0x00,0x00,0x00,0x00,0x00,0x00,0x00,0x00,0x06,0x69,0x99,0x99,0x99,0x99,0x99,0x99,
	0x99,0x99,0x99,0x96,0x44,0x4A,0x00,0x8A,0xA4,0x69,0x99,0x99,0x99,0x99,0x99,0x99,0x99,0x99,0x66,0x69,0x66,0x69,0x99,0x99,
	0x49,0x66,0x64,0x66,0x49,0x49,0x64,0xAA,0x4A,0xA8,0xA0,0xA8,0xA8,0x00,0x80,0x0A,0x08,0x00,0x80,0x80,0x00,0x00,0x00,0x08,
	0x00,0x00,0x00,0xA0,0x80,0x00,0x00,0x00,0x08,0x00,0x6A,0x00,0x00,0x80,0xA0,0x08,0x60,0x08,0x00,0x80,0x88,0x4A,0x88,0x88,
	0x06,0x00,0x00,0xFF,0x84,0xA0,0x80,0xA8,0x4A,0x88,0xAA,0x0A,0xA8,0x0A,0xA8,0x08,0x68,0x46,0x66,0xA6,0x46,0x44,0x60,0x00,
	0x00,0x00,0x66,0x66,0x66,0x80,0x00,0x00,0x00,0x06,0x66,0x66,0x66,0x66,0x69,0x66,0x69,0x66,0x66,0x66,0x96,0x66,0x66,0x66,
	0x66,0x99,0x60,0x00,0x89,0x99,0x99,0x99,0x99,0x98,0x00,0x09,0x99,0x99,0x99,0x99,0x99,0x99,0x99,0x99,0x96,0x00,0x00,0x99,
	0x99,0x99,0x99,0x99,0x99,0x99,0x9A,0x00,0x0A,0x99,0x99,0x96,0x64,0x00,0x00,0x60,0x08,0x99,0x99,0x99,0x66,0x96,0x69,0x99,
	0x99,0x96,0x98,0x00,0x00,0x99,0x99,0x99,0x93,0x99,0x96,0x00,0x00,0x99,0x99,0x99,0x99,0x99,0x99,0x30,0x00,0x00,0x00,0x06,
	0x99,0x99,0x99,0x39,0x99,0x96,0x96,0x99,0x99,0x40,0x00,0x60,0x00,0xCA,0x69,0x66,0x00,0x00,0x69,0x99,0x99,0x99,0x99,0x96,
	0x69,0x69,0x99,0x99,0x99,0x99,0x99,0x99,0x99,0x40,0x00,0x49,0x99,0x69,0x99,0x69,0x90,0x46,0x66,0x60,0x06,0x96,0x00,0x00,
	0x66,0x66,0x96,0x66,0x66,0x69,0x99,0x99,0x99,0x99,0x96,0x00,0x09,0x99,0x96,0x00,0xA9,0x93,0x99,0x60,0x0A,0x69,0x66,0x69,
	0x99,0x99,0x99,0x99,0x99,0x96,0x00,0x00,0x00,0x00,0x49,0x99,0x99,0x99,0x00,0x00,0x49,0x99,0x66,0x66,0x66,0x69,0x00,0x09,
	0x99,0x60,0x06,0x99,0x99,0x99,0x99,0xA0,0x00,0x99,0x99,0x99,0x93,0x39,0x99,0x99,0x93,0x99,0x96,0x00,0x00,0x00,0x00,0xFF,
	0x99,0x99,0x69,0x69,0x96,0x96,0x96,0x66,0x99,0x99,0x69,0x96,0x66,0x96,0x96,0x69,0x99,0x66,0x66,0x69,0x66,0x66,0x99,0x96,
	0x99,0x99,0x96,0x96,0x99,0x99,0x96,0x99,0x99,0x66,0x99,0x6A,0x00,0x00,0x00,0x00,0x00,0x00,0x00,0x00,0x00,0x00,0x00,0x0A,
	0x69,0x69,0x99,0x99,0x69,0x99,0x96,0x99,0x99,0x99,0x99,0x99,0x99,0x99,0x99,0x99,0x99,0x99,0x99,0x99,0x99,0x99,0x99,0x99,
	0x99,0x99,0x66,0x69,0x69,0x99,0x69,0x66,0x66,0x66,0x66,0x6A,0x94,0x60,0xA6,0xA8,0x00,0xA8,0x80,0x00,0x80,0xA0,0xA0,0x00,
	0x00,0x00,0x80,0x08,0x80,0x80,0x08,0x00,0x80,0x88,0x00,0x00,0x00,0x00,0xA0,0x0A,0x88,0xA0,0xAA,0x80,0x08,0x40,0x0A,0x00,
	0x8A,0xA0,0x46,0x0A,0x00,0x0A,0x00,0x40,0x00,0xFF,0x0A,0x88,0x08,0x40,0x00,0xA8,0x86,0x8A,0xA0,0xA8,0xAA,0x46,0x64,0x86,
	0x46,0xAA,0x64,0x66,0x60,0x00,0x00,0x00,0x06,0x66,0x60,0x00,0x00,0x00,0x00,0x96,0x66,0x66,0x66,0x69,0x99,0x99,0x66,0x66,
	0x66,0x66,0x66,0x99,0x96,0x96,0x66,0x99,0x90,0x00,0x09,0x69,0x99,0x99,0x99,0xA0,0x00,0x09,0x99,0x99,0x99,0x99,0x99,0x99,
	0x99,0x99,0x90,0x00,0x00,0x99,0x99,0x99,0x40,0x00,0xA9,0x99,0x99,0x00,0x00,0x49,0x99,0x96,0xA0,0x00,0x06,0x60,0x00,0x99,
	0x99,0x99,0x99,0x99,0x99,0x99,0x99,0x99,0x34,0x00,0x00,0x99,0x99,0x99,0x99,0x99,0x66,0x00,0x00,0x99,0x99,0x99,0x99,0x99,
	0x99,0x99,0x80,0x00,0x00,0x06,0x99,0x99,0x99,0x99,0x99,0x99,0x99,0x99,0x99,0x00,0x00,0xA0,0x00,0xCA,0x96,0x96,0x00,0x00,
	0x09,0x96,0x99,0x69,0x99,0x99,0x99,0x69,0x99,0x99,0x99,0x99,0x99,0x99,0x60,0x0A,0x99,0x69,0x96,0x66,0x99,0x99,0x90,0x69,
	0x66,0x96,0xA0,0x99,0x96,0xA0,0xA6,0x66,0x99,0x66,0x66,0x69,0x99,0x99,0x99,0x99,0x90,0x00,0x69,0x99,0x69,0x00,0xA9,0x99,
	0x99,0x90,0x00,0x99,0x99,0x99,0x99,0x99,0x99,0x99,0x99,0x99,0xA0,0x00,0x06,0x99,0x99,0x99,0x99,0x96,0x00,0x00,0x09,0x99,
	0x99,0x99,0x99,0x99,0xA0,0x09,0x99,0x60,0x06,0x99,0x99,0x99,0x99,0x9A,0x00,0x99,0x96,0x69,0x99,0x99,0x99,0x99,0x99,0x99,
	0x96,0x00,0x00,0x00,0x00,0xFF,0x66,0x96,0x69,0x66,0x66,0x66,0x99,0x66,0x66,0x69,0x99,0x69,0x69,0x69,0x66,0x66,0x96,0x66,
	0x96,0x69,0x96,0x64,0x00,0x08,0xA6,0x69,0x69,0x99,0x99,0x96,0x99,0x66,0x69,0x99,0x80,0x00,0x00,0x00,0x00,0x00,0x00,0x00,
	0x00,0x00,0x00,0x00,0x00,0x00,0x00,0x06,0x99,0x99,0x99,0x99,0x99,0x99,0x99,0x99,0x99,0x99,0x99,0x99,0x99,0x99,0x99,0x99,
	0x99,0x99,0x99,0x96,0x99,0x99,0x99,0x99,0x69,0x99,0x99,0x99,0x99,0x69,0x69,0x64,0x66,0x94,0x66,0x66,0x46,0x60,0x66,0x00,
	0x0A,0x00,0xAA,0xA0,0x00,0x08,0x00,0xA0,0x00,0x00,0x00,0xAA,0x80,0x00,0x00,0x00,0x00,0x00,0x00,0x00,0x80,0x88,0x00,0x8A,
	0x0A,0x4A,0x00,0xA0,0xAA,0xA8,0x48,0x88,0xA0,0x80,0xAA,0x8A,0x8A,0xA0,0x00,0xFF,0x8A,0x84,0x46,0x0A,0xA8,0xA4,0x8A,0xAA,
	0xA0,0xA4,0x8A,0x64,0x84,0xA6,0x6A,0x64,0x66,0x64,0x68,0x00,0x00,0x00,0x04,0x60,0x00,0x00,0x00,0x00,0x46,0x69,0x66,0x66,
	0x66,0x66,0x69,0x99,0x99,0x99,0x99,0x99,0x66,0x66,0x66,0x99,0x99,0x99,0x36,0x00,0x06,0x66,0x99,0x66,0x6A,0x00,0x00,0x99,
	0x99,0x99,0x99,0x99,0x99,0x99,0x99,0x99,0xA0,0x00,0x00,0x69,0x99,0x60,0x00,0x00,0x09,0x99,0x99,0x90,0x00,0x00,0x8A,0x00,
	0x00,0x00,0x06,0x60,0x00,0x96,0x99,0x99,0x99,0x99,0x99,0x99,0x99,0x99,0x96,0x00,0x00,0x69,0x99,0x99,0x99,0x99,0x99,0x00,
	0x00,0xA9,0x99,0x99,0x99,0x99,0x99,0x99,0x99,0x00,0x00,0x00,0x99,0x99,0x99,0x99,0x99,0x99,0x69,0x99,0x60,0x00,0x00,0x00,
	0x00,0xCA,0x99,0x99,0x00,0x00,0x04,0x99,0x99,0x99,0x99,0x99,0x99,0x99,0x99,0x99,0x99,0x99,0x99,0x60,0x09,0x99,0x66,0x69,
	0x99,0x66,0x69,0x96,0x60,0x96,0x96,0x96,0x6A,0x06,0x66,0x40,0x00,0x66,0x99,0x96,0x69,0x99,0x99,0x99,0x99,0x99,0x00,0x00,
	0x99,0x96,0x66,0x00,0x86,0x99,0x99,0x60,0x00,0x66,0x96,0x99,0x99,0x99,0x99,0x99,0x39,0x99,0x99,0x99,0x99,0x99,0x99,0x96,
	0xA9,0x90,0x00,0x00,0x09,0x99,0x96,0x99,0x99,0x99,0x60,0x09,0x99,0x60,0x06,0x99,0x99,0x99,0x99,0x94,0x00,0x99,0x66,0x99,
	0x99,0x99,0x99,0x99,0x99,0x99,0x96,0x00,0x00,0x00,0x00,0xFF,0x96,0x69,0x96,0x96,0x66,0x69,0x69,0x66,0x96,0x99,0x69,0x69,
	0x99,0x96,0x96,0x99,0x69,0x69,0x96,0x96,0x90,0x00,0x00,0x00,0x00,0x00,0x89,0x96,0x99,0x99,0x96,0x99,0x99,0x40,0x00,0x00,
	0x00,0x00,0x00,0x00,0x00,0x00,0x00,0x00,0x00,0x00,0x00,0x00,0x00,0x00,0xA4,0x69,0x99,0x99,0x99,0x99,0x96,0xA0,0x00,0x00,
	0x00,0xAA,0x46,0x99,0x99,0x99,0x99,0x99,0x99,0x99,0x99,0x99,0x99,0x96,0x99,0x69,0x99,0x66,0x99,0x69,0x66,0x96,0xA6,0x69,
	0x66,0x66,0x66,0x4A,0x6A,0x44,0xA8,0x80,0x00,0x00,0x08,0x08,0x88,0x08,0x80,0x00,0x8A,0x00,0x00,0x00,0x00,0x0A,0xA0,0xA8,
	0x08,0x00,0x00,0x0A,0x00,0x4A,0xA0,0x0A,0x8A,0xA0,0xA0,0xA8,0x48,0xAA,0x0A,0x4A,0xA4,0x08,0x80,0x00,0x00,0xFF,0x6A,0xAA,
	0xAA,0xAA,0x8A,0x48,0xA0,0x4A,0xAA,0xA6,0x88,0x84,0xA6,0x4A,0x66,0x66,0x64,0x4A,0x66,0x00,0x00,0x00,0x00,0x80,0x00,0x00,
	0x00,0x06,0x94,0x66,0x69,0x99,0x66,0x66,0x66,0x96,0x99,0x66,0x66,0x66,0x66,0x66,0x66,0x99,0x99,0x99,0x99,0x00,0x08,0x99,
	0x99,0x66,0x00,0x00,0x06,0x99,0x99,0x99,0x99,0x99,0x99,0x99,0x99,0x99,0x00,0x04,0x00,0x09,0x99,0x00,0x00,0x00,0x69,0x99,
	0x99,0x99,0x80,0x00,0x00,0x00,0x00,0x00,0x06,0x60,0x00,0x99,0x99,0x99,0x99,0x99,0x33,0x39,0x99,0x93,0x99,0x00,0x00,0x49,
	0x99,0x99,0x99,0x99,0x99,0x00,0x00,0x09,0x99,0x99,0x99,0x99,0x99,0x99,0x99,0x98,0x00,0x00,0x09,0x99,0x93,0x39,0x99,0x99,
	0x96,0x6A,0x00,0x00,0x00,0x00,0x00,0xCA,0x99,0x99,0xA0,0x00,0x00,0x99,0x99,0x99,0x99,0x69,0x99,0x96,0x99,0x96,0x99,0x99,
	0x90,0x06,0x99,0x96,0x99,0x99,0x99,0x66,0x69,0x96,0x40,0x66,0x69,0x66,0x69,0xA0,0x99,0xA0,0x60,0x06,0x96,0x96,0x66,0x66,
	0x99,0x99,0x99,0x96,0x00,0x00,0x93,0x39,0x99,0x00,0x89,0x96,0x69,0x90,0x00,0x66,0x66,0x69,0x99,0x99,0x99,0x99,0x99,0x99,
	0x99,0x99,0x99,0x99,0x99,0x90,0x06,0x90,0x08,0xA0,0x09,0x99,0x99,0x99,0x99,0x99,0x90,0x04,0x99,0x60,0x06,0x99,0x99,0x99,
	0x99,0x96,0x00,0x69,0x66,0x96,0x99,0x99,0x99,0x99,0x93,0x99,0x96,0x00,0x00,0x00,0x00,0xFF,0x96,0x99,0x96,0x96,0x96,0x96,
	0x96,0x96,0x96,0x69,0x96,0x96,0x69,0x66,0x66,0x66,0x66,0x96,0x66,0x69,0x00,0x00,0x00,0x00,0x00,0x00,0x00,0xA6,0x66,0x96,
	0x96,0x96,0x98,0x00,0x00,0x00,0x00,0x00,0x00,0x00,0x00,0x00,0x00,0x00,0x00,0x00,0x00,0x00,0x00,0x00,0x00,0x0A,0x99,0x99,
	0x99,0x96,0x00,0x00,0x00,0x00,0x00,0x00,0x00,0x00,0x0A,0x46,0x99,0x99,0x99,0x99,0x99,0x99,0x99,0x96,0x96,0x99,0x99,0x96,
	0x99,0x69,0x69,0x99,0x49,0x66,0x64,0x49,0x66,0xA9,0xAA,0x6A,0x4A,0x0A,0x84,0x08,0x80,0x80,0x00,0x00,0x80,0x0A,0x00,0x00,
	0x80,0x00,0x08,0x08,0x8A,0x00,0x00,0x00,0x00,0x8A,0x0A,0x00,0xA4,0x08,0x00,0x08,0x80,0x0A,0x00,0x88,0x0A,0x08,0x80,0xA0,
	0x0A,0x80,0x00,0xFF,0xA0,0xA6,0x64,0x8A,0xAA,0x86,0x06,0x4A,0x04,0xA8,0xA4,0xA4,0x6A,0x6A,0xA6,0x44,0x64,0x66,0x66,0x40,
	0x00,0x00,0x00,0x00,0x00,0x00,0x00,0x46,0x66,0x66,0x66,0x66,0x66,0x96,0x66,0x66,0x66,0x66,0x66,0x69,0x96,0x66,0x96,0x69,
	0x99,0x99,0x99,0x80,0x00,0x99,0x96,0x90,0x00,0x00,0x69,0x99,0x99,0x99,0x93,0x99,0x99,0x99,0x99,0x68,0x00,0x09,0x00,0x09,
	0x90,0x00,0x04,0x99,0x99,0x99,0x99,0x99,0x94,0x00,0x00,0x00,0x0A,0x80,0x0A,0x90,0x00,0x69,0x99,0x99,0x99,0x99,0x99,0x39,
	0x99,0x99,0x99,0x00,0x00,0x09,0x99,0x99,0x99,0x93,0x99,0x80,0x00,0x09,0x99,0x99,0x99,0x99,0x99,0x99,0x99,0x9A,0x00,0x00,
	0x00,0x69,0x99,0x93,0x99,0x99,0x99,0x40,0x00,0x09,0x00,0x00,0x00,0xCA,0x99,0x99,0x60,0x00,0x00,0x69,0x99,0x99,0x99,0x69,
	0x99,0x69,0x99,0x99,0x99,0x99,0x00,0x99,0x99,0x99,0x66,0x99,0x99,0x69,0x69,0x99,0x04,0x66,0x66,0x66,0x66,0x9A,0x06,0xA4,
	0x66,0x00,0x99,0x66,0x66,0x99,0x66,0x99,0x90,0x00,0x00,0x04,0x99,0x99,0x99,0x00,0x89,0x99,0x69,0x60,0x00,0x99,0x99,0x99,
	0x99,0x96,0x96,0x99,0x69,0x99,0x69,0x99,0x99,0x99,0x99,0x90,0x00,0xA0,0x06,0x40,0x09,0x99,0x99,0x99,0x99,0x99,0x90,0x0A,
	0x99,0x40,0x09,0x99,0x99,0x99,0x99,0x96,0x00,0xA6,0x69,0x99,0x99,0x99,0x99,0x99,0x99,0x99,0x96,0x00,0x00,0x00,0x00,0xFF,
	0x66,0x66,0x66,0x99,0x66,0x69,0x69,0x66,0x96,0x96,0x69,0x66,0x66,0x99,0x69,0x66,0x99,0x99,0x66,0x90,0x00,0x00,0x00,0x00,
	0x00,0x00,0x00,0x00,0xA6,0x66,0x99,0x9A,0x00,0x00,0x00,0x00,0x00,0x00,0x00,0x00,0x00,0x66,0x99,0x99,0x99,0x99,0x96,0x40,
	0x00,0x00,0x00,0x00,0x0A,0x99,0x99,0x00,0x00,0x00,0x00,0x00,0x00,0x00,0x00,0x00,0x00,0x00,0x00,0x84,0x69,0x99,0x99,0x99,
	0x99,0x99,0x99,0x69,0x99,0x99,0x96,0x99,0x69,0x99,0x66,0x96,0x96,0x66,0x69,0x69,0x66,0x4A,0x84,0x4A,0x8A,0x88,0xA0,0x0A,
	0x80,0xA0,0x00,0x80,0x80,0x00,0x00,0x80,0x08,0x00,0x0A,0x00,0x08,0x00,0x00,0x08,0x00,0xA4,0x8A,0x80,0xA0,0xA8,0x88,0x08,
	0x8A,0xA0,0x08,0x08,0xA0,0x48,0x00,0x00,0x00,0xFF,0x0A,0x04,0xA8,0x86,0x0A,0x48,0xA8,0xA8,0xAA,0xA4,0xA6,0xA4,0xAA,0x66,
	0xA6,0x46,0x66,0x69,0xA6,0x66,0x00,0x00,0x00,0x00,0x00,0x00,0x06,0x69,0x99,0x66,0x66,0x99,0x69,0x99,0x96,0x66,0xA0,0x00,
	0xA6,0x66,0x99,0x96,0x66,0x69,0x99,0x99,0x99,0x40,0x00,0x99,0x40,0x00,0x00,0x06,0x99,0x99,0x99,0x39,0x93,0x33,0x33,0x99,
	0x99,0x90,0x00,0x99,0x00,0x09,0x00,0x00,0x39,0x99,0x99,0x99,0x99,0x99,0x99,0x99,0xAA,0x66,0x66,0x60,0x00,0x64,0x00,0x89,
	0x99,0x99,0x99,0x99,0x99,0x69,0x99,0x99,0x99,0x00,0x00,0x0A,0x99,0x99,0x99,0x99,0x99,0x40,0x00,0x00,0x99,0x99,0x99,0x99,
	0x99,0x99,0x99,0x90,0x00,0xA0,0x00,0x00,0x69,0x93,0x93,0x99,0xA0,0x00,0x00,0x99,0x00,0x00,0x00,0xCA,0x09,0x99,0x60,0x00,
	0x00,0x09,0x69,0x99,0x96,0x96,0x96,0x99,0x99,0x99,0x99,0xA0,0x69,0x99,0x99,0x99,0x99,0x69,0x99,0x99,0x99,0x96,0x09,0x99,
	0x69,0x96,0x66,0x96,0x40,0x09,0x96,0x60,0x99,0x66,0x99,0x69,0x93,0x99,0x60,0x00,0x00,0x09,0x99,0x99,0x99,0x00,0x09,0x99,
	0x99,0x9A,0x00,0x69,0x99,0x96,0x99,0x99,0x99,0x00,0x00,0xA9,0x99,0x96,0xA0,0x00,0x00,0x00,0x00,0x00,0x06,0x60,0x06,0x99,
	0x99,0x99,0x99,0x99,0x90,0x00,0x99,0x00,0x09,0x99,0x99,0x99,0x99,0x99,0x00,0x89,0x99,0x99,0x99,0x99,0x99,0x99,0x99,0x39,
	0x36,0x00,0x00,0x00,0x00,0xFF,0x96,0x66,0x66,0x99,0x96,0x99,0x99,0x99,0x66,0x66,0x69,0x99,0x69,0x99,0x96,0x66,0x69,0x66,
	0x96,0xA0,0x00,0x00,0x00,0x00,0x00,0x00,0x00,0x00,0x00,0x06,0x99,0x40,0x00,0x00,0x00,0x00,0x00,0x00,0x00,0xA6,0x96,0x96,
	0x96,0x99,0x99,0x96,0x99,0x99,0x68,0x00,0x00,0x00,0x00,0x00,0x00,0x00,0x00,0x00,0x00,0x00,0x00,0x00,0x00,0x00,0x00,0x00,
	0x00,0x00,0x00,0x69,0x99,0x99,0x99,0x99,0x99,0x99,0x96,0x96,0x99,0x69,0x99,0x94,0x99,0x69,0x96,0x66,0xA6,0x66,0x96,0x46,
	0x64,0x88,0x46,0xAA,0xAA,0xA0,0xA0,0xA0,0x6A,0x00,0x0A,0x00,0x00,0x00,0x00,0x00,0xA0,0x80,0x00,0x00,0x0A,0x0A,0x08,0x88,
	0xA0,0x80,0xA0,0x08,0xAA,0x8A,0x84,0x44,0x4A,0x8A,0x00,0xAA,0x8A,0xA0,0x00,0xFF,0xA8,0x04,0x8A,0xAA,0x0A,0xA8,0x6A,0xA0,
	0xAA,0x60,0x66,0x64,0x66,0x66,0xA6,0xA6,0x46,0x44,0x66,0x46,0x60,0x00,0x00,0x00,0x00,0x00,0x49,0x66,0x66,0x66,0x66,0x69,
	0x66,0x99,0x96,0xA0,0x00,0x00,0x00,0x06,0x66,0x66,0x66,0x66,0x99,0x99,0x96,0x60,0x00,0x90,0x00,0x00,0x00,0x99,0x99,0x99,
	0x99,0x99,0x99,0x99,0x99,0x99,0x99,0x60,0x00,0x99,0x80,0x0A,0x00,0x06,0x99,0x99,0x99,0x99,0x99,0x99,0x99,0x99,0x99,0x99,
	0x66,0x60,0x00,0x99,0x00,0x09,0x99,0x99,0x99,0x99,0x99,0x99,0x99,0x99,0x99,0x00,0x00,0x00,0x99,0x99,0x99,0x99,0x99,0x60,
	0x00,0x00,0x99,0x99,0x99,0x99,0x99,0x99,0x99,0x60,0x00,0x90,0x00,0x00,0x00,0x49,0x99,0x60,0x00,0x00,0x09,0x99,0x00,0x00,
	0x00,0xCA,0x06,0x99,0x90,0x00,0x00,0x06,0x69,0x99,0x99,0x99,0x99,0x99,0x99,0x99,0x94,0x06,0x96,0x99,0x99,0x99,0x99,0x99,
	0x99,0x99,0x99,0x94,0x09,0x99,0x96,0x69,0x99,0x99,0x96,0x06,0x99,0x66,0x89,0x66,0x69,0x99,0x69,0x99,0x90,0x00,0x00,0x09,
	0x99,0x99,0x96,0x00,0x09,0x99,0x99,0x94,0x00,0x66,0x99,0x99,0x96,0x99,0x90,0x00,0x00,0x00,0x00,0x00,0x00,0x00,0x00,0x00,
	0x00,0x00,0x89,0x90,0x04,0x99,0x99,0x99,0x99,0x99,0x90,0x00,0x33,0x00,0x09,0x99,0x99,0x99,0x99,0x99,0x00,0x09,0x99,0x99,
	0x99,0x69,0x99,0x99,0x93,0x99,0x36,0x00,0x00,0x00,0x00,0xFF,0x69,0x66,0x96,0x99,0x66,0x96,0x66,0x99,0x66,0x99,0x99,0x96,
	0x69,0x69,0x99,0x66,0x69,0x69,0x66,0x00,0x00,0x00,0x00,0x00,0x00,0x00,0x00,0x00,0x00,0x00,0x90,0x00,0x00,0x00,0x00,0x00,
	0x00,0xA6,0x99,0x99,0x66,0x99,0x99,0x69,0x66,0x66,0x99,0x99,0x99,0x94,0x00,0x00,0x00,0x00,0x00,0x00,0x00,0x00,0x00,0x00,
	0x00,0x00,0x00,0x00,0x00,0x00,0x00,0x00,0x00,0x00,0x49,0x99,0x99,0x99,0x99,0x99,0x99,0x99,0x66,0x69,0x96,0x49,0x66,0x99,
	0x99,0x99,0x46,0x66,0x66,0x6A,0x66,0x6A,0x68,0xA4,0xAA,0xA8,0x08,0x04,0x80,0x08,0x00,0x04,0x00,0x00,0x0A,0x08,0x08,0x00,
	0x80,0x08,0x00,0xA8,0xAA,0x08,0x80,0x08,0x08,0x08,0xA8,0x80,0x8A,0x00,0x4A,0x88,0x8A,0x08,0x04,0xA0,0x00,0xFF,0x80,0x88,
	0xAA,0xAA,0x88,0x8A,0xA4,0xA4,0x6A,0x6A,0x44,0x4A,0x46,0xA4,0x66,0x46,0x64,0x46,0x66,0x66,0x66,0x80,0x00,0x00,0x00,0x00,
	0x66,0x66,0x66,0x66,0x66,0x66,0x66,0x99,0x60,0x00,0x00,0x00,0x00,0x00,0x69,0x99,0x96,0x66,0x69,0x99,0x99,0x90,0x00,0x00,
	0x00,0x00,0x89,0x99,0x99,0x99,0x69,0x99,0x69,0x99,0x99,0x99,0x99,0xA0,0x04,0x99,0x40,0x00,0x00,0x49,0x99,0x99,0x99,0x99,
	0x99,0x99,0x99,0x99,0x99,0x99,0x96,0x60,0x00,0x69,0x00,0x06,0x99,0x99,0x99,0x99,0x99,0x99,0x99,0x99,0x99,0x00,0x00,0x00,
	0x99,0x99,0x99,0x99,0x99,0x90,0x00,0x00,0x09,0x99,0x99,0x99,0x99,0x99,0x99,0xA0,0x00,0x99,0x00,0x00,0x00,0x00,0x00,0x00,
	0x00,0x06,0x99,0x99,0x00,0x00,0x00,0xCA,0x06,0x99,0x90,0x00,0x00,0x09,0x99,0x99,0x99,0x66,0x99,0x99,0x99,0x99,0x90,0x69,
	0x99,0x99,0x99,0x99,0x66,0x39,0x99,0x99,0x69,0x98,0x09,0x99,0x96,0x69,0x99,0x96,0x99,0x66,0x69,0x66,0x09,0x69,0x99,0x69,
	0x69,0x99,0x90,0x00,0x00,0xA9,0x99,0x99,0x99,0x00,0x09,0x99,0x99,0x96,0x00,0x69,0x99,0x99,0x96,0x99,0x90,0x00,0x60,0x00,
	0x00,0x00,0x00,0x00,0x00,0xA0,0x00,0x69,0x99,0x90,0x0A,0x99,0x99,0x99,0x99,0x99,0x98,0x00,0x99,0x00,0x69,0x99,0x99,0x99,
	0x99,0x99,0x00,0x09,0x99,0x99,0x99,0x99,0x99,0x99,0x99,0x99,0x96,0x00,0x00,0x00,0x00,0xFF,0x66,0x66,0x99,0x66,0x66,0x69,
	0x99,0x96,0x69,0x99,0x64,0x69,0x69,0x66,0x69,0x99,0x66,0x66,0x60,0x00,0x00,0x00,0x00,0x00,0x00,0x08,0x00,0x00,0x00,0x00,
	0x00,0x00,0x00,0x00,0x00,0x04,0x69,0x99,0x69,0x96,0x69,0x99,0x99,0x99,0x96,0x69,0x99,0x99,0x99,0x99,0x99,0x6A,0x00,0x00,
	0x00,0x00,0x00,0x00,0x00,0x00,0x00,0x00,0x00,0x00,0x00,0x00,0x00,0x00,0x00,0x00,0x00,0xA9,0x99,0x99,0x99,0x99,0x66,0x99,
	0x99,0x99,0x96,0x99,0x99,0x69,0x96,0x66,0x66,0x66,0x96,0xAA,0x46,0x46,0x90,0x4A,0xA8,0xAA,0xAA,0x8A,0x0A,0x0A,0x40,0xA8,
	0x80,0x00,0x00,0x88,0x00,0xAA,0x0A,0x0A,0x0A,0x00,0x08,0xAA,0x80,0x00,0x08,0x88,0x08,0x00,0xA8,0xA6,0x0A,0xA8,0xAA,0x4A,
	0xAA,0x00,0x00,0xFF,0xA4,0xA6,0xAA,0xAA,0xAA,0xA4,0x44,0x68,0x4A,0x46,0xA6,0x86,0x46,0x64,0x44,0x66,0x44,0x66,0x66,0x66,
	0x66,0x66,0xA0,0x00,0x00,0x00,0x06,0x69,0x66,0x69,0x69,0x96,0x66,0x6A,0x00,0x00,0x00,0x00,0x00,0x00,0x04,0x99,0x96,0x66,
	0x66,0x66,0x96,0xA0,0x00,0x00,0x00,0x89,0x99,0x99,0x99,0x99,0x99,0x99,0x99,0x99,0x99,0x99,0x96,0x00,0x09,0x99,0x90,0x00,
	0x00,0x99,0x99,0x99,0x99,0x99,0x99,0x99,0x99,0x99,0x99,0x99,0x99,0x30,0x00,0x89,0x00,0x00,0x99,0x99,0x99,0x99,0x99,0x99,
	0x99,0x99,0x99,0x00,0x06,0x00,0x09,0x99,0x99,0x99,0x99,0x90,0x00,0x00,0x06,0x99,0x99,0x99,0x99,0x99,0x99,0x00,0x06,0x99,
	0x94,0x00,0x00,0x00,0x00,0x00,0x04,0x99,0x99,0x99,0x00,0x00,0x00,0xCA,0x00,0x99,0x96,0x00,0x00,0x69,0x96,0x99,0x96,0x69,
	0x99,0x99,0x99,0x99,0xA4,0x99,0x99,0x99,0x99,0x99,0x96,0x66,0x99,0x99,0x99,0x90,0x09,0x69,0x66,0x66,0x69,0x99,0x96,0x99,
	0x96,0x99,0x06,0x66,0x99,0x99,0x99,0x99,0x90,0x00,0x00,0x99,0x99,0x99,0x93,0x80,0x09,0x99,0x99,0x96,0x00,0x69,0x99,0x99,
	0x96,0x93,0x00,0x09,0x40,0x00,0x00,0xA6,0x99,0x99,0x99,0x9A,0x00,0xA9,0x99,0x90,0x00,0x99,0x99,0x99,0x99,0x99,0x94,0x00,
	0x60,0x00,0x99,0x99,0x99,0x99,0x99,0x99,0xA0,0x09,0x99,0x99,0x99,0x93,0x99,0x99,0x99,0x99,0x96,0x00,0x00,0x00,0x00,0xFF,
	0x66,0x66,0x96,0x66,0x66,0x66,0x66,0x94,0xA0,0x00,0x00,0x00,0x00,0x00,0x08,0x69,0x96,0x99,0x00,0x00,0x00,0x00,0x00,0x06,
	0x99,0x99,0x99,0x60,0x00,0x00,0x00,0x00,0x00,0x00,0x0A,0x96,0x69,0x99,0x99,0x96,0x99,0x96,0x96,0x99,0x96,0x96,0x99,0x96,
	0x99,0x96,0x99,0x99,0x90,0x00,0x00,0x00,0x00,0x00,0x00,0x00,0x00,0x8A,0x44,0x6A,0xA4,0x80,0x00,0x00,0x00,0x00,0x00,0x00,
	0x99,0x96,0x48,0x00,0x00,0x00,0x0A,0x69,0x96,0x69,0x96,0x96,0x96,0x96,0x69,0x69,0x46,0x66,0x9A,0x4A,0x49,0x4A,0xA6,0x66,
	0xA8,0xAA,0xA4,0xA0,0x0A,0x08,0x0A,0x08,0x80,0x80,0x00,0x08,0x00,0xA0,0x40,0x88,0xA0,0x0A,0x80,0x00,0xAA,0x08,0x80,0x48,
	0x0A,0x0A,0x84,0xA4,0x4A,0xA8,0xA8,0xA0,0x00,0xFF,0x48,0x44,0x0A,0xA0,0x66,0x4A,0x4A,0x4A,0x44,0x44,0x4A,0x66,0x46,0x66,
	0x66,0x66,0x66,0x66,0x66,0x66,0x66,0x66,0x64,0x00,0x00,0x00,0x00,0x0A,0x96,0x96,0x69,0x96,0x66,0x60,0x00,0x00,0x00,0x00,
	0x00,0x00,0x00,0x99,0x66,0x66,0x66,0x64,0x00,0x00,0x00,0x00,0xA6,0x93,0x99,0x99,0x99,0x99,0x99,0x99,0x99,0x99,0x99,0x99,
	0x98,0x00,0xA9,0x96,0x9A,0x00,0x0A,0x99,0x99,0x99,0x99,0x99,0x99,0x99,0x99,0x99,0x99,0x99,0x96,0x90,0x00,0x09,0x60,0x00,
	0x69,0x99,0x99,0x99,0x99,0x99,0x99,0x99,0x39,0x00,0x09,0x00,0x09,0x33,0x39,0x99,0x99,0x90,0x00,0xA0,0x00,0x99,0x99,0x99,
	0x99,0x99,0x66,0x00,0x06,0x66,0x66,0x60,0x00,0x00,0x00,0x00,0x00,0x49,0x99,0x99,0xA0,0x00,0x00,0xCA,0x00,0xA9,0x99,0x6A,
	0xA6,0x66,0x69,0x96,0x69,0x69,0x99,0x99,0x99,0x99,0x09,0x99,0x99,0x99,0x99,0x99,0x99,0x99,0x99,0x99,0x99,0x90,0x06,0x99,
	0x66,0x99,0x99,0x99,0x69,0x99,0x96,0x69,0x0A,0x96,0x99,0x99,0x99,0x99,0x90,0x00,0x0A,0x99,0x99,0x99,0x93,0xA0,0x09,0x99,
	0x99,0x96,0x00,0x69,0x69,0x99,0x99,0x69,0x00,0x49,0x90,0x00,0x04,0x99,0x99,0x99,0x99,0x90,0x00,0x06,0x99,0x90,0x00,0x99,
	0x99,0x99,0x99,0x99,0x96,0x00,0x90,0x00,0x99,0x99,0x99,0x99,0x99,0x99,0x60,0x06,0x99,0x99,0x99,0x93,0x99,0x99,0x99,0x99,
	0x96,0x00,0x00,0x00,0x00,0xFF,0x96,0x66,0x66,0x69,0x99,0x66,0x40,0x00,0x00,0x00,0x00,0x00,0x00,0x00,0x00,0x00,0x0A,0x66,
	0x00,0x00,0x00,0x00,0x06,0x69,0x66,0x99,0x96,0x69,0xA0,0x00,0x00,0x00,0x00,0x00,0x99,0x99,0x69,0x99,0x69,0x99,0x99,0x69,
	0x69,0x96,0x96,0x99,0x99,0x99,0x99,0x69,0x99,0x99,0x99,0x90,0x00,0x00,0x00,0x00,0x00,0xA6,0x99,0x99,0x99,0x99,0x99,0x39,
	0x96,0x99,0x60,0x00,0x00,0x00,0x00,0x00,0x00,0x00,0x00,0x00,0x00,0x0A,0x69,0x66,0x99,0x69,0x69,0x66,0x69,0x66,0x94,0x69,
	0x66,0x66,0x6A,0x6A,0x86,0x84,0x6A,0x86,0xA8,0x40,0x8A,0x48,0x08,0x0A,0x00,0xA0,0x8A,0x80,0x88,0xA0,0x4A,0x00,0x08,0x00,
	0xA8,0x08,0x48,0x08,0x80,0xAA,0x0A,0xAA,0x88,0xA8,0xAA,0x48,0x8A,0xA0,0x00,0xFF,0xA8,0xAA,0x6A,0x86,0x6A,0x46,0xA4,0x46,
	0x8A,0x66,0x66,0x6A,0x66,0x66,0x66,0x66,0x66,0x64,0x66,0x66,0x66,0x66,0x66,0x66,0x40,0x00,0x00,0x00,0x00,0x00,0x04,0x66,
	0x96,0x00,0x00,0x00,0x00,0x00,0x00,0x00,0x00,0x46,0x66,0x40,0x00,0x00,0x00,0x00,0x00,0xA6,0x63,0x99,0x99,0x99,0x99,0x99,
	0x99,0x99,0x99,0x99,0x99,0x99,0x60,0x00,0x99,0x99,0x60,0x00,0x06,0x99,0x99,0x99,0x99,0x93,0x99,0x99,0x99,0x99,0x99,0x99,
	0x96,0x6A,0x00,0x09,0x90,0x00,0x09,0x99,0x99,0x99,0x93,0x39,0x99,0x99,0x96,0x00,0xA9,0xA0,0x00,0x99,0x93,0x39,0x99,0x90,
	0x00,0x90,0x00,0x09,0x99,0x99,0x99,0x66,0x90,0x00,0x69,0x99,0x99,0x99,0x9A,0x00,0x00,0x00,0x00,0x00,0x99,0x99,0x60,0x00,
	0x00,0xCA,0x00,0x09,0x99,0x96,0x99,0x99,0x99,0x69,0x66,0x66,0x66,0x66,0x39,0x96,0x09,0x99,0x99,0x99,0x99,0x99,0x99,0x99,
	0x99,0x99,0x99,0x60,0x49,0x99,0x96,0x96,0x66,0x69,0x99,0x96,0x66,0x69,0xA0,0x69,0x99,0x99,0x99,0x99,0x90,0x00,0x99,0x99,
	0x99,0x99,0x99,0x60,0x09,0x99,0x99,0x99,0x00,0x69,0x99,0x99,0x96,0x96,0x00,0x96,0x60,0x00,0x06,0x39,0x99,0x99,0x99,0x60,
	0x00,0x00,0x99,0x9A,0x00,0x99,0x99,0x99,0x99,0x99,0x99,0x00,0x00,0x06,0x99,0x99,0x99,0x99,0x99,0x99,0x90,0x0A,0x99,0x99,
	0x99,0x99,0x99,0x99,0x99,0x99,0x96,0x00,0x00,0x00,0x00,0xFF,0x66,0x99,0x66,0x69,0x69,0x9A,0x00,0x00,0x00,0x00,0x00,0x00,
	0x00,0x00,0x00,0x00,0x00,0x00,0x00,0x00,0x00,0x00,0x69,0x99,0x96,0x69,0x69,0x69,0x60,0x00,0x00,0x00,0x00,0x06,0x99,0x99,
	0x96,0x99,0x99,0x66,0x69,0x96,0x66,0x99,0x99,0x99,0x99,0x66,0x96,0x99,0x99,0x66,0x99,0x99,0x80,0x00,0x00,0x00,0x06,0x99,
	0x99,0x99,0x99,0x99,0x99,0x99,0x99,0x99,0x99,0x9A,0x00,0x00,0x00,0x00,0x00,0x00,0x00,0x00,0x00,0x00,0x06,0x99,0x96,0x69,
	0x99,0x69,0x6A,0x69,0x96,0x66,0x46,0x6A,0xA6,0x6A,0x66,0x64,0xA4,0x6A,0xA4,0x08,0x00,0xA0,0x48,0xA8,0xA0,0xAA,0x88,0x88,
	0x8A,0x08,0x00,0xA0,0xA0,0x08,0x80,0xA4,0x0A,0xA8,0xA4,0x80,0xAA,0xA8,0x8A,0xA8,0x68,0xAA,0x8A,0x00,0x00,0xFF,0x0A,0x4A,
	0xAA,0xAA,0xA6,0x46,0x4A,0x44,0xA6,0x44,0x46,0x66,0x66,0x66,0xA6,0x69,0x66,0x66,0x66,0x66,0x66,0x66,0x99,0x66,0x66,0x6A,
	0x00,0x00,0x00,0x00,0x00,0x00,0x00,0x00,0x00,0x00,0x00,0x00,0x00,0x00,0x00,0x00,0x00,0x00,0x00,0x00,0x00,0x08,0x66,0x96,
	0x66,0x69,0x93,0x99,0x99,0x99,0x99,0x99,0x99,0x99,0x99,0x99,0x00,0x08,0x99,0x99,0x00,0x00,0x00,0x99,0x99,0x99,0x99,0x99,
	0x99,0x99,0x99,0x93,0x99,0x99,0x99,0x64,0x00,0x06,0x90,0x00,0x04,0x99,0x99,0x99,0x99,0x93,0x93,0x99,0x9A,0x00,0xA9,0x90,
	0x00,0x89,0x99,0x93,0x39,0x90,0x00,0x69,0x00,0x06,0x99,0x99,0x99,0x99,0x60,0x00,0x99,0x69,0x39,0x99,0x99,0x60,0x00,0x00,
	0x00,0x00,0xA9,0x99,0x60,0x00,0x00,0xCA,0x00,0x09,0x99,0x99,0x99,0x99,0x99,0x99,0x66,0x96,0x66,0x66,0x69,0x96,0x09,0x96,
	0x99,0x99,0x99,0x99,0x99,0x99,0x99,0x99,0x69,0x40,0x69,0x99,0x99,0x99,0x99,0x99,0x69,0x99,0x99,0x66,0x60,0x99,0x69,0x99,
	0x99,0x99,0x90,0x00,0x99,0x99,0x93,0x99,0x33,0x90,0x04,0x99,0x99,0x99,0x00,0x69,0x99,0x99,0x99,0x98,0x00,0x99,0x90,0x00,
	0x33,0x39,0x99,0x99,0x99,0x90,0x00,0x00,0x99,0x9A,0x00,0x99,0x99,0x99,0x99,0x99,0x99,0x00,0x00,0x09,0x99,0x99,0x99,0x99,
	0x99,0x99,0x90,0x00,0x99,0x99,0x99,0x99,0x99,0x99,0x99,0x99,0x96,0x00,0x00,0x00,0x00,0xFF,0x69,0x66,0x69,0x69,0x99,0x00,
	0x00,0x00,0x00,0x00,0x00,0x00,0x00,0x00,0x00,0x00,0x00,0x00,0x00,0x00,0x00,0x04,0x96,0x69,0x96,0x69,0x96,0x69,0x69,0x00,
	0x00,0x00,0x00,0x66,0x66,0x99,0x96,0x69,0x99,0x99,0x99,0x99,0x99,0x99,0x99,0x99,0x69,0x99,0x99,0x99,0x99,0x99,0x99,0x96,
	0x94,0x00,0x00,0x00,0x69,0x99,0x99,0x99,0x99,0x99,0x99,0x99,0x99,0x99,0x93,0x99,0x96,0x00,0x00,0x00,0x00,0x00,0x00,0x00,
	0x00,0x00,0x00,0x06,0x66,0x96,0x99,0x66,0x69,0x99,0x66,0x64,0x69,0x6A,0x96,0x64,0x64,0x64,0x64,0xA4,0x84,0x08,0x4A,0x40,
	0xA8,0xA8,0x8A,0x8A,0x80,0x08,0x04,0x08,0xA8,0x48,0x00,0x0A,0xA0,0x88,0x4A,0x6A,0x0A,0x4A,0x88,0x6A,0xAA,0x00,0xA8,0xAA,
	0x8A,0x00,0x00,0xFF,0x0A,0xAA,0x4A,0x00,0x6A,0x86,0x66,0x6A,0x44,0x66,0x46,0x66,0x66,0x66,0x6A,0x64,0x96,0x66,0x66,0x66,
	0x66,0x66,0x66,0x66,0x96,0x69,0x6A,0x80,0x00,0x00,0x00,0x00,0x00,0x00,0x00,0x00,0x00,0x00,0x00,0x00,0x00,0x00,0x00,0x00,
	0x00,0x00,0x04,0x66,0x69,0x99,0x99,0x66,0x39,0x39,0x99,0x96,0x99,0x99,0x99,0x99,0x99,0x99,0x00,0x04,0x99,0x99,0x00,0x00,
	0x00,0x99,0x99,0x99,0x99,0x99,0x99,0x99,0x99,0x33,0x33,0x99,0x39,0x96,0x00,0x00,0x6A,0x00,0x00,0x99,0x99,0x99,0x99,0x93,
	0x33,0x39,0x90,0x00,0x69,0x96,0x00,0x09,0x99,0x99,0x33,0x90,0x00,0x99,0x00,0x00,0x99,0x96,0x99,0x99,0x00,0x08,0x69,0x66,
	0x69,0x99,0x39,0x93,0x00,0x00,0x00,0x00,0x09,0x99,0x60,0x00,0x00,0xCA,0x00,0x09,0x99,0x99,0x99,0x99,0x99,0x96,0x69,0x99,
	0x99,0x66,0x69,0x96,0x09,0x99,0x99,0x99,0x99,0x99,0x99,0x99,0x99,0x99,0x99,0x80,0x69,0x66,0x33,0x36,0x99,0x99,0x99,0x99,
	0x99,0x99,0x60,0x99,0x99,0x99,0x99,0x99,0x90,0x00,0x99,0x99,0x99,0x99,0x99,0x90,0x00,0x99,0x99,0x99,0x00,0x69,0x99,0x99,
	0x96,0x60,0x00,0x99,0x90,0x00,0x63,0x99,0x99,0x99,0x99,0x90,0x00,0x00,0x99,0x96,0x00,0x69,0x39,0x99,0x99,0x99,0x99,0x00,
	0x00,0x99,0x99,0x99,0x99,0x99,0x99,0x99,0x90,0x00,0x99,0x99,0x99,0x99,0x99,0x99,0x99,0x99,0x96,0x00,0x00,0x00,0x00,0xFF,
	0x66,0x66,0x66,0x99,0x60,0x00,0x00,0x00,0x00,0x00,0x00,0x00,0x00,0x00,0x00,0x00,0x00,0x00,0x00,0x00,0x00,0xA6,0x66,0x66,
	0x69,0x96,0x66,0x66,0x99,0x60,0x00,0x00,0xA9,0x66,0x66,0x66,0x69,0x99,0x99,0x99,0x99,0x99,0x99,0x99,0x99,0x93,0x99,0x99,
	0x99,0x99,0x99,0x99,0x99,0x99,0x99,0x90,0x00,0x06,0x99,0x99,0x39,0x99,0x99,0x99,0x99,0x99,0x99,0x99,0x99,0x99,0x99,0x94,
	0x00,0x00,0x00,0x00,0x00,0x00,0x00,0x00,0x00,0x00,0xA9,0x99,0x96,0x93,0x99,0x64,0x94,0x66,0x66,0x96,0x66,0x44,0x66,0x64,
	0x4A,0xA6,0x68,0x44,0xA6,0xA4,0xAA,0x64,0x4A,0xA8,0x0A,0xA0,0xA0,0xAA,0xAA,0x8A,0x88,0x84,0x4A,0xAA,0x4A,0x40,0x08,0x4A,
	0xAA,0x84,0x48,0x00,0x6A,0xA4,0x80,0x00,0x00,0xFF,0x0A,0xA6,0x60,0x00,0xA4,0xAA,0x64,0x86,0x66,0x66,0x66,0x64,0x66,0x66,
	0x66,0x66,0x66,0x66,0x66,0x66,0x66,0x66,0x66,0x66,0x66,0x99,0x96,0x99,0x66,0x80,0x00,0x00,0x00,0x00,0x00,0x00,0x00,0x00,
	0x00,0x00,0x00,0x00,0x00,0x00,0xA6,0x99,0x99,0x99,0x93,0x99,0x99,0x96,0x66,0x66,0x96,0x99,0x99,0x99,0x33,0x99,0x99,0x90,
	0x00,0x09,0x99,0x98,0x00,0x00,0x00,0x89,0x99,0x99,0x39,0x99,0x99,0x99,0x99,0x99,0x93,0x99,0x93,0x96,0x00,0x00,0x96,0x00,
	0x00,0xA9,0x99,0x99,0x99,0x93,0x99,0x49,0x60,0x00,0x33,0x39,0x00,0x00,0x99,0x96,0x69,0x30,0x00,0x99,0x30,0x00,0x06,0x99,
	0x93,0x90,0x00,0x09,0x93,0x33,0x99,0x69,0x66,0x66,0x33,0x00,0x00,0x00,0x69,0x99,0x90,0x00,0x00,0xCA,0x00,0x00,0x99,0x99,
	0x99,0x66,0x66,0x99,0x99,0x66,0x66,0x66,0x66,0x94,0x09,0x99,0x66,0x99,0x99,0x99,0x99,0x99,0x96,0x99,0x99,0x00,0x99,0x99,
	0x66,0x39,0x99,0x99,0x99,0x99,0x99,0x99,0x40,0x99,0x99,0x99,0x99,0x99,0x90,0x08,0x33,0x99,0x99,0x99,0x99,0x9A,0x00,0x99,
	0x99,0x99,0x00,0x49,0x69,0x96,0x93,0x90,0x04,0x99,0x9A,0x00,0x99,0x93,0x99,0x99,0x99,0x99,0x00,0x00,0x09,0x99,0x00,0x69,
	0x39,0x99,0x99,0x39,0x99,0x00,0x09,0x99,0x99,0x99,0x99,0x99,0x99,0x99,0x90,0x00,0x99,0x99,0x99,0x99,0x99,0x99,0x99,0x99,
	0x96,0x00,0x00,0x00,0x00,0xFF,0x66,0x69,0x69,0x66,0x00,0x00,0x00,0x00,0x00,0x00,0x00,0x00,0x00,0x00,0x00,0x00,0x00,0x00,
	0x00,0x00,0x08,0x66,0x96,0x96,0x69,0x99,0x99,0x99,0x99,0x98,0x00,0x00,0x96,0x96,0x99,0x99,0x99,0x99,0x93,0x99,0x99,0x99,
	0x33,0x99,0x99,0x99,0x99,0x99,0x39,0x99,0x99,0x99,0x99,0x99,0x99,0x99,0x80,0x00,0x99,0x99,0x93,0x99,0x99,0x39,0x99,0x99,
	0x99,0x99,0x93,0x93,0x99,0x99,0x60,0x00,0x00,0x00,0x00,0x00,0x00,0x00,0x00,0x00,0x00,0x39,0x69,0x96,0x96,0x36,0x99,0x69,
	0x96,0x66,0xA6,0x66,0x64,0x66,0x9A,0x66,0xA6,0x4A,0xAA,0x44,0x48,0xAA,0xA8,0x8A,0x64,0xA8,0x0A,0xA8,0x88,0xA0,0xA0,0xA4,
	0x88,0x40,0xA8,0xA8,0x40,0xAA,0x0A,0x88,0x40,0x00,0xA8,0x4A,0x00,0x00,0x00,0xFF,0x4A,0x48,0x60,0x04,0xAA,0x46,0x66,0x66,
	0x69,0x66,0x49,0x66,0x69,0x69,0x69,0x69,0x69,0x96,0x66,0x66,0x66,0x69,0x99,0x99,0x99,0x99,0x99,0x99,0x99,0x69,0x99,0x96,
	0xA0,0x00,0x00,0x00,0x00,0x00,0x00,0x00,0x00,0x0A,0x46,0x99,0x99,0x99,0x99,0x99,0x99,0x99,0x99,0x99,0x99,0x69,0x99,0x99,
	0x99,0x99,0x99,0x99,0x99,0x60,0x00,0x09,0x99,0x90,0x00,0x00,0x00,0x09,0x39,0x93,0x39,0x99,0x99,0x99,0x93,0x39,0x93,0x39,
	0x69,0x96,0x00,0x00,0x46,0x00,0x00,0x09,0x93,0x33,0x99,0x99,0x9A,0x00,0x00,0x0A,0x33,0x33,0x90,0x00,0x03,0x33,0x33,0x30,
	0x00,0x33,0x39,0x00,0x00,0x33,0x93,0x60,0x00,0x93,0x33,0x93,0x33,0x33,0x33,0x99,0x93,0x94,0x00,0x06,0x99,0x99,0x90,0x00,
	0x00,0xCA,0x00,0x00,0x49,0x99,0x93,0x99,0x66,0x99,0x99,0x99,0x96,0x66,0x99,0x93,0x03,0x99,0x96,0x69,0x99,0x93,0x99,0x93,
	0x99,0x99,0x96,0x00,0x99,0x99,0x96,0x69,0x99,0x99,0x39,0x99,0x99,0x99,0x08,0x96,0x99,0x99,0x99,0x99,0x30,0x00,0x99,0x39,
	0x33,0x39,0x39,0x96,0x00,0x99,0x99,0x93,0x00,0xA9,0x96,0x99,0x99,0x60,0x06,0x99,0x00,0x00,0x69,0x33,0x39,0x99,0x99,0x99,
	0x40,0x00,0x09,0x99,0x00,0xA9,0x99,0x99,0x99,0x33,0x90,0x00,0x09,0x99,0x93,0x99,0x99,0x99,0x99,0x99,0x90,0x00,0x99,0x99,
	0x99,0x99,0x99,0x99,0x99,0x99,0x96,0x00,0x00,0x00,0x00,0xFF,0x96,0x96,0x99,0x60,0x00,0x00,0x00,0x00,0x00,0x00,0x00,0x00,
	0x00,0x00,0x00,0x00,0x00,0x00,0x00,0x00,0x09,0x99,0x96,0x96,0x99,0x66,0x99,0x69,0x99,0x96,0x00,0x0A,0x96,0x69,0x99,0x99,
	0x99,0x99,0x99,0x93,0x99,0x39,0x99,0x99,0x99,0x99,0x99,0x99,0x99,0x99,0x39,0x99,0x99,0x99,0x93,0x99,0x9A,0x00,0x69,0x99,
	0x39,0x99,0x93,0x99,0x99,0x99,0x99,0x93,0x99,0x99,0x99,0x33,0x96,0x00,0x00,0x80,0x00,0x00,0x00,0x00,0x00,0x00,0x00,0xA9,
	0x99,0x99,0x69,0x99,0x66,0x99,0x96,0x96,0x66,0x69,0x9A,0x44,0x64,0x46,0x66,0x66,0x6A,0x66,0x88,0x64,0xAA,0xA0,0x6A,0xA8,
	0xAA,0x44,0xA0,0xA4,0x4A,0xA4,0x04,0x84,0xA0,0x48,0x0A,0x8A,0x4A,0xAA,0x40,0x00,0xA6,0xAA,0x00,0x00,0x00,0xFF,0x64,0xA8,
	0x80,0x04,0x96,0x44,0x69,0x66,0x66,0x66,0x66,0x66,0x6A,0x69,0x96,0x69,0x96,0x66,0x66,0x66,0x66,0x96,0x69,0x99,0x96,0x99,
	0x99,0x99,0x99,0x69,0x99,0x99,0x99,0x99,0x99,0x69,0x99,0x99,0x99,0x99,0x99,0x99,0x99,0x99,0x99,0x99,0x99,0x99,0x99,0x99,
	0x99,0x6A,0x80,0x08,0x33,0x99,0x99,0x39,0x66,0x93,0x99,0x80,0x00,0x09,0x99,0x60,0x00,0x0A,0xA0,0x00,0x93,0x99,0x93,0x99,
	0x39,0x36,0x99,0x99,0x39,0x39,0x96,0x99,0x00,0x00,0x09,0x00,0x00,0x04,0x33,0x33,0x99,0x99,0x98,0x00,0x00,0x09,0x99,0x99,
	0x96,0x00,0x0A,0x39,0x99,0x30,0x00,0x99,0x99,0x60,0x00,0x04,0xA0,0x00,0x00,0x99,0x99,0x99,0x99,0x99,0x33,0x99,0x99,0x99,
	0x93,0x99,0x33,0x99,0x36,0x00,0x00,0xCA,0x00,0x00,0x89,0x99,0x93,0x39,0x99,0x99,0x99,0x99,0x99,0x99,0x99,0x99,0x09,0x93,
	0x39,0x96,0x69,0x33,0x99,0x99,0x99,0x93,0x94,0x08,0x39,0x99,0x99,0x99,0x99,0x99,0x99,0x99,0x96,0x69,0x06,0x99,0x69,0x99,
	0x99,0x99,0x90,0x00,0x33,0x33,0x33,0x33,0x33,0x33,0x00,0xA3,0x33,0x33,0x00,0x43,0x39,0x99,0x93,0x60,0x09,0x99,0x00,0x00,
	0x43,0x33,0x33,0x33,0x33,0x99,0x90,0x00,0x06,0x39,0x00,0xA9,0x39,0x99,0x93,0x33,0x80,0x00,0x09,0x39,0x99,0x39,0x99,0x99,
	0x99,0x99,0x90,0x00,0x99,0x99,0x93,0x93,0x99,0x99,0x99,0x99,0x96,0x00,0x00,0x00,0x00,0xFF,0x66,0x99,0x99,0x00,0x00,0x00,
	0x00,0x00,0x00,0x00,0x00,0x00,0x00,0x00,0x00,0x00,0x00,0x00,0x00,0x00,0x49,0x99,0x69,0x96,0x99,0x99,0x69,0x96,0x99,0x99,
	0x00,0x09,0x99,0x99,0x63,0x99,0x96,0x99,0x99,0x69,0x99,0x99,0x99,0x99,0x96,0x66,0x99,0x99,0x99,0x99,0x99,0x99,0x99,0x99,
	0x99,0x99,0x99,0x60,0x0A,0x99,0x99,0x99,0x99,0x99,0x99,0x99,0x99,0x66,0x66,0x99,0x99,0x99,0x99,0x90,0x00,0x99,0x99,0x99,
	0x4A,0x00,0x00,0x00,0x00,0x00,0xA9,0x66,0x4A,0x00,0x00,0x00,0x00,0x86,0x96,0x66,0x66,0x66,0x66,0x46,0x6A,0x6A,0x4A,0x8A,
	0x88,0xA8,0x64,0xAA,0x64,0xAA,0x84,0x48,0x40,0xA4,0x0A,0x4A,0x88,0x40,0xAA,0xAA,0x44,0xA6,0xA4,0x8A,0x4A,0x00,0x04,0x6A,
	0x00,0x40,0x00,0xFF,0x46,0xA4,0x00,0x06,0x66,0x46,0x66,0x66,0x66,0x66,0x66,0x66,0x64,0x96,0x66,0x66,0x66,0x66,0x96,0x96,
	0x99,0x66,0x66,0x66,0x66,0x6A,0xA6,0x69,0x99,0x99,0x66,0x69,0x69,0x99,0x99,0x99,0x69,0x99,0x99,0x99,0x99,0x99,0x99,0x96,
	0x66,0x66,0x99,0x99,0x99,0x60,0x00,0x00,0x00,0x00,0x93,0x39,0x33,0x33,0x39,0x99,0x39,0x00,0x00,0x83,0x33,0x00,0x00,0x0A,
	0x30,0x00,0x63,0x39,0x93,0x39,0x93,0x99,0x93,0x33,0x33,0x99,0x99,0x39,0x00,0x00,0x06,0x80,0x00,0x00,0x69,0x99,0x99,0x99,
	0x99,0x00,0x00,0xA9,0x99,0x99,0x99,0x60,0x00,0x69,0x99,0x90,0x00,0x99,0x99,0x96,0x00,0x00,0x00,0x00,0x89,0x99,0x99,0x99,
	0x99,0x99,0x99,0x99,0x99,0x99,0x39,0x33,0x93,0x39,0x99,0x00,0x00,0xCA,0x00,0x00,0x69,0x99,0x99,0x99,0x69,0x99,0x99,0x66,
	0x99,0x99,0x66,0x69,0xA6,0x99,0x39,0x99,0x99,0x99,0x99,0x99,0x99,0x99,0x99,0x09,0x93,0x39,0x96,0x96,0x66,0x66,0x69,0x66,
	0x99,0x96,0x09,0x66,0x69,0x69,0x99,0x99,0x90,0x00,0x99,0x99,0x99,0x99,0x99,0x99,0x00,0x09,0x99,0x93,0x00,0xA3,0x99,0x33,
	0x99,0x60,0x09,0x36,0x00,0x00,0xA3,0x33,0x33,0x33,0x33,0x33,0x30,0x00,0x0A,0x99,0x00,0x69,0x93,0x99,0x99,0x3A,0x00,0x00,
	0x06,0x33,0x33,0x93,0x39,0x99,0x39,0x99,0x90,0x00,0x39,0x93,0x33,0x99,0x33,0x33,0x99,0x99,0x96,0x00,0x00,0x00,0x00,0xFF,
	0x99,0x99,0x96,0x00,0x00,0x00,0x00,0x00,0x00,0x00,0x0A,0x0A,0x0A,0x80,0x00,0x00,0x00,0x00,0x00,0x00,0x69,0x99,0x96,0x99,
	0x69,0x96,0x99,0x96,0x99,0x66,0x00,0x09,0x66,0x99,0x96,0x99,0x96,0x99,0x99,0x69,0x66,0x99,0x69,0x69,0x99,0x66,0x99,0x96,
	0x69,0x96,0x96,0x96,0x99,0x99,0x99,0x99,0x99,0x3A,0x00,0x69,0x99,0x99,0x99,0x99,0x99,0x99,0x69,0x99,0x99,0x96,0x66,0x99,
	0x99,0x96,0x00,0x69,0x69,0x69,0x69,0x96,0x40,0x00,0x00,0x00,0x08,0x00,0x00,0x00,0x00,0x00,0x00,0x00,0xA9,0x96,0x66,0x66,
	0x66,0x66,0x46,0x66,0x6A,0x88,0x80,0x00,0x88,0x68,0x6A,0x88,0x4A,0xA8,0xAA,0x6A,0x4A,0x0A,0xA8,0x88,0x0A,0x48,0xA4,0x4A,
	0x0A,0x46,0xA0,0x00,0x04,0xA0,0x08,0xA0,0x00,0xFF,0x4A,0x64,0x00,0x46,0x46,0x64,0x66,0x64,0x64,0x66,0x66,0x66,0x66,0x66,
	0x64,0x86,0x96,0x49,0x69,0x96,0x66,0x66,0x66,0x66,0x66,0x00,0x00,0x00,0x46,0x66,0x66,0x96,0x69,0x99,0x99,0x66,0x64,0x0A,
	0x66,0x69,0x99,0x99,0x66,0x66,0x66,0x66,0x66,0x96,0x80,0x00,0x00,0x00,0x00,0x08,0x93,0x33,0x33,0x93,0x33,0x33,0x39,0x00,
	0x00,0x49,0x39,0x00,0x00,0x06,0x99,0x00,0x03,0x39,0x93,0x33,0x39,0x33,0x33,0x39,0x93,0x33,0x39,0x39,0x00,0x00,0x00,0x60,
	0x00,0x00,0x09,0x99,0x99,0x99,0x99,0x00,0x00,0x99,0x99,0x99,0x99,0x90,0x00,0x04,0x99,0x90,0x00,0x99,0x96,0x99,0x90,0x00,
	0x00,0x06,0x99,0x99,0x99,0x99,0x99,0x99,0x99,0x99,0x99,0x99,0x99,0x99,0x99,0x99,0x99,0x60,0x00,0xCA,0x00,0x00,0x66,0x66,
	0x66,0x96,0x99,0x66,0x66,0x99,0x96,0x96,0x66,0x66,0x60,0x69,0x99,0x99,0x69,0x99,0x99,0x99,0x99,0x99,0x99,0x99,0x99,0x99,
	0x99,0x66,0x69,0x66,0x96,0x69,0x66,0x66,0x06,0x99,0x96,0x99,0x99,0x99,0x90,0x00,0x99,0x99,0x99,0x99,0x99,0x99,0x60,0x00,
	0x99,0x99,0x00,0x09,0x99,0x99,0x99,0x60,0x06,0x96,0x00,0x00,0xA9,0x99,0x99,0x99,0x99,0x99,0x90,0x00,0x00,0x99,0x00,0x69,
	0x99,0x99,0x99,0x80,0x00,0x00,0x04,0x33,0x33,0x33,0x39,0x93,0x33,0x99,0x90,0x00,0xA3,0x33,0x33,0x93,0x33,0x39,0x33,0x39,
	0x96,0x00,0x00,0x00,0x00,0xFF,0x66,0x99,0x60,0x00,0x00,0x00,0x00,0x00,0x00,0xA6,0x66,0x96,0x96,0x96,0x96,0x60,0x00,0x00,
	0x00,0x00,0x99,0x99,0x96,0x96,0x99,0x99,0x69,0x66,0x66,0x99,0x00,0x06,0x99,0x66,0x66,0x66,0x66,0x66,0x66,0x66,0x66,0x66,
	0x66,0x66,0x99,0x66,0x99,0x66,0x66,0x69,0x96,0x66,0x99,0x99,0x69,0x99,0x99,0x99,0x00,0x06,0x99,0x99,0x96,0x96,0x69,0x66,
	0x99,0x99,0x99,0x69,0x99,0x99,0x69,0x99,0x00,0x09,0x99,0x99,0x99,0x96,0x69,0x66,0x00,0x00,0x00,0x00,0x00,0x00,0x00,0x00,
	0x00,0x00,0x00,0x66,0x66,0x46,0x46,0x66,0x46,0x66,0x40,0x00,0x00,0x00,0x00,0x00,0xA4,0xA6,0xA4,0xA4,0x44,0x86,0x8A,0x86,
	0x4A,0xA6,0x66,0x46,0x40,0xA4,0x06,0x8A,0x6A,0x8A,0x00,0x00,0x0A,0x40,0x00,0xFF,0x46,0x40,0x00,0xA4,0x66,0x66,0x66,0x66,
	0x66,0x66,0x66,0x66,0x66,0x66,0xA0,0x00,0x66,0x66,0x66,0x96,0x66,0x66,0x66,0x66,0x66,0x00,0x00,0x00,0x00,0x06,0x66,0x66,
	0x66,0x96,0x66,0x66,0x90,0x00,0x66,0x66,0x66,0x66,0x66,0x66,0x66,0x66,0x60,0x00,0x00,0x00,0x00,0x08,0xA6,0x99,0x99,0x99,
	0x99,0x93,0x33,0x33,0x90,0x00,0x00,0x69,0x99,0x00,0x00,0x09,0x99,0x80,0x00,0x99,0x99,0x99,0x99,0x99,0x99,0x99,0x99,0x99,
	0x99,0x9A,0x00,0xA0,0x00,0x40,0x00,0x00,0x09,0x99,0x99,0x99,0x99,0x94,0x69,0x99,0x99,0x99,0x93,0x99,0x80,0x00,0x00,0x00,
	0x00,0x96,0x96,0x96,0x69,0x99,0x99,0x99,0x99,0x99,0x99,0x99,0x99,0x99,0x99,0x99,0x99,0x99,0x99,0x99,0x99,0x99,0x99,0x90,
	0x00,0xCA,0x99,0x69,0x66,0x66,0x66,0x66,0x66,0x66,0x66,0x66,0x66,0x66,0x66,0x66,0x60,0x69,0x96,0x96,0x66,0x69,0x69,0x99,
	0x99,0x99,0x99,0x99,0x99,0x99,0x99,0x99,0x99,0x69,0x96,0x69,0x96,0x60,0x66,0x69,0x69,0x99,0x99,0x99,0x90,0x08,0x99,0x99,
	0x99,0x99,0x99,0x99,0x90,0x00,0x69,0x99,0x00,0x89,0x99,0x99,0x99,0x90,0x04,0x96,0x00,0x00,0x89,0x99,0x99,0x99,0x99,0x99,
	0x90,0x00,0x00,0x96,0x00,0x69,0x99,0x99,0x90,0x00,0x09,0x00,0x00,0x99,0x99,0x99,0x99,0x93,0x99,0x39,0x96,0x00,0x00,0x33,
	0x99,0x93,0x33,0x99,0x93,0x33,0x36,0x00,0x00,0x00,0x00,0xFF,0x66,0x96,0xA0,0x00,0x00,0x00,0x00,0x00,0x06,0x69,0x66,0x69,
	0x69,0x69,0x66,0x96,0x00,0x00,0x00,0x00,0x69,0x96,0x69,0x99,0x99,0x99,0x66,0x66,0x66,0x66,0x00,0x06,0x66,0x66,0x66,0x66,
	0x66,0x69,0x69,0x66,0x66,0x66,0x66,0x69,0x99,0x99,0x66,0x99,0x66,0x66,0x66,0x66,0x66,0x66,0x96,0x69,0x69,0x99,0x90,0x00,
	0x66,0x99,0x69,0x99,0x96,0x69,0x96,0x99,0x99,0x96,0x96,0x99,0x66,0x96,0xA0,0x09,0x69,0x66,0x66,0x66,0x66,0x66,0x64,0x00,
	0x00,0x00,0x00,0x00,0x00,0x00,0x00,0x00,0x00,0x86,0x66,0x66,0x4A,0x64,0x66,0xA0,0x00,0x00,0x00,0x00,0x00,0x00,0x08,0x6A,
	0xAA,0x64,0x44,0x64,0x64,0x46,0xA6,0x44,0xA4,0x6A,0xAA,0x44,0xA0,0x00,0xAA,0x66,0x80,0x00,0x0A,0x40,0x00,0xFF,0x46,0xA0,
	0x06,0x66,0xA4,0x64,0x66,0x66,0x66,0x66,0x66,0x66,0x66,0x68,0x00,0x06,0x66,0x66,0x66,0x66,0x66,0x66,0x66,0x66,0x66,0x60,
	0x00,0x00,0x00,0x00,0x06,0x66,0x66,0x66,0x66,0x66,0xA0,0x00,0x66,0x66,0x66,0x66,0x66,0x66,0x66,0x40,0x00,0x00,0x00,0x00,
	0x86,0x66,0x66,0x96,0x99,0x99,0x99,0x99,0x99,0x93,0x60,0x00,0x00,0x99,0x99,0x00,0x00,0x09,0x99,0x90,0x00,0x09,0x99,0x99,
	0x99,0x99,0x99,0x69,0x99,0x99,0x99,0x98,0x00,0x60,0x00,0x04,0x00,0x00,0x09,0x99,0x99,0x99,0x99,0x99,0x99,0x99,0x99,0x66,
	0x66,0x99,0x9A,0x00,0x00,0x00,0x04,0x99,0x96,0x66,0x66,0x69,0x99,0x96,0x99,0x99,0x99,0x96,0x69,0x99,0x99,0x69,0x69,0x99,
	0x99,0x99,0x99,0x99,0x66,0x90,0x00,0xCA,0x66,0x66,0x66,0x96,0x66,0x66,0x66,0x66,0x66,0x66,0x66,0x66,0x66,0x66,0x6A,0x06,
	0x99,0x96,0x66,0x99,0x69,0x66,0x99,0x96,0x99,0x99,0x99,0x99,0x99,0x66,0x66,0x66,0x66,0x69,0x96,0x40,0x69,0x66,0x99,0x69,
	0x99,0x99,0x90,0x08,0x99,0x99,0x99,0x99,0x99,0x99,0x96,0x00,0x09,0x99,0x00,0xA9,0x99,0x99,0x99,0x90,0x0A,0x9A,0x00,0x00,
	0x89,0x99,0x99,0x99,0x99,0x99,0x90,0x00,0x00,0x8A,0x00,0x99,0x99,0x99,0x00,0x00,0x99,0x00,0x00,0x99,0x99,0x99,0x99,0x99,
	0x99,0x99,0x99,0x00,0x00,0x89,0x99,0x93,0x99,0x33,0x93,0x33,0x96,0x00,0x00,0x00,0x00,0xFF,0x66,0x66,0x00,0x00,0x00,0x00,
	0x00,0x00,0x66,0x66,0x66,0x66,0x66,0x69,0x66,0x66,0x90,0x00,0x00,0x00,0x99,0x69,0x66,0x99,0x96,0x66,0x66,0x66,0x66,0x66,
	0x00,0x06,0x66,0x66,0x66,0x66,0x66,0x66,0x66,0x66,0x66,0x99,0x66,0x69,0x96,0x96,0x66,0x69,0x96,0x69,0x96,0x66,0x66,0x66,
	0x66,0x66,0x66,0x99,0x66,0x00,0x66,0x99,0x99,0x99,0x96,0x99,0x99,0x99,0x69,0x99,0x66,0x99,0x99,0x99,0x60,0x06,0x69,0x99,
	0x66,0x66,0x96,0x69,0x66,0x68,0x00,0x00,0x00,0x00,0x00,0x00,0x00,0x00,0x00,0x06,0x66,0x96,0x66,0x66,0xA0,0x00,0x00,0x00,
	0x00,0x00,0x00,0x00,0x00,0x84,0x64,0x44,0xA6,0x4A,0x44,0x64,0x44,0xA4,0x64,0xAA,0xA6,0xA0,0x00,0x00,0x00,0x08,0x40,0x00,
	0x0A,0xA0,0x00,0xFF,0x66,0x00,0x04,0x46,0xA4,0x66,0x4A,0x66,0x46,0x66,0x46,0x66,0x66,0x00,0x00,0x06,0x66,0x66,0x66,0x66,
	0x66,0x66,0x66,0x66,0x66,0x66,0x66,0xA0,0x00,0x00,0x00,0x06,0x66,0x66,0x66,0x66,0x80,0x00,0x66,0x66,0x66,0x66,0x66,0x66,
	0x80,0x00,0x00,0x00,0x00,0x46,0x66,0x99,0x99,0x96,0x99,0x99,0x99,0x99,0x99,0x99,0xA0,0x00,0x00,0x99,0x99,0x00,0x00,0x09,
	0x99,0x96,0x00,0x09,0x99,0x99,0x99,0x99,0x99,0x69,0x99,0x99,0x99,0x98,0x00,0x60,0x00,0x04,0x00,0x00,0xA9,0x99,0x99,0x99,
	0x99,0x99,0x99,0x99,0x66,0x66,0x66,0x69,0x66,0x40,0x00,0x00,0x69,0x99,0x99,0x96,0x66,0x99,0x69,0x99,0x99,0x69,0x99,0x99,
	0x69,0x69,0x99,0x99,0x99,0x66,0x99,0x99,0x99,0x99,0x99,0x90,0x00,0xCA,0x99,0x99,0x99,0x69,0x66,0x96,0x99,0x96,0x96,0x66,
	0x69,0x69,0x99,0x99,0x96,0x06,0x69,0x99,0x99,0x66,0x96,0x99,0x99,0x99,0x69,0x99,0x69,0x69,0x99,0x99,0x66,0x69,0x96,0x66,
	0x99,0x06,0x66,0x99,0x96,0x69,0x99,0x99,0x90,0x00,0x99,0x99,0x99,0x99,0x99,0x99,0x99,0x80,0x00,0x99,0x00,0xA9,0x99,0x99,
	0x99,0x90,0x00,0x90,0x00,0x00,0xA9,0x99,0x99,0x99,0x99,0x99,0x90,0x00,0x00,0x00,0x00,0x99,0x99,0x90,0x00,0x09,0x96,0x00,
	0x00,0x99,0x96,0x99,0x99,0x99,0x99,0x99,0x99,0x00,0x00,0x08,0x99,0x99,0x99,0x99,0x99,0x99,0x96,0x00,0x00,0x00,0x00,0xFF,
	0x66,0x66,0x00,0x00,0x00,0x00,0x00,0x06,0x66,0x66,0x66,0x66,0x66,0x66,0x66,0x66,0x66,0x00,0x00,0x00,0x96,0x96,0x66,0x66,
	0x66,0x66,0x66,0x66,0x66,0x66,0x00,0x06,0x66,0x96,0x96,0x69,0x99,0x99,0x93,0x99,0x99,0x96,0x99,0x99,0x99,0x66,0x66,0x66,
	0x66,0x66,0x99,0x66,0x99,0x96,0x66,0x66,0x99,0x99,0x96,0x00,0x09,0x99,0x96,0x69,0x66,0x69,0x66,0x96,0x96,0x66,0x96,0x66,
	0x99,0x99,0x90,0x06,0x96,0x96,0x99,0x96,0x69,0x66,0x66,0x69,0x60,0x00,0x00,0x00,0x00,0x00,0x00,0x00,0x00,0x00,0x64,0xA9,
	0x64,0x00,0x00,0x00,0x00,0x00,0x00,0x00,0x00,0x00,0x00,0x00,0x8A,0x64,0xA6,0x86,0x4A,0x4A,0xA6,0x66,0x66,0xA6,0x4A,0x00,
	0x00,0x0A,0x80,0x00,0x00,0x00,0x00,0x00,0x00,0xFF,0x0A,0x00,0x04,0x66,0x66,0x96,0x66,0x46,0x66,0x66,0x96,0x64,0x00,0x00,
	0x08,0x69,0x66,0x66,0x66,0x46,0x66,0x66,0x66,0x66,0x66,0x69,0x99,0x69,0x64,0x00,0x00,0x00,0x06,0x66,0x66,0x66,0x00,0x00,
	0x66,0x66,0x66,0x99,0x66,0x00,0x00,0x00,0x00,0x06,0x99,0x99,0x99,0x66,0x66,0x96,0x69,0x99,0x99,0x99,0x99,0x99,0x00,0x00,
	0x00,0x99,0x99,0x60,0x00,0x66,0x99,0x99,0xA0,0x00,0x69,0x99,0x99,0x99,0x99,0x99,0x99,0x99,0x99,0x90,0x00,0x96,0x00,0x00,
	0x94,0xA9,0x39,0x99,0x66,0x69,0x99,0x99,0x99,0x99,0x99,0x99,0x99,0x99,0x99,0x96,0x69,0x69,0x39,0x39,0x99,0x99,0x99,0x69,
	0x99,0x99,0x66,0x99,0x69,0x99,0x99,0x66,0x69,0x96,0x99,0x99,0x99,0x96,0x69,0x99,0x99,0x90,0x00,0xCA,0x99,0x99,0x96,0x99,
	0x69,0x96,0x69,0x66,0x69,0x66,0x66,0x99,0x69,0x96,0x66,0x60,0x99,0x69,0x69,0x99,0x69,0x96,0x99,0x69,0x99,0x99,0x69,0x66,
	0x99,0x99,0x99,0x99,0x93,0x99,0x90,0x66,0x96,0x66,0x69,0x99,0x99,0x69,0x90,0x00,0x99,0x99,0x99,0x99,0x99,0x99,0x99,0x94,
	0x00,0x09,0x00,0x09,0x99,0x99,0x99,0x98,0x00,0x90,0x00,0x00,0x49,0x99,0x99,0x99,0x99,0x99,0x9A,0x00,0x90,0x00,0x0A,0x99,
	0x99,0x00,0x04,0x99,0x98,0x00,0x00,0x99,0x96,0x69,0x99,0x99,0x99,0x99,0x99,0x80,0x00,0x00,0x09,0x99,0x99,0x99,0x99,0x99,
	0x96,0x00,0x00,0x00,0x00,0xFF,0x66,0x64,0x00,0x00,0x00,0x00,0x00,0x66,0x66,0x66,0x66,0x66,0x66,0x66,0x66,0x66,0x69,0x60,
	0x00,0x00,0x66,0x96,0x66,0x66,0x66,0x66,0x66,0x66,0x66,0x66,0x00,0x06,0x69,0x99,0x69,0x99,0x66,0x69,0x69,0x69,0x96,0x96,
	0x96,0x66,0x66,0x99,0x96,0x99,0x96,0x99,0x69,0x99,0x69,0x99,0x66,0x66,0x69,0x99,0x99,0x60,0x06,0x99,0x69,0x99,0x99,0x99,
	0x69,0x66,0x69,0x99,0x99,0x99,0x99,0x99,0x90,0x06,0x99,0x99,0x99,0x99,0x99,0x96,0x99,0x99,0x96,0x40,0x00,0x00,0x00,0x00,
	0x00,0x00,0x00,0x00,0x09,0x66,0x00,0x00,0x00,0x00,0x00,0x00,0x00,0x00,0x00,0x00,0x00,0x00,0x08,0x46,0x6A,0xA6,0x66,0x66,
	0x66,0x6A,0x44,0x64,0xA0,0x00,0x06,0x46,0x46,0xAA,0x00,0x00,0x64,0x00,0x00,0xFF,0x00,0x00,0x0A,0x66,0x4A,0x96,0x66,0x66,
	0x66,0x46,0xA0,0x00,0x00,0x00,0x06,0x69,0x96,0x69,0x96,0x66,0x66,0x69,0x99,0x99,0x99,0x99,0x99,0x99,0x69,0x6A,0x00,0x00,
	0x00,0x66,0x66,0x66,0x00,0x0A,0x66,0x66,0x69,0x96,0xA0,0x00,0x00,0x00,0xA6,0x66,0x96,0x69,0x69,0x96,0x66,0x69,0x99,0x99,
	0x99,0x99,0x99,0x99,0x00,0x00,0x0A,0x99,0x99,0x99,0x99,0x99,0x99,0x99,0x90,0x00,0x06,0x99,0x99,0x99,0x99,0x99,0x99,0x99,
	0x99,0x90,0x00,0x99,0x00,0x00,0xA9,0x99,0x99,0x99,0x99,0x99,0x99,0x99,0x99,0x99,0x99,0x99,0x99,0x99,0x99,0x99,0x99,0x96,
	0x99,0x99,0x99,0x99,0x96,0x66,0x99,0x99,0x99,0x69,0x39,0x99,0x99,0x99,0x99,0x99,0x99,0x99,0x69,0x99,0x99,0x99,0x99,0x90,
	0x00,0xCA,0x99,0x99,0x99,0x99,0x96,0x96,0x66,0x96,0x66,0x96,0x69,0x69,0x99,0x99,0x99,0x9A,0x89,0x69,0x96,0x99,0x99,0x99,
	0x96,0x99,0x96,0x69,0x99,0x33,0x99,0x99,0x99,0x99,0x69,0x69,0x0A,0x99,0x99,0x99,0x99,0x93,0x33,0x99,0x90,0x00,0x99,0x99,
	0x99,0x99,0x99,0x99,0x99,0x99,0x00,0x00,0x00,0x09,0x99,0x99,0x99,0x96,0x00,0xA0,0x00,0x00,0x49,0x99,0x99,0x99,0x99,0x99,
	0x96,0x00,0x99,0x00,0x09,0x99,0x90,0x00,0x09,0x99,0x90,0x00,0x00,0x33,0x96,0x66,0x99,0x99,0x99,0x99,0x99,0x80,0x09,0x00,
	0x06,0x99,0x99,0x99,0x99,0x99,0x96,0x00,0x00,0x00,0x00,0xFF,0x96,0x90,0x00,0x00,0x00,0x00,0x06,0x66,0x66,0x66,0x66,0x66,
	0x66,0x66,0x66,0x66,0x66,0x6A,0x00,0x00,0x66,0x66,0x66,0x66,0x66,0x69,0x66,0x66,0x66,0x66,0x00,0x06,0x96,0x69,0x99,0x66,
	0x96,0x66,0x66,0x69,0x69,0x66,0x99,0x69,0x69,0x99,0x99,0x96,0x99,0x99,0x99,0x96,0x69,0x69,0x39,0x66,0x66,0x66,0x66,0x9A,
	0x00,0x96,0x66,0x99,0x99,0x69,0x96,0x99,0x93,0x99,0x99,0x99,0x99,0x99,0x90,0x09,0x99,0x96,0x99,0x99,0x69,0x99,0x99,0x69,
	0x66,0x96,0x00,0x00,0x04,0x46,0x96,0x40,0x00,0x00,0x06,0xA0,0x00,0x00,0x00,0x00,0x00,0x00,0x00,0x00,0x00,0x00,0x00,0x00,
	0x00,0x0A,0xA4,0x64,0xA8,0x66,0x66,0x46,0x46,0x64,0xA0,0x08,0x64,0xA6,0x64,0x66,0x00,0x00,0x04,0x60,0x00,0xFF,0x60,0x00,
	0x00,0x00,0x00,0x00,0x00,0x00,0x00,0x00,0x00,0x00,0x00,0x06,0x69,0x66,0x66,0x69,0x99,0x66,0x99,0x99,0x69,0x96,0x99,0x66,
	0x66,0x66,0x69,0x66,0x68,0x00,0x00,0x00,0x69,0x66,0x00,0x04,0x69,0x66,0x66,0x40,0x00,0x00,0x00,0x46,0x69,0x96,0x96,0x66,
	0x96,0x69,0x66,0x66,0x66,0x99,0x99,0x99,0x99,0x96,0x00,0x00,0x06,0x99,0x99,0x99,0x99,0x93,0x99,0x99,0x96,0x00,0x00,0x69,
	0x99,0x99,0x99,0x99,0x99,0x99,0x99,0x60,0x00,0x99,0x00,0x00,0x06,0x99,0x99,0x99,0x99,0x99,0x99,0x99,0x99,0x99,0x99,0x99,
	0x99,0x99,0x99,0x99,0x96,0x66,0x66,0x99,0x99,0x99,0x99,0x99,0x99,0x99,0x69,0x66,0x99,0x99,0x99,0x99,0x99,0x69,0x99,0x99,
	0x99,0x99,0x99,0x69,0x99,0x90,0x00,0xCA,0x99,0x99,0x99,0x99,0x96,0x99,0x96,0x66,0x66,0x96,0x69,0x96,0x96,0x66,0x99,0x99,
	0x04,0x66,0x99,0x69,0x39,0x99,0x66,0x69,0x99,0x99,0x99,0x99,0x99,0x99,0x99,0x99,0x99,0x90,0x09,0x99,0x99,0x99,0x96,0x69,
	0x93,0x39,0x90,0x08,0x99,0x99,0x99,0x99,0x99,0x99,0x99,0x99,0x9A,0x00,0x00,0x06,0x99,0x99,0x99,0x99,0x00,0x00,0x04,0x00,
	0x49,0x99,0x99,0x99,0x99,0x99,0x99,0x00,0x69,0x94,0x99,0x99,0x00,0x00,0x99,0x99,0x9A,0x00,0x00,0x69,0x99,0x66,0x69,0x99,
	0x99,0x99,0x99,0x40,0x09,0x40,0x00,0x99,0x99,0x99,0x99,0x99,0x96,0x00,0x00,0x00,0x00,0xFF,0x66,0x60,0x00,0x00,0x00,0x00,
	0x46,0x69,0x99,0x96,0x66,0x96,0x96,0x69,0x66,0x69,0x66,0x66,0x00,0x00,0x66,0x66,0x66,0x66,0x66,0x66,0x66,0x66,0x96,0x96,
	0x00,0x06,0x66,0x69,0x96,0x66,0x99,0x99,0x69,0x66,0x99,0x69,0x69,0x99,0x99,0x99,0x99,0x96,0x69,0x69,0x99,0x99,0x69,0x96,
	0x99,0x99,0x99,0x99,0x99,0x99,0x00,0x43,0x96,0x66,0x99,0x99,0x69,0x99,0x96,0x69,0x99,0x99,0x99,0x99,0x60,0x09,0x99,0x99,
	0x93,0x93,0x99,0x99,0x99,0x99,0x99,0x99,0x9A,0x00,0x06,0x99,0x99,0x66,0x60,0x00,0x00,0x00,0x00,0x00,0x00,0x00,0x00,0x00,
	0x00,0x00,0x00,0x00,0x00,0x00,0x00,0x00,0xAA,0x46,0x86,0x48,0x84,0x4A,0x66,0x64,0x00,0x04,0x46,0x66,0x66,0x68,0x00,0x66,
	0x00,0x00,0x00,0xFF,0xA0,0x0A,0x4A,0x00,0x00,0x00,0x00,0x00,0x00,0x00,0x0A,0xA0,0x00,0x66,0x66,0x66,0x66,0x66,0x99,0x66,
	0x66,0x99,0x66,0x96,0x99,0x69,0x66,0x69,0x66,0x96,0x69,0x68,0x00,0x00,0x0A,0x9A,0x00,0x06,0x96,0x69,0xA0,0x00,0x00,0x08,
	0x96,0x99,0x66,0x96,0x69,0x69,0x96,0x99,0x96,0x69,0x69,0x69,0x99,0x99,0x99,0x99,0x90,0x00,0x63,0x93,0x99,0x39,0x99,0x99,
	0x99,0x99,0x99,0x90,0x00,0xA6,0x99,0x99,0x99,0x99,0x99,0x99,0x99,0xA0,0x0A,0x99,0x60,0x00,0x00,0x99,0x99,0x99,0x99,0x99,
	0x99,0x99,0x99,0x99,0x99,0x99,0x99,0x99,0x99,0x99,0x99,0x99,0x99,0x99,0x99,0x99,0x99,0x99,0x99,0x99,0x96,0x99,0x99,0x99,
	0x99,0x99,0x99,0x99,0x99,0x99,0x99,0x99,0x99,0x99,0x99,0x90,0x00,0xCA,0x99,0x99,0x99,0x96,0x96,0x96,0x96,0x99,0x66,0x96,
	0x96,0x69,0x96,0x66,0x96,0x99,0x60,0x46,0x99,0x99,0x99,0x99,0x99,0x99,0x99,0x99,0x6A,0x00,0x00,0x69,0x99,0x99,0x99,0x08,
	0x99,0x99,0x99,0x99,0x99,0x99,0x99,0x99,0x90,0x00,0x99,0x99,0x99,0x99,0x99,0x99,0x99,0x99,0x99,0x60,0x00,0x00,0x99,0x99,
	0x99,0x99,0x00,0x00,0xA9,0x00,0x89,0x99,0x99,0x99,0x99,0x99,0x99,0x00,0x69,0x99,0x99,0x9A,0x00,0x69,0x99,0x99,0x99,0x00,
	0x00,0x99,0x99,0x96,0x66,0x69,0x99,0x99,0x99,0x60,0x06,0x94,0x00,0x09,0x99,0x99,0x99,0x99,0x96,0x00,0x00,0x00,0x00,0xFF,
	0x66,0x00,0x00,0x00,0x00,0x00,0x66,0x69,0x66,0x63,0x66,0x66,0x66,0x66,0x99,0x69,0x69,0x66,0x00,0x00,0x66,0x66,0x66,0x66,
	0x66,0x66,0x66,0x66,0x69,0x69,0x00,0x06,0x69,0x66,0x99,0x99,0x99,0x96,0x66,0x99,0x96,0x99,0x99,0x99,0x96,0x96,0x96,0x96,
	0x66,0x66,0x99,0x99,0x99,0x99,0x69,0x69,0x99,0x99,0x99,0x99,0x60,0x09,0x93,0x96,0x66,0x96,0x93,0x99,0x99,0x99,0x99,0x99,
	0x99,0x99,0x40,0x09,0x99,0x99,0x99,0x99,0x69,0x99,0x99,0x96,0x96,0x69,0x96,0x00,0x09,0x69,0x99,0x69,0x94,0x00,0x00,0x00,
	0x00,0x00,0x00,0x00,0x00,0x00,0x00,0x00,0x00,0x00,0x00,0x00,0x00,0x00,0x08,0xAA,0x64,0xA6,0x64,0x44,0xA8,0xA6,0x00,0x66,
	0xA6,0x64,0x66,0x60,0x00,0x46,0x6A,0x00,0x00,0xFF,0x00,0x09,0x66,0x66,0x44,0x44,0xA4,0xAA,0x46,0x66,0x66,0xA0,0x0A,0x66,
	0x66,0x66,0x66,0x66,0x96,0x66,0x66,0x99,0x66,0x66,0x66,0x66,0x66,0x69,0x99,0x66,0x66,0x69,0x60,0x00,0x00,0x00,0x00,0x06,
	0x69,0x40,0x00,0x00,0x08,0x69,0x66,0x66,0x66,0x66,0x69,0x66,0x69,0x99,0x99,0x66,0x99,0x99,0x99,0x69,0x99,0x99,0x99,0x69,
	0x99,0x93,0x99,0x99,0x99,0x93,0x39,0x99,0x99,0x98,0x00,0x04,0x99,0x99,0x99,0x99,0x99,0x99,0x99,0x00,0x09,0x99,0x90,0x00,
	0x00,0x09,0x99,0x99,0x99,0x99,0x99,0x99,0x99,0x99,0x99,0x99,0x99,0x99,0x99,0x99,0x99,0x99,0x66,0x99,0x99,0x99,0x99,0x93,
	0x99,0x99,0x99,0x99,0x99,0x99,0x99,0x99,0x99,0x99,0x99,0x99,0x99,0x99,0x99,0x99,0x99,0x90,0x00,0xCA,0x99,0x99,0x99,0x96,
	0x99,0x99,0x99,0x66,0x66,0x99,0x69,0x99,0x96,0x69,0x99,0x66,0x66,0x06,0x99,0x69,0x39,0x33,0x99,0x99,0xA0,0x00,0x08,0xA6,
	0x60,0x99,0x99,0x99,0x60,0x09,0x99,0x99,0x99,0x99,0x99,0x99,0x99,0x99,0x90,0x00,0x99,0x99,0x99,0x99,0x99,0x99,0x99,0x99,
	0x99,0x94,0x00,0x00,0x06,0x99,0x99,0x99,0x40,0x0A,0x99,0x00,0xA9,0x99,0x99,0x99,0x99,0x99,0x99,0x00,0xA9,0x99,0x99,0x90,
	0x00,0x99,0x99,0x99,0x99,0x6A,0xA9,0x99,0x33,0x99,0x69,0x99,0x99,0x99,0x99,0x90,0x04,0x99,0xA0,0x0A,0x99,0x99,0x99,0x99,
	0x96,0x00,0x00,0x00,0x00,0xFF,0x66,0x00,0x00,0x00,0x00,0x04,0x66,0x66,0x66,0x66,0x66,0x66,0x66,0x66,0x66,0x66,0x69,0x66,
	0x60,0x00,0x66,0x66,0x66,0x66,0x69,0x99,0x99,0x96,0x66,0x66,0x80,0x09,0x99,0x96,0x69,0x69,0x66,0x69,0x96,0x99,0x99,0x99,
	0x69,0x69,0x66,0x99,0x96,0x99,0x96,0x66,0x66,0x99,0x99,0x99,0x66,0x66,0x69,0x96,0x69,0x69,0x90,0x06,0x69,0x99,0x99,0x99,
	0x99,0x99,0x99,0x99,0x99,0x99,0x99,0x99,0x00,0x69,0x99,0x99,0x99,0x99,0x99,0x96,0x69,0x99,0x99,0x99,0x99,0x60,0x06,0x99,
	0x96,0x96,0x96,0x60,0x00,0x00,0x00,0x00,0x00,0x00,0x06,0x46,0x66,0x68,0x00,0x00,0x00,0x00,0x00,0x00,0x00,0x44,0x6A,0x4A,
	0x6A,0xAA,0x6A,0x46,0x00,0x68,0x46,0xA6,0x66,0x00,0x06,0x66,0x66,0x60,0x00,0xFF,0x00,0x06,0x66,0x66,0x66,0x66,0x66,0x66,
	0x66,0x66,0x64,0x00,0x06,0x66,0x66,0x66,0x66,0x66,0x96,0x99,0x66,0xA0,0x00,0x00,0x00,0x88,0x66,0x96,0x66,0x66,0x66,0x99,
	0x99,0x40,0x00,0x00,0x00,0x06,0x40,0x00,0x00,0x08,0x66,0x66,0x66,0x69,0x99,0x99,0x96,0x69,0x99,0x99,0x99,0x99,0x66,0x99,
	0x99,0x99,0x99,0x99,0x99,0x99,0x93,0x99,0x99,0x99,0x99,0x99,0x99,0x39,0x99,0x99,0xA0,0x00,0x99,0x99,0x99,0x99,0x99,0x99,
	0x99,0x00,0x09,0x99,0x9A,0x00,0x00,0x06,0x99,0x99,0x99,0x99,0x99,0x99,0x99,0x99,0x99,0x99,0x99,0x99,0x99,0x99,0x99,0x99,
	0x99,0x99,0x99,0x99,0x99,0x99,0x99,0x99,0x99,0x99,0x99,0x99,0x99,0x99,0x99,0x99,0x99,0x99,0x99,0x99,0x99,0x99,0x99,0x90,
	0x00,0xCA,0x99,0x99,0x99,0x99,0x96,0x69,0x66,0x69,0x96,0x69,0x69,0x69,0x99,0x66,0x66,0x69,0x96,0x60,0xA9,0x66,0x64,0xA0,
	0x00,0x08,0x69,0x99,0x99,0x96,0x60,0x99,0x99,0x9A,0x06,0x99,0x99,0x99,0x99,0x69,0x99,0x99,0x99,0x99,0x90,0x00,0x99,0x99,
	0x99,0x99,0x99,0x99,0x99,0x99,0x99,0x98,0x00,0x00,0x00,0x08,0x99,0x99,0x99,0x99,0x99,0x00,0x09,0x99,0x99,0x99,0x99,0x99,
	0x99,0x00,0x09,0x99,0x99,0x00,0x09,0x99,0x99,0x99,0x99,0x99,0x99,0x99,0x99,0x93,0x99,0x99,0x99,0x99,0x99,0x90,0x00,0x99,
	0x90,0x00,0x99,0x99,0x99,0x99,0x96,0x00,0x00,0x00,0x00,0xFF,0x64,0x00,0x00,0x00,0x00,0x09,0x66,0x69,0x66,0x96,0x66,0x66,
	0x96,0x66,0x66,0x69,0x99,0x69,0x90,0x00,0xA6,0x69,0x66,0x99,0x99,0x66,0x66,0x66,0x66,0x66,0x00,0x09,0x96,0x96,0x99,0x99,
	0x69,0x99,0x66,0x96,0x66,0x99,0x99,0x96,0x96,0x96,0x99,0x69,0x66,0x66,0x69,0x99,0x99,0x99,0x66,0x66,0x66,0x66,0x69,0x96,
	0x90,0x0A,0x69,0x99,0x99,0x99,0x96,0x99,0x99,0x96,0x99,0x99,0x69,0x9A,0x00,0x69,0x99,0x99,0x99,0x99,0x99,0x96,0x99,0x96,
	0x99,0x99,0x66,0x98,0x08,0x69,0x66,0x96,0x69,0x99,0x00,0x00,0x00,0x00,0x00,0x06,0x66,0x96,0x46,0x64,0x64,0x6A,0x00,0x00,
	0x00,0x00,0x00,0x86,0x44,0xA4,0xA6,0x46,0x64,0x68,0x00,0xAA,0x66,0xAA,0x46,0x00,0x06,0x66,0x66,0xA0,0x00,0xFF,0x00,0x00,
	0x86,0x96,0x66,0x66,0x66,0x66,0x66,0x66,0x60,0x00,0x69,0x66,0x96,0x66,0x69,0x66,0x49,0x66,0x66,0x00,0x00,0x00,0x00,0x00,
	0x00,0x0A,0x46,0x96,0x66,0x69,0x69,0x66,0x00,0x00,0x00,0x00,0x00,0x00,0x00,0x69,0x66,0x66,0x66,0x66,0x99,0x96,0x66,0x99,
	0x99,0x96,0x99,0x99,0x99,0x99,0x60,0x00,0x0A,0x66,0x99,0x99,0x99,0x99,0x99,0x99,0x99,0x93,0x99,0x33,0x99,0x99,0x9A,0x00,
	0x06,0x99,0x99,0x99,0x99,0x99,0x96,0x00,0x89,0x99,0x99,0x00,0x00,0x08,0x99,0x99,0x99,0x99,0x99,0x99,0x99,0x99,0x99,0x99,
	0x99,0x99,0x99,0x99,0x99,0x99,0x99,0x99,0x99,0x99,0x99,0x99,0x99,0x99,0x99,0x99,0x99,0x99,0x99,0x99,0x99,0x99,0x99,0x99,
	0x99,0x99,0x99,0x99,0x99,0x90,0x00,0xCA,0x69,0x99,0x99,0x99,0x69,0x66,0x96,0x96,0x96,0x66,0x66,0x66,0x99,0x96,0x69,0x96,
	0x96,0x64,0x0A,0x00,0x00,0x86,0x69,0x69,0x99,0x99,0x99,0x99,0x90,0x99,0x96,0x00,0x99,0x99,0x99,0x99,0x99,0x99,0x99,0x99,
	0x99,0x99,0x90,0x00,0x99,0x99,0x99,0x99,0x99,0x99,0x99,0x99,0x99,0x98,0x00,0x00,0x00,0x00,0x06,0x99,0x99,0x99,0x99,0x00,
	0x09,0x99,0x99,0x99,0x99,0x99,0x99,0x00,0x09,0x99,0x98,0x00,0x49,0x99,0x99,0x99,0x99,0x99,0x99,0x99,0x99,0x99,0x99,0x99,
	0x99,0x99,0x99,0x90,0x00,0x99,0x96,0x00,0x09,0x99,0x99,0x99,0x96,0x00,0x00,0x00,0x00,0xFF,0x68,0x00,0x00,0x00,0x00,0x46,
	0x69,0x69,0x66,0x66,0x66,0x69,0x66,0x96,0x66,0x69,0x99,0x96,0x90,0x00,0x09,0x99,0x96,0x66,0x66,0x66,0x66,0x66,0x66,0x99,
	0x00,0x46,0x99,0x99,0x99,0x99,0x99,0x99,0x69,0x96,0x99,0x99,0x96,0x99,0x99,0x99,0x96,0x99,0x69,0x96,0x96,0x99,0x66,0x69,
	0x99,0x66,0x66,0x66,0x66,0x66,0x6A,0x00,0x69,0x69,0x99,0x99,0x99,0x99,0x99,0x96,0x99,0x99,0x99,0x90,0x00,0x99,0x99,0x99,
	0x99,0x99,0x99,0x69,0x96,0x99,0x96,0x99,0x96,0x66,0x00,0x69,0x66,0x66,0x69,0x96,0x60,0x00,0x00,0x00,0x00,0x66,0x64,0x66,
	0x66,0x66,0xAA,0x84,0x6A,0x80,0x00,0x00,0x00,0x0A,0x66,0x66,0x44,0x66,0xA6,0x60,0x00,0x46,0xA6,0x86,0x88,0x00,0xA4,0x46,
	0x66,0x00,0x00,0xFF,0x00,0x40,0x08,0x64,0x66,0x66,0x66,0x66,0x66,0x66,0x60,0x0A,0x66,0x66,0x96,0x66,0x66,0x66,0x66,0x66,
	0x64,0x00,0x00,0x00,0x00,0x00,0x00,0x00,0x00,0x00,0x04,0x46,0x66,0x66,0x60,0x00,0x00,0x00,0x00,0x00,0x46,0x66,0x66,0x99,
	0x99,0x99,0x99,0x96,0x99,0x69,0x99,0x99,0x99,0x99,0x99,0x9A,0x00,0x08,0xAA,0xA4,0xA4,0xA4,0x66,0x99,0x99,0x99,0x99,0x99,
	0x99,0x93,0x99,0x99,0x99,0x00,0x00,0x69,0x99,0x99,0x99,0x99,0x90,0x00,0x99,0x99,0x99,0x00,0x00,0x00,0x99,0x99,0x99,0x99,
	0x99,0x99,0x99,0x99,0x99,0x99,0x99,0x99,0x99,0x99,0x99,0x99,0x99,0x99,0x99,0x99,0x99,0x99,0x99,0x99,0x39,0x99,0x99,0x99,
	0x99,0x99,0x99,0x99,0x99,0x99,0x99,0x99,0x99,0x99,0x99,0x90,0x00,0xCA,0x96,0x99,0x99,0x99,0x99,0x66,0x99,0x66,0x66,0x66,
	0x66,0x66,0x96,0x66,0x99,0x66,0x80,0x00,0x00,0x06,0x99,0x69,0x99,0x99,0x99,0x66,0x96,0x99,0x60,0x99,0xA0,0xA9,0x99,0x99,
	0x99,0x99,0x99,0x99,0x99,0x99,0x99,0x99,0x90,0x00,0x99,0x99,0x99,0x99,0x99,0x99,0x99,0x99,0x99,0x90,0x00,0x00,0x9A,0x00,
	0x00,0x89,0x99,0x99,0x99,0x00,0x09,0x99,0x99,0x99,0x99,0x99,0x99,0x00,0x09,0x99,0x90,0x00,0x99,0x99,0x99,0x99,0x99,0xA0,
	0x00,0x08,0x69,0x99,0x99,0x99,0x99,0x99,0x99,0x94,0x00,0x99,0x99,0x00,0x06,0x99,0x99,0x99,0x96,0x00,0x00,0x00,0x00,0xFF,
	0x60,0x00,0x00,0x00,0x00,0x96,0x66,0x69,0x69,0x99,0x69,0x99,0x66,0x69,0x66,0x66,0x96,0x99,0x96,0x00,0x09,0x99,0x69,0x66,
	0x66,0x66,0x69,0x69,0x69,0x69,0x00,0xA9,0x96,0x99,0x99,0x99,0x99,0x96,0x96,0x69,0x99,0x99,0x99,0x96,0x99,0x96,0x99,0x96,
	0x69,0x99,0x99,0x99,0x69,0x99,0x99,0x69,0x69,0x99,0x66,0x99,0x96,0x00,0x66,0x99,0x99,0x99,0x99,0x99,0x99,0x99,0x99,0x69,
	0x69,0x00,0x06,0x99,0x99,0x99,0x69,0x99,0x99,0x96,0x99,0x99,0x99,0x99,0x99,0x69,0x00,0xA9,0x96,0x66,0x69,0x66,0x94,0x00,
	0x00,0x00,0x06,0x66,0x66,0x66,0x46,0x64,0x66,0x66,0x44,0x44,0xA4,0x80,0x00,0x00,0xAA,0x64,0x84,0x64,0x64,0x48,0x00,0x4A,
	0x66,0x46,0x40,0x0A,0x64,0x66,0x6A,0x00,0x00,0xFF,0x00,0x44,0x00,0x06,0x66,0xA4,0xA6,0x46,0x46,0x66,0x00,0x06,0x66,0x66,
	0x66,0x66,0x66,0x66,0x64,0x66,0x66,0x00,0x00,0x00,0x00,0x00,0x00,0x00,0x00,0x00,0x00,0x00,0x00,0x00,0x00,0x00,0x00,0x00,
	0x00,0x00,0x04,0x46,0x69,0x69,0x69,0x99,0x66,0x69,0x69,0x99,0x66,0x66,0x69,0x99,0x99,0xA0,0x00,0xA4,0x44,0x44,0x44,0x44,
	0x44,0x44,0x44,0xAA,0x49,0x69,0x66,0x96,0x99,0x99,0x99,0x90,0x00,0x06,0x99,0x99,0x99,0x99,0xA0,0x00,0x99,0x99,0x99,0x00,
	0x00,0x00,0x99,0x99,0x99,0x99,0x99,0x99,0x99,0x99,0x99,0x99,0x99,0x99,0x99,0x99,0x99,0x99,0x99,0x99,0x99,0x99,0x99,0x99,
	0x33,0x96,0x99,0x99,0x99,0x99,0x99,0x99,0x99,0x99,0x99,0x99,0x99,0x99,0x99,0x99,0x99,0x90,0x00,0xCA,0x99,0x99,0x99,0x99,
	0x99,0x99,0x96,0x66,0x69,0x96,0x00,0x00,0x00,0x00,0x00,0x84,0x66,0x66,0x66,0x00,0x69,0x99,0x69,0x96,0x69,0x96,0x69,0x96,
	0x60,0x00,0x69,0x99,0x99,0x99,0x99,0x99,0x99,0x99,0x99,0x99,0x99,0x99,0x98,0x00,0x99,0x99,0x99,0x99,0x99,0x99,0x99,0x99,
	0x99,0x90,0x00,0x00,0x99,0x96,0x00,0x00,0x99,0x99,0x99,0x00,0x09,0x99,0x99,0x99,0x99,0x99,0x99,0x60,0x09,0x99,0x00,0x00,
	0x99,0x99,0x99,0x40,0x00,0x00,0x00,0x00,0x00,0x69,0x99,0x93,0x99,0x99,0x99,0x96,0x00,0x99,0x99,0x90,0x00,0x99,0x99,0x99,
	0x96,0x00,0x00,0x00,0x00,0xFF,0x60,0x00,0x00,0x00,0x06,0x66,0x66,0x96,0x96,0x69,0x69,0x99,0x66,0x66,0x96,0x66,0x66,0x66,
	0x96,0x00,0x09,0x99,0x66,0x66,0x66,0x66,0x66,0x69,0x66,0x94,0x00,0xA6,0x66,0x66,0x99,0x99,0x99,0x96,0x99,0x66,0x96,0x99,
	0x99,0x99,0x99,0x66,0xA0,0x0A,0x0A,0x49,0x99,0x99,0x69,0x69,0x99,0x66,0x66,0x69,0x99,0x66,0x69,0x00,0x66,0x99,0x69,0x99,
	0x96,0x69,0x99,0x99,0x99,0x99,0x90,0x00,0x69,0x99,0x99,0x99,0x69,0x99,0x99,0x96,0x99,0x99,0x99,0x99,0x99,0x99,0x00,0x09,
	0x66,0x99,0x69,0x66,0x66,0x00,0x00,0x00,0x46,0x66,0x66,0x66,0x46,0x66,0x66,0x64,0xA6,0x66,0x66,0x68,0x00,0x00,0xA6,0x66,
	0x68,0x46,0xA4,0x68,0x00,0x66,0x64,0x64,0x00,0x08,0x64,0x4A,0x68,0x00,0x00,0xFF,0x04,0x44,0xA0,0x00,0x66,0x66,0x66,0x64,
	0x66,0x68,0x00,0x86,0x66,0x66,0x66,0x66,0x66,0x66,0x66,0x66,0x66,0x00,0x00,0x00,0x00,0x00,0x00,0x00,0x00,0x00,0x00,0x00,
	0x00,0x00,0x00,0x00,0x00,0x00,0x00,0x00,0x00,0x00,0x00,0x00,0x84,0x46,0x66,0x69,0x99,0x66,0x66,0x99,0x69,0x96,0x60,0x00,
	0x00,0xA4,0x44,0x44,0x44,0x44,0x44,0x44,0x44,0x44,0x66,0x44,0xAA,0x46,0x66,0x99,0x99,0x99,0x00,0x00,0xA9,0x99,0x99,0x99,
	0x00,0x04,0x99,0x99,0x99,0x90,0x00,0x06,0x99,0x99,0x99,0x99,0x99,0x99,0x99,0x99,0x99,0x99,0x99,0x99,0x99,0x99,0x99,0x99,
	0x99,0x99,0x99,0x99,0x99,0x99,0x33,0x99,0x99,0x99,0x99,0x99,0x99,0x99,0x99,0x99,0x99,0x99,0x99,0x99,0x99,0x99,0x99,0x90,
	0x00,0xCA,0x99,0x99,0x69,0x96,0x66,0x96,0x96,0x99,0x69,0x66,0x66,0x66,0x68,0x00,0x04,0x69,0x69,0x66,0x66,0x60,0x00,0x49,
	0x69,0x69,0x69,0x96,0x69,0x6A,0x00,0x49,0x99,0x99,0x99,0x69,0x99,0x99,0x99,0x99,0x99,0x99,0x99,0x99,0x90,0x00,0x99,0x99,
	0x99,0x99,0x99,0x99,0x99,0x99,0x99,0x98,0x00,0x00,0x99,0x99,0x90,0x00,0x09,0x99,0x99,0xA0,0x09,0x99,0x99,0x99,0x99,0x99,
	0x99,0x90,0x04,0x90,0x00,0x09,0x99,0x99,0x90,0x00,0x00,0x00,0x00,0x00,0x00,0x08,0x99,0x99,0x33,0x99,0x99,0x99,0x00,0x93,
	0x99,0x96,0x00,0x69,0x99,0x99,0x96,0x00,0x00,0x00,0x00,0xFF,0x90,0x00,0x00,0x00,0x06,0x66,0x66,0x66,0x96,0x66,0x66,0x69,
	0x99,0x66,0x66,0x66,0x66,0x66,0x96,0x00,0x06,0x66,0x66,0x69,0x66,0x66,0x99,0x69,0x66,0x60,0x00,0x69,0x99,0x99,0x99,0x69,
	0x96,0x69,0x66,0x69,0x96,0x96,0x96,0x96,0x68,0x00,0x00,0x00,0x00,0x00,0x06,0x69,0x99,0x96,0x99,0x99,0x69,0x96,0x69,0x69,
	0x96,0x00,0x66,0x69,0x96,0x99,0x99,0x99,0x99,0x99,0x69,0x99,0xA0,0x00,0x99,0x99,0x99,0x99,0x99,0x99,0x99,0x96,0x99,0x99,
	0x99,0x99,0x69,0x99,0x80,0x06,0x69,0x99,0x69,0x66,0x69,0x80,0x00,0x00,0x96,0x66,0x66,0x66,0x66,0x66,0x64,0x66,0x64,0x66,
	0x44,0xA6,0x80,0x00,0x04,0x64,0x66,0xA6,0x46,0x6A,0x00,0x46,0x66,0x6A,0x00,0x06,0x6A,0x64,0x60,0x00,0x00,0xFF,0x06,0x64,
	0xA4,0x00,0x06,0x64,0x66,0x66,0x46,0x60,0x00,0x66,0x66,0x66,0x66,0x66,0x66,0x66,0x66,0x66,0x66,0xA0,0x00,0x00,0x00,0x00,
	0x00,0x00,0x00,0x00,0x00,0x00,0x00,0x00,0x00,0x00,0x00,0x00,0x00,0x00,0x00,0x00,0x00,0x00,0x00,0x00,0x00,0x08,0x69,0x69,
	0x99,0x96,0x66,0x99,0x00,0x00,0x6A,0xAA,0x44,0x46,0x66,0x46,0x44,0x46,0x64,0x64,0x64,0x44,0x44,0x64,0xA4,0x44,0x44,0x66,
	0x60,0x00,0x0A,0x99,0x99,0x98,0x00,0x09,0x99,0x99,0x99,0x99,0x88,0x69,0x99,0x99,0x99,0x99,0x99,0x99,0x99,0x99,0x99,0x99,
	0x99,0x99,0x99,0x99,0x99,0x99,0x99,0x99,0x99,0x99,0x99,0x99,0x99,0x99,0x99,0x99,0x99,0x99,0x99,0x99,0x99,0x99,0x99,0x99,
	0x99,0x99,0x99,0x99,0x99,0x90,0x00,0xCA,0x99,0x99,0x99,0x99,0x96,0x66,0x96,0x69,0x69,0x99,0x69,0x69,0x96,0x96,0x40,0x00,
	0xA6,0x66,0x66,0x69,0xA0,0x00,0x08,0xAA,0xA6,0x64,0x80,0x00,0x60,0x99,0x99,0x99,0x99,0x99,0x99,0x99,0x99,0x99,0x99,0x99,
	0x99,0x99,0x40,0x00,0x99,0x99,0x99,0x99,0x99,0x99,0x99,0x99,0x99,0x99,0x00,0x06,0x99,0x99,0x99,0x00,0x00,0x69,0x99,0x80,
	0x09,0x99,0x99,0x99,0x99,0x99,0x99,0x90,0x00,0xA0,0x00,0x09,0x99,0x9A,0x00,0x00,0x04,0x99,0x99,0x99,0x80,0x00,0x09,0x99,
	0x93,0x39,0x33,0x39,0x00,0x69,0x33,0x39,0x00,0x09,0x99,0x99,0x96,0x00,0x00,0x00,0x00,0xFF,0x60,0x00,0x00,0x00,0x06,0x96,
	0x66,0x66,0x96,0x66,0x66,0x66,0x66,0x66,0x66,0x66,0x66,0x66,0x69,0x80,0x0A,0x66,0x66,0x66,0x69,0x66,0x96,0x96,0x64,0x00,
	0x00,0x66,0x96,0x99,0x96,0x66,0x66,0x99,0x66,0x69,0x96,0x69,0x96,0x9A,0x00,0x00,0x0A,0x44,0xA8,0x00,0x00,0x04,0x99,0x99,
	0x96,0x99,0x96,0x69,0x66,0x69,0x99,0xA0,0xA9,0x69,0x96,0x99,0x99,0x99,0x99,0x99,0x99,0x60,0x00,0xA9,0x99,0x99,0x99,0x99,
	0x69,0x99,0x99,0x96,0x99,0x69,0x99,0x99,0x69,0x99,0x80,0x04,0x69,0x96,0x99,0x66,0x66,0x60,0x00,0x09,0x66,0x66,0x66,0x96,
	0x66,0x66,0x66,0x66,0x66,0x46,0xAA,0x44,0x64,0x00,0x08,0x46,0x66,0x66,0x46,0x6A,0x00,0x64,0x64,0x80,0x00,0x46,0xA4,0x46,
	0xA0,0x00,0x00,0xFF,0x66,0xAA,0x66,0x60,0x00,0x66,0x66,0xA6,0x66,0xA0,0x06,0x66,0x66,0x66,0x66,0x66,0x66,0x66,0x66,0x66,
	0x66,0x66,0x66,0x46,0x66,0x66,0x66,0x99,0x66,0x66,0x66,0x66,0x64,0x00,0x00,0x00,0x00,0x80,0x00,0x00,0x00,0x00,0x00,0x00,
	0x00,0x00,0x00,0x00,0x00,0x66,0x69,0x66,0x66,0x66,0x00,0xA0,0xA4,0xAA,0x44,0x64,0x44,0x46,0x44,0x44,0x44,0x4A,0x4A,0x44,
	0x64,0x44,0x44,0x66,0x64,0x64,0x44,0x6A,0xAA,0xA6,0x66,0x40,0x00,0x99,0x99,0x99,0x99,0x99,0x99,0x99,0x99,0x99,0x99,0x99,
	0x99,0x99,0x99,0x99,0x99,0x99,0x99,0x99,0x99,0x99,0x99,0x99,0x99,0x99,0x99,0x99,0x99,0x99,0x33,0x39,0x99,0x99,0x99,0x99,
	0x99,0x99,0x99,0x99,0x99,0x99,0x99,0x99,0x99,0x99,0x99,0x90,0x00,0xCA,0x99,0x99,0x99,0x96,0x99,0x96,0x66,0x99,0x99,0x66,
	0x96,0x99,0x96,0x66,0x66,0x66,0x68,0x00,0x00,0x00,0x00,0x00,0x00,0x00,0x00,0x84,0x96,0x99,0x60,0x99,0x99,0x99,0x99,0x99,
	0x99,0x99,0x99,0x99,0x99,0x99,0x99,0x96,0x00,0x00,0x99,0x99,0x99,0x99,0x99,0x99,0x99,0x99,0x99,0x99,0x99,0x99,0x99,0x99,
	0x99,0x9A,0x00,0x00,0x69,0xA0,0x09,0x99,0x99,0x99,0x99,0x99,0x99,0x90,0x00,0x00,0x00,0x89,0x9A,0x00,0x00,0xA9,0x99,0x99,
	0x99,0x99,0x99,0x00,0x00,0x99,0x99,0x99,0x33,0x39,0x00,0x09,0x99,0x99,0x40,0x06,0x99,0x99,0x96,0x00,0x00,0x00,0x00,0xFF,
	0x90,0x00,0x00,0x00,0x69,0x99,0x69,0x66,0x96,0x66,0x66,0x66,0x66,0x96,0x66,0x66,0x66,0x66,0x66,0x60,0x0A,0x96,0x96,0x66,
	0x96,0x66,0x66,0x40,0x00,0x00,0x00,0x00,0x04,0x69,0x96,0x96,0x69,0x99,0x66,0x99,0x99,0x96,0x96,0x60,0x00,0x86,0x99,0x66,
	0x66,0x00,0x00,0x00,0x66,0x99,0x99,0x99,0x99,0x99,0x96,0x66,0x69,0xA0,0xA9,0x99,0x99,0x99,0x99,0x99,0x99,0x99,0x66,0x00,
	0x0A,0x69,0x99,0x99,0x99,0x6A,0x46,0x99,0x99,0x99,0x96,0x99,0x99,0x99,0x99,0x96,0x80,0x04,0x99,0x66,0x96,0x66,0x96,0x60,
	0x00,0x89,0x66,0x96,0x69,0x66,0x64,0x66,0x66,0x46,0x66,0x66,0x64,0x6A,0xA6,0xA0,0x00,0xA4,0x66,0x66,0x66,0x64,0x00,0x46,
	0x6A,0x60,0x00,0x66,0x46,0x66,0x00,0x00,0x00,0xFF,0xA6,0x66,0x66,0x68,0x00,0x66,0x66,0x66,0x66,0x00,0x06,0x66,0x66,0x66,
	0x66,0x66,0x66,0x66,0x66,0x66,0x66,0x66,0x66,0x66,0x66,0x66,0x66,0x66,0x66,0x66,0x66,0x64,0x00,0x00,0x00,0x00,0x00,0x96,
	0x00,0x00,0x00,0x46,0x6A,0x80,0x00,0x00,0x00,0x00,0x00,0x66,0x66,0x66,0x69,0x66,0x06,0x68,0xA9,0x9A,0x44,0x44,0x44,0x64,
	0x46,0x44,0x64,0x64,0x66,0x44,0x64,0x44,0x99,0x44,0xA4,0x44,0x4A,0x4A,0x8A,0xAA,0xA8,0x0A,0xA8,0x66,0x99,0x99,0x99,0x99,
	0x99,0x99,0x99,0x99,0x99,0x99,0x99,0x99,0x99,0x99,0x99,0x99,0x99,0x99,0x99,0x99,0x99,0x99,0x99,0x99,0x99,0x99,0x99,0x99,
	0x33,0x39,0x99,0x99,0x99,0x99,0x99,0x99,0x99,0x99,0x99,0x99,0x99,0x99,0x99,0x99,0x99,0x90,0x00,0xCA,0x99,0x99,0x99,0x99,
	0x99,0x69,0x96,0x66,0x96,0x99,0x69,0x99,0x69,0x69,0x69,0x69,0x99,0x6A,0x00,0x46,0x46,0x66,0x66,0x64,0x69,0x96,0x66,0x66,
	0x60,0x99,0x99,0x99,0x99,0x99,0x99,0x99,0x99,0x99,0x99,0x99,0x99,0x90,0x00,0x00,0x99,0x99,0x99,0x99,0x99,0x99,0x99,0x99,
	0x99,0x99,0x93,0x99,0x99,0x99,0x99,0x99,0x00,0x00,0x09,0x60,0x09,0x99,0x99,0x99,0x99,0x99,0x99,0x90,0x00,0x00,0x00,0x99,
	0x00,0x00,0x09,0x99,0x99,0x99,0x99,0x99,0x99,0x90,0x00,0x09,0x96,0x69,0x33,0x33,0x00,0x06,0x99,0x99,0x90,0x00,0x99,0x99,
	0x96,0x00,0x00,0x00,0x00,0xFF,0x60,0x00,0x00,0x00,0x66,0x66,0x66,0x66,0x66,0x69,0x69,0x99,0x69,0x99,0x66,0x66,0x66,0x66,
	0x66,0x66,0x66,0x96,0x99,0x99,0x66,0x69,0xA0,0x00,0x00,0x00,0x00,0x00,0x00,0x00,0xA6,0x99,0x69,0x99,0x99,0x99,0x99,0x96,
	0x96,0x00,0x09,0x96,0x69,0x99,0x99,0x00,0x00,0x00,0x06,0x69,0x99,0x99,0x96,0x99,0x96,0x99,0x99,0x60,0x09,0x96,0x99,0x99,
	0x69,0x96,0x69,0x66,0x00,0x00,0x86,0x69,0x69,0x69,0x90,0x00,0x00,0x46,0x99,0x96,0x99,0x99,0x99,0x99,0x99,0x96,0xA0,0x04,
	0x99,0x99,0x69,0x69,0x99,0x40,0x00,0xA9,0x66,0x66,0x66,0x69,0x66,0x66,0x66,0x46,0x46,0x66,0x6A,0x64,0x66,0x60,0x00,0x06,
	0x66,0x44,0x66,0x66,0x00,0x06,0x46,0x80,0x0A,0x66,0x66,0x46,0x00,0x80,0x00,0xFF,0x66,0x66,0x66,0x46,0x80,0x06,0x66,0x66,
	0x6A,0x00,0x06,0x66,0x66,0x66,0x66,0x66,0x66,0x66,0x66,0x66,0x66,0x66,0x66,0x66,0x66,0x66,0x66,0x66,0x66,0x66,0x66,0x00,
	0x00,0x00,0x00,0x00,0x00,0x96,0x60,0x00,0x00,0x00,0x06,0x96,0x69,0x99,0x96,0xA0,0x0A,0x96,0x96,0x66,0x66,0x66,0xA4,0x69,
	0x99,0x9A,0x44,0x44,0x44,0x44,0x64,0x44,0x44,0x66,0x44,0x46,0x66,0x44,0x44,0x46,0xA4,0x44,0x44,0x44,0x6A,0x8A,0x08,0xA8,
	0xA4,0x44,0x44,0x46,0x46,0x46,0x69,0x99,0x99,0x99,0x99,0x99,0x99,0x99,0x99,0x99,0x99,0x99,0x99,0x99,0x99,0x99,0x99,0x99,
	0x99,0x99,0x99,0x99,0x99,0x99,0x99,0x33,0x39,0x99,0x99,0x99,0x99,0x99,0x99,0x99,0x99,0x99,0x99,0x96,0x66,0x99,0x99,0x90,
	0x00,0xCA,0x99,0x99,0x99,0x96,0x66,0x99,0x69,0x66,0x69,0x99,0x96,0x66,0x66,0x69,0x99,0x99,0x66,0x96,0x66,0x00,0x66,0x96,
	0x66,0x99,0x96,0x66,0x66,0x69,0x60,0x96,0x69,0x99,0x99,0x99,0x99,0x99,0x69,0x99,0x99,0x99,0x99,0x60,0x08,0x00,0x49,0x99,
	0x99,0x99,0x99,0x99,0x99,0x99,0x99,0x99,0x60,0x00,0x00,0x00,0x00,0xA6,0x90,0x00,0x00,0xA0,0x09,0x99,0x99,0x99,0x99,0x99,
	0x99,0x90,0x00,0x00,0x00,0x00,0x00,0x09,0x99,0x99,0x99,0x00,0x09,0x99,0x99,0x99,0xA0,0x00,0x39,0x96,0x83,0x33,0x00,0x00,
	0x99,0x99,0x9A,0x00,0x69,0x99,0x96,0x00,0x00,0x00,0x00,0xFF,0x60,0x00,0x00,0x04,0x96,0x66,0x99,0x66,0x66,0x66,0x66,0x69,
	0x69,0x69,0x96,0x99,0x66,0x96,0x66,0x66,0x66,0x96,0x69,0x99,0x66,0x66,0x00,0x00,0x00,0x4A,0x66,0x48,0x00,0x00,0x00,0xA9,
	0x66,0x99,0x99,0x99,0x99,0x66,0x90,0x00,0x66,0x99,0x66,0x99,0x96,0x00,0x00,0x00,0x06,0x99,0x69,0x96,0x99,0x96,0x99,0x99,
	0x96,0x60,0x09,0x96,0x99,0x99,0x66,0x99,0x69,0x60,0x00,0x0A,0x69,0x99,0x99,0x99,0x90,0x00,0x00,0x06,0x99,0x99,0x99,0x99,
	0x99,0x99,0x69,0x96,0xA0,0x06,0x39,0x96,0x69,0x99,0x99,0xA0,0x00,0xA6,0x66,0x66,0x66,0x96,0x66,0x66,0x66,0x66,0x44,0x66,
	0x66,0x64,0x66,0x46,0x00,0x08,0xA6,0xA6,0x46,0x66,0x00,0x04,0x66,0x00,0x0A,0x46,0x64,0x6A,0x00,0x60,0x00,0xFF,0x66,0x44,
	0x66,0xA6,0x60,0x00,0x64,0x66,0x60,0x00,0x66,0x66,0x66,0x66,0x66,0x66,0x66,0x66,0x66,0x66,0x66,0x64,0x66,0x66,0x66,0x66,
	0x66,0x66,0x66,0x66,0xA0,0x00,0x00,0x00,0x0A,0x00,0x00,0x96,0x9A,0x00,0x00,0x00,0x00,0x66,0x99,0x66,0x66,0x66,0x66,0x66,
	0x69,0x66,0x66,0x96,0x44,0xAA,0x49,0x99,0x44,0x44,0x44,0x06,0x66,0x44,0x64,0x64,0x44,0x6A,0x44,0x64,0x46,0x44,0x64,0x44,
	0x46,0x44,0x44,0x8A,0x8A,0xA4,0x46,0x44,0x44,0x44,0x44,0x44,0x64,0x44,0x44,0x66,0x99,0x99,0x99,0x99,0x99,0x99,0x99,0x99,
	0x99,0x99,0x99,0x99,0x99,0x99,0x99,0x99,0x99,0x99,0x99,0x99,0x99,0x33,0x39,0x99,0x99,0x99,0x99,0x99,0x99,0x99,0x99,0x99,
	0x99,0x39,0x96,0x99,0x99,0x90,0x00,0xCA,0x99,0x99,0x99,0x99,0x96,0x99,0x99,0x96,0x66,0x99,0x99,0x96,0x69,0x96,0x96,0x69,
	0x96,0x96,0x66,0x96,0x00,0x69,0x99,0x96,0x66,0x66,0x69,0x66,0x60,0x96,0x66,0x99,0x99,0x99,0x99,0x69,0x99,0x99,0x99,0x99,
	0x99,0x80,0x09,0x00,0xA9,0x99,0x93,0x39,0x99,0x99,0x99,0x99,0x99,0x00,0x00,0x00,0x00,0x00,0x00,0x00,0x00,0x00,0x00,0x00,
	0x09,0x99,0x99,0x99,0x99,0x99,0x99,0x90,0x00,0x00,0x00,0x00,0x00,0x99,0x99,0x99,0x90,0x00,0x0A,0x99,0x99,0x99,0x90,0x00,
	0x49,0x40,0x04,0x99,0x00,0x00,0x99,0x99,0x99,0x00,0x09,0x99,0x96,0x00,0x00,0x00,0x00,0xFF,0x60,0x00,0x00,0x06,0x66,0x66,
	0x69,0x99,0x66,0x69,0x66,0x69,0x96,0x69,0x69,0x66,0x66,0x66,0x66,0x66,0x99,0x96,0x99,0x99,0x99,0x66,0x80,0x00,0xA6,0x99,
	0x99,0x99,0x96,0x00,0x00,0x00,0x96,0x69,0x96,0x99,0x99,0x99,0x40,0x08,0x69,0x99,0x66,0x99,0x60,0x00,0x00,0x00,0x08,0x99,
	0x99,0x69,0x96,0x99,0x99,0x99,0x96,0x40,0x09,0x99,0x99,0x66,0x99,0x99,0x9A,0x00,0x00,0x99,0x99,0x69,0x99,0x99,0x40,0x06,
	0x00,0x00,0x99,0x99,0x99,0x99,0x99,0x99,0x99,0x99,0x80,0x06,0x99,0x66,0x99,0x99,0x96,0x00,0x00,0xA6,0x66,0x96,0x66,0x96,
	0x99,0x66,0x64,0x46,0x66,0x66,0x66,0x66,0x66,0x66,0x80,0x00,0x66,0x66,0x64,0x66,0x00,0x06,0x40,0x00,0x86,0x66,0x66,0x68,
	0x00,0x60,0x00,0xFF,0x66,0x64,0x40,0x08,0x68,0x00,0x46,0x68,0x40,0x08,0x66,0x66,0x66,0x66,0x66,0x66,0x66,0x66,0x66,0x66,
	0x66,0x66,0x66,0x66,0x66,0x66,0x66,0x66,0x66,0x40,0x00,0x00,0x00,0x00,0xA0,0x00,0x00,0x99,0x96,0x60,0x00,0x00,0x00,0x04,
	0x66,0x66,0x66,0x69,0x96,0x69,0x96,0x66,0x69,0x66,0xA4,0xAA,0x4A,0x9A,0x44,0x44,0x40,0x00,0x4A,0x46,0x44,0x46,0x64,0x44,
	0x44,0x44,0x44,0x64,0x44,0x44,0x44,0x44,0x44,0x66,0x44,0x64,0x44,0x44,0x46,0x44,0x44,0x44,0x44,0x44,0x44,0x44,0x44,0xA6,
	0x49,0x66,0x99,0x99,0x99,0x99,0x99,0x99,0x99,0x99,0x99,0x99,0x99,0x99,0x99,0x99,0x99,0x99,0x99,0x93,0x39,0x99,0x99,0x99,
	0x99,0x99,0x99,0x99,0x99,0x99,0x99,0x39,0x96,0x99,0x99,0x90,0x00,0xCA,0x99,0x99,0x99,0x99,0x96,0x66,0x66,0x69,0x99,0x69,
	0x69,0x96,0x69,0x66,0x96,0x66,0x96,0x66,0x66,0x99,0x94,0x0A,0x99,0x69,0x96,0x66,0x99,0x96,0x60,0x66,0x96,0x99,0x99,0x69,
	0x99,0x99,0x69,0x99,0x99,0x99,0x99,0x00,0x09,0x00,0x89,0x99,0x93,0x33,0x39,0x99,0x99,0x99,0x40,0x00,0x00,0x00,0x00,0x00,
	0x00,0x00,0x00,0x00,0x00,0x00,0x09,0x99,0x99,0x99,0x99,0x99,0x99,0x90,0x00,0x00,0x00,0x00,0x00,0x99,0x99,0x99,0x80,0x00,
	0x00,0x99,0x99,0x99,0x99,0x00,0x00,0x00,0x06,0x99,0x00,0x00,0x49,0x99,0x99,0x00,0x09,0x99,0x96,0x00,0x00,0x00,0x00,0xFF,
	0x60,0x00,0x00,0x06,0x69,0x99,0x69,0x66,0x66,0x66,0x66,0x66,0x66,0x99,0x66,0x66,0x66,0x66,0x66,0x66,0x66,0x69,0x66,0x69,
	0x96,0x66,0x6A,0x09,0x69,0x99,0x69,0x99,0x99,0x96,0xA0,0x00,0x09,0x99,0x99,0x99,0x99,0x99,0x00,0x09,0x69,0x69,0x99,0x99,
	0x40,0x00,0x00,0x00,0x00,0x99,0x99,0x96,0x96,0x69,0x69,0x66,0x99,0xA0,0x09,0x99,0x99,0x99,0x99,0x99,0x40,0x00,0x69,0x99,
	0x99,0x99,0x96,0x99,0x00,0x99,0x00,0x00,0x69,0x99,0x99,0x69,0x99,0x96,0x99,0x69,0x00,0x09,0x96,0x99,0x66,0x96,0x69,0x00,
	0x00,0x46,0x66,0x69,0x69,0x66,0x96,0x66,0x96,0x66,0x66,0x46,0x66,0x66,0x64,0x46,0x60,0x00,0xA6,0x66,0x66,0x66,0x60,0x0A,
	0x60,0x00,0x66,0x66,0x66,0x60,0x00,0x60,0x00,0xFF,0x66,0x66,0x60,0x00,0x66,0x00,0x06,0x66,0x00,0x06,0x66,0x66,0x66,0xA6,
	0x66,0x66,0x66,0x66,0x66,0x66,0x64,0x46,0x46,0x66,0x66,0x66,0x66,0x66,0x64,0x00,0x00,0x00,0x00,0x06,0x60,0x00,0x00,0x99,
	0x69,0x96,0x00,0x00,0x00,0x00,0x00,0x66,0x66,0x96,0x66,0x69,0x66,0x96,0x99,0x66,0x44,0x44,0x44,0x44,0x44,0xA6,0x00,0x00,
	0x04,0x64,0x44,0x46,0x44,0x40,0x64,0x46,0x44,0x46,0x44,0xA4,0x66,0x44,0x44,0x44,0x4A,0x44,0x64,0x64,0x44,0x44,0x44,0x44,
	0x44,0x44,0x44,0x44,0x44,0x46,0x66,0x44,0x44,0x64,0x44,0x64,0x66,0x69,0x99,0x99,0x99,0x99,0x99,0x99,0x99,0x99,0x99,0x99,
	0x69,0x99,0x39,0x99,0x99,0x99,0x99,0x99,0x99,0x99,0x99,0x99,0x99,0x69,0x99,0x99,0x99,0x90,0x00,0xCA,0x99,0x96,0x99,0x99,
	0x99,0x66,0x69,0x66,0x99,0x96,0x66,0x66,0x66,0x66,0x96,0x69,0x99,0x96,0x66,0x69,0x99,0x6A,0x09,0x96,0x69,0x96,0x96,0x99,
	0x60,0x99,0x99,0x99,0x99,0x69,0x99,0x99,0x96,0x99,0x69,0x99,0x99,0x00,0xA9,0x00,0x09,0x96,0x63,0x99,0x99,0x33,0x99,0x60,
	0x00,0x00,0x63,0x99,0x99,0x99,0x99,0x96,0x00,0x00,0x00,0x00,0x09,0x99,0x99,0x99,0x99,0x99,0x99,0x9A,0x00,0x00,0x00,0x00,
	0x09,0x99,0x99,0x99,0x00,0x00,0x00,0x69,0x99,0x39,0x90,0x00,0x00,0x00,0x09,0x99,0x00,0x00,0x09,0x99,0x99,0x60,0x09,0x99,
	0x96,0x00,0x00,0x00,0x00,0xFF,0x60,0x00,0x00,0x06,0x66,0x69,0x69,0x66,0x69,0x66,0x66,0x96,0x99,0x99,0x66,0x69,0x66,0x66,
	0x69,0x66,0x66,0x69,0x66,0x96,0x99,0x69,0x99,0x69,0x99,0x99,0x99,0x99,0x99,0x99,0x96,0x40,0x00,0x96,0x99,0x69,0x66,0x96,
	0x00,0x00,0x46,0x69,0x99,0x96,0x00,0x80,0x00,0x00,0x00,0x99,0x99,0x99,0x99,0x99,0x96,0x96,0x69,0xA0,0x09,0x39,0x99,0x93,
	0x99,0x96,0x00,0x06,0x66,0x99,0x99,0x99,0x99,0x96,0x00,0x99,0x00,0x00,0x09,0x99,0x99,0x99,0x99,0x99,0x99,0x96,0x00,0x09,
	0x99,0x66,0x66,0x66,0x69,0x00,0x00,0x66,0x99,0x99,0x66,0x66,0x69,0x99,0x96,0x66,0x66,0x66,0x66,0x66,0x46,0x66,0x60,0x00,
	0x84,0x46,0x6A,0x66,0x60,0x00,0x60,0x0A,0x46,0x64,0x66,0x80,0x04,0x60,0x00,0xFF,0x66,0x66,0x60,0x00,0x66,0x00,0x06,0x6A,
	0x00,0x06,0x66,0x66,0x66,0x66,0x66,0x66,0x66,0x66,0x66,0x66,0x66,0x66,0x66,0x66,0x66,0x66,0x66,0x66,0x60,0x00,0x00,0x00,
	0x00,0x69,0x90,0x00,0x00,0x99,0x66,0x99,0x60,0x00,0x00,0x00,0x00,0xA6,0x66,0x66,0x69,0x69,0x96,0x66,0x66,0x66,0x44,0x44,
	0x44,0x44,0xAA,0x44,0x00,0x00,0x84,0x44,0x44,0x64,0x44,0x00,0x06,0x64,0x64,0x44,0x64,0x46,0x46,0x44,0x44,0x46,0x44,0x44,
	0x44,0x44,0x44,0x44,0x44,0x44,0x44,0x44,0x44,0x44,0x44,0x64,0x66,0x44,0x64,0x4A,0x64,0x64,0x44,0x44,0xA4,0x46,0x69,0x99,
	0x99,0x33,0x99,0x99,0x99,0x69,0x96,0x66,0x33,0x93,0x99,0x99,0x99,0x99,0x99,0x99,0x99,0x99,0x99,0x96,0x99,0x99,0x99,0x90,
	0x00,0xCA,0x96,0x69,0x69,0x96,0x99,0x99,0x99,0x66,0x66,0x66,0x00,0x00,0x00,0x00,0x00,0x84,0x69,0x96,0x66,0x66,0x39,0x69,
	0x40,0x69,0x99,0x96,0x99,0x69,0x90,0x69,0x96,0x96,0x69,0x99,0x99,0x69,0x99,0x99,0x69,0x69,0x96,0x00,0x69,0x40,0x03,0x33,
	0x33,0x39,0x99,0x69,0x38,0x00,0x00,0x66,0x69,0x33,0x99,0x39,0x99,0x99,0x94,0x00,0x00,0x00,0x06,0x99,0x99,0x99,0x99,0x99,
	0x99,0x9A,0x00,0x00,0x00,0x00,0x8A,0x99,0x99,0x99,0xA0,0x00,0x00,0x66,0x48,0x00,0x00,0x00,0x00,0x00,0x09,0x99,0x00,0x00,
	0x09,0x99,0x99,0x90,0x0A,0x99,0x96,0x00,0x00,0x00,0x00,0xFF,0x60,0x00,0x00,0x49,0x66,0x69,0x69,0x96,0x66,0x69,0x66,0x66,
	0x66,0x99,0x69,0x99,0x96,0x66,0x66,0x66,0x66,0x66,0x99,0x66,0x99,0x96,0x69,0x99,0x96,0x99,0x69,0x99,0x69,0x93,0x69,0x66,
	0x00,0x09,0x96,0x99,0x9A,0x00,0x00,0x00,0x08,0x69,0x99,0x60,0x00,0x00,0x00,0x00,0x04,0x99,0x69,0x96,0x66,0x99,0x69,0x99,
	0x39,0x80,0x09,0x69,0x99,0x99,0x99,0x90,0x00,0x46,0x69,0x66,0x99,0x99,0x99,0x96,0x00,0x69,0x00,0x00,0x09,0x96,0x99,0x99,
	0x99,0x99,0x99,0x96,0x00,0x89,0x66,0x66,0x66,0x66,0x66,0x00,0x00,0x69,0x99,0x96,0x96,0x99,0x69,0x69,0x99,0x66,0x44,0x66,
	0x66,0x66,0x46,0x64,0x6A,0x00,0x86,0x66,0x66,0x66,0x68,0x00,0x00,0x0A,0x66,0x64,0x64,0x00,0x06,0x60,0x00,0xFF,0x66,0x66,
	0x60,0x08,0x66,0x60,0x0A,0x60,0x00,0x66,0x66,0x66,0x66,0x66,0x66,0x66,0x66,0x66,0x66,0x66,0x66,0x66,0x66,0x66,0x66,0x66,
	0x66,0x66,0x80,0x00,0x00,0x00,0x06,0x69,0x60,0x00,0x08,0x99,0x96,0x69,0x99,0x00,0x00,0x00,0x00,0x06,0x66,0x66,0x66,0x66,
	0x66,0x96,0x69,0x96,0x44,0x4A,0x44,0x4A,0x4A,0x40,0x00,0x00,0x46,0x44,0x44,0x46,0x6A,0x00,0x00,0x64,0x44,0x64,0x44,0x4A,
	0x44,0x44,0x44,0x4A,0x64,0x44,0x46,0x64,0xA4,0x44,0x44,0x44,0x64,0x44,0x46,0x44,0x44,0x44,0x64,0x44,0x44,0x64,0x46,0x64,
	0x64,0x44,0x44,0x44,0x44,0xA4,0x44,0x69,0x33,0x99,0x33,0x99,0x39,0x99,0x93,0x33,0x33,0x99,0x99,0x99,0x39,0x99,0x99,0x99,
	0x93,0x99,0x99,0x99,0x99,0x90,0x00,0xCA,0x99,0x99,0x99,0x99,0x99,0x99,0x99,0x99,0x99,0x9A,0x89,0x66,0x99,0x99,0x64,0xA0,
	0x00,0x08,0x46,0x66,0x99,0x99,0x9A,0x06,0x69,0x99,0x99,0x96,0x60,0x69,0x99,0x69,0x66,0x99,0x66,0x66,0x66,0x66,0x69,0x99,
	0x98,0x00,0x39,0x60,0x09,0x33,0x33,0x33,0x99,0x96,0x00,0x00,0x49,0x99,0x39,0x69,0x33,0x39,0x93,0x33,0x39,0x60,0x00,0x00,
	0x08,0x99,0x99,0x99,0x99,0x99,0x99,0x94,0x00,0x00,0x00,0x00,0x00,0x00,0x00,0x00,0x00,0x00,0x00,0x00,0x00,0x00,0x00,0x00,
	0x60,0x00,0x09,0x99,0x00,0x00,0x06,0x99,0x99,0x90,0x00,0x33,0x96,0x00,0x00,0x00,0x00,0xFF,0x60,0x00,0x00,0x46,0x96,0x66,
	0x96,0x69,0x96,0x99,0x99,0x66,0x96,0x66,0x69,0x99,0x99,0x96,0x99,0x96,0x66,0x69,0x99,0x96,0x99,0x99,0x99,0x66,0x96,0x99,
	0x99,0x69,0x96,0x66,0x69,0x66,0x60,0x00,0x99,0x94,0x00,0x00,0x00,0x00,0x00,0x00,0x00,0x00,0x00,0x00,0x00,0x00,0x09,0x99,
	0x69,0x99,0x99,0x96,0x99,0x66,0x96,0x00,0x49,0x99,0x63,0x39,0x99,0xA0,0x06,0x39,0x99,0x99,0x66,0x99,0x99,0x94,0x06,0x99,
	0x00,0x00,0x09,0x69,0x99,0x99,0x99,0x99,0x99,0x94,0x00,0x49,0x99,0x99,0x99,0x66,0x69,0x00,0x08,0x99,0x99,0x69,0x69,0x99,
	0x93,0x99,0x39,0x99,0x66,0x66,0x66,0x66,0x66,0x64,0x66,0x00,0x06,0x66,0xA6,0x66,0x66,0x00,0x00,0x86,0x64,0x66,0x6A,0x00,
	0x86,0x60,0x00,0xFF,0x66,0x66,0x40,0x04,0x66,0x60,0x00,0xA0,0x00,0x66,0x66,0x66,0x66,0x66,0x66,0x66,0x66,0x66,0x66,0x66,
	0x66,0x66,0x66,0x66,0x66,0x66,0x66,0x69,0x00,0x00,0x00,0x0A,0x99,0x99,0xA0,0x00,0x08,0x99,0x99,0x99,0x99,0x90,0x00,0x00,
	0x00,0x04,0x99,0x99,0x96,0x99,0x99,0x69,0x99,0x94,0x44,0x44,0x44,0x4A,0xA4,0x40,0x00,0x00,0x64,0x64,0x44,0xA6,0x80,0x00,
	0x00,0x44,0x44,0x44,0x44,0x44,0x64,0x44,0x4A,0x44,0x46,0x46,0x44,0x46,0x46,0x64,0x44,0x44,0x46,0x44,0x64,0x44,0x44,0x46,
	0x64,0x44,0xA4,0x64,0x44,0x46,0x44,0x46,0x44,0x44,0x44,0x44,0x64,0x46,0x64,0xA4,0xAA,0x66,0x33,0x93,0x33,0x33,0x33,0x33,
	0x33,0x33,0x33,0x33,0x33,0x33,0x33,0x39,0x39,0x33,0x99,0x90,0x00,0xCA,0x93,0x99,0x99,0x93,0x99,0x99,0x96,0x99,0x99,0x99,
	0x0A,0x99,0x99,0x99,0x99,0x99,0x99,0x66,0x40,0x00,0x00,0x66,0x99,0x60,0x69,0x99,0x99,0x99,0x90,0x46,0x99,0x99,0x99,0x69,
	0x99,0x66,0x69,0x99,0x99,0x93,0x90,0x00,0x39,0x60,0x06,0x33,0x33,0x39,0x96,0x90,0x00,0x09,0x99,0x99,0x94,0x8A,0x96,0x69,
	0x99,0x93,0x33,0x3A,0x00,0x00,0x00,0x33,0x33,0x39,0x99,0x39,0x99,0x33,0x00,0x00,0x00,0x00,0x00,0x00,0x00,0x00,0x00,0x00,
	0x00,0x00,0x00,0x0A,0x69,0x99,0xA0,0x00,0x63,0x33,0xA0,0x00,0x06,0x99,0x99,0x94,0x00,0x93,0x36,0x00,0x00,0x00,0x00,0xFF,
	0x60,0x00,0x00,0x66,0x69,0x66,0x69,0x99,0x66,0x69,0x96,0x69,0x99,0x99,0x96,0x96,0x99,0x96,0x96,0x69,0x99,0x66,0x99,0x99,
	0x99,0x66,0x96,0x69,0x99,0x99,0x99,0x99,0x99,0x69,0x99,0x99,0x9A,0x00,0x49,0x00,0x00,0x00,0x00,0x00,0x00,0x00,0x00,0x00,
	0x00,0x00,0x00,0x00,0xA6,0x69,0x69,0x69,0x96,0x96,0x96,0x99,0x69,0x00,0x69,0x99,0x99,0x93,0x33,0x00,0x09,0x99,0x99,0x99,
	0x69,0x99,0x99,0x9A,0x06,0x99,0x00,0x00,0x09,0x66,0x99,0x33,0x33,0x33,0x39,0x38,0x00,0x69,0x69,0x69,0x99,0x93,0x96,0x00,
	0x04,0x99,0x99,0x39,0x69,0x99,0x99,0x99,0x96,0x99,0x96,0x66,0x66,0x66,0x66,0x66,0x66,0x00,0x06,0x66,0x66,0x66,0x66,0x00,
	0x00,0x66,0x66,0x66,0x60,0x00,0x66,0x60,0x00,0xFF,0x66,0x66,0xA0,0x06,0x66,0x68,0x00,0xA0,0x06,0x66,0x66,0x66,0x66,0x66,
	0x66,0x66,0x66,0x66,0x66,0x66,0x66,0x66,0x66,0x66,0x66,0x66,0x66,0x69,0xA0,0x00,0x00,0x09,0x99,0x99,0x00,0x00,0x0A,0x96,
	0x66,0x69,0x99,0x99,0x00,0x00,0x00,0x04,0x99,0x99,0x99,0x99,0x99,0x99,0x99,0x94,0x46,0x44,0x44,0x44,0x44,0x40,0x00,0x00,
	0x00,0xA6,0x66,0x00,0xA0,0x00,0x00,0x46,0x44,0x64,0x44,0x64,0x44,0x44,0x44,0x44,0x44,0x44,0x64,0x64,0x44,0x64,0x44,0x44,
	0x44,0x64,0x44,0x44,0x46,0x66,0x44,0x44,0x46,0x44,0x46,0x44,0x44,0x4A,0x44,0x66,0x44,0x44,0x44,0x64,0x44,0x4A,0x66,0x44,
	0x6A,0xA9,0x99,0x99,0x99,0x99,0x99,0x99,0x99,0x99,0x99,0x99,0x99,0x99,0x99,0x99,0x99,0x90,0x00,0xCA,0x99,0x99,0x99,0x99,
	0x99,0x99,0x90,0xA9,0x99,0x99,0x90,0x09,0x99,0x99,0x99,0x99,0x99,0x99,0x99,0x64,0x00,0x86,0x99,0x96,0x09,0x99,0x99,0x99,
	0x90,0xA9,0x99,0x99,0x99,0x99,0x99,0x99,0x99,0x99,0x99,0x99,0x90,0x08,0x33,0x90,0x0A,0x39,0x33,0x33,0x39,0x00,0x0A,0x33,
	0x33,0x33,0xA0,0x00,0x89,0x66,0x66,0x93,0x36,0x00,0x00,0x00,0x00,0x33,0x33,0x33,0x33,0x33,0x33,0x33,0x60,0x00,0x00,0x00,
	0x00,0x00,0x00,0x00,0x00,0x0A,0xAA,0x69,0x99,0x99,0x99,0xA0,0x00,0x08,0x99,0x93,0x30,0x00,0x09,0x99,0x99,0x96,0x00,0x93,
	0x96,0x00,0x00,0x00,0x00,0xFF,0x9A,0x00,0x00,0x99,0x66,0x69,0x66,0x69,0x99,0x99,0x96,0x96,0x99,0x99,0x66,0x66,0x69,0x96,
	0x69,0x96,0x99,0x99,0x99,0x96,0x99,0x99,0x69,0x99,0x99,0x99,0x99,0x99,0x99,0x99,0x99,0x99,0x99,0x00,0x00,0x00,0x00,0x00,
	0x00,0x00,0x00,0x00,0x00,0x00,0x00,0x00,0x00,0x06,0x96,0x69,0x96,0x99,0x99,0x99,0x96,0x69,0x9A,0x00,0x69,0x99,0x99,0x99,
	0x66,0x00,0x03,0x93,0x39,0x99,0x99,0x39,0x39,0x38,0x09,0x39,0x00,0x00,0x09,0x99,0x39,0x99,0x99,0x99,0x99,0x90,0x00,0x99,
	0x69,0x69,0x99,0x99,0x94,0x00,0x06,0x99,0x99,0x69,0x39,0x99,0x96,0x69,0x39,0x96,0x96,0x66,0x46,0x66,0x66,0x66,0x66,0xA0,
	0x06,0x66,0x66,0x6A,0x66,0x80,0x08,0x66,0x66,0x66,0x60,0x00,0x66,0x60,0x00,0xFF,0x66,0x64,0x00,0x0A,0x66,0x66,0x00,0x00,
	0x66,0x66,0x6A,0x66,0x66,0x66,0x66,0x66,0x66,0x66,0x66,0x66,0x66,0x66,0x66,0x66,0x46,0x66,0x66,0x66,0x6A,0x00,0x08,0x66,
	0x66,0x66,0x00,0x00,0x0A,0x66,0x66,0x99,0x66,0x66,0x60,0x00,0x00,0x09,0x96,0x66,0x66,0x66,0x69,0x99,0x69,0x6A,0x44,0x44,
	0xAA,0x44,0x4A,0x40,0x00,0x00,0x00,0x00,0x00,0x00,0x00,0x00,0x04,0x44,0x46,0x44,0x4A,0x44,0x44,0x44,0x44,0x44,0x44,0x44,
	0x64,0x46,0x44,0x64,0x64,0x4A,0x44,0x46,0x46,0x44,0x4A,0x44,0x44,0xA4,0x44,0x44,0x64,0x46,0x44,0x44,0xA4,0x44,0x44,0x46,
	0x44,0x44,0xAA,0x44,0x44,0x44,0xA4,0x48,0xA6,0x99,0x99,0x99,0x99,0x99,0x99,0x99,0x99,0x69,0x96,0x99,0x99,0x99,0x99,0x90,
	0x00,0xCA,0x96,0x96,0x66,0x66,0x66,0x66,0x6A,0x0A,0x66,0x66,0x66,0xA0,0x99,0x99,0x99,0x99,0x99,0x99,0x96,0x69,0x00,0xA8,
	0x0A,0x99,0xA0,0x66,0x99,0x99,0x94,0x09,0x99,0x99,0x99,0x99,0x69,0x99,0x99,0x96,0x99,0x99,0x90,0x04,0x99,0x90,0x00,0x99,
	0x99,0x93,0x90,0x00,0x89,0x99,0x99,0x99,0x00,0x00,0x04,0x96,0x99,0x96,0x00,0x00,0x00,0x00,0x0A,0x99,0x99,0x99,0x99,0x99,
	0x99,0x99,0x90,0x00,0x00,0x00,0x00,0x69,0x99,0x99,0x99,0x99,0x33,0x39,0x6A,0x80,0x00,0x00,0x00,0x99,0x99,0x99,0x33,0xAA,
	0x93,0x39,0x99,0x99,0x00,0x89,0x96,0x00,0x00,0x00,0x00,0xFF,0x9A,0x00,0x00,0x66,0x69,0x66,0x96,0x99,0x66,0x99,0x69,0x99,
	0x99,0x96,0x66,0x66,0x99,0x99,0x66,0x99,0x99,0x96,0x96,0x99,0x99,0x99,0x96,0x99,0x99,0x99,0x99,0x99,0x99,0x99,0x99,0x99,
	0x99,0x40,0x00,0x00,0x00,0x00,0x00,0x00,0x00,0x00,0x00,0x00,0x00,0x00,0x00,0xA9,0x69,0x69,0x66,0x96,0x96,0x69,0x99,0x96,
	0x60,0x00,0x96,0x66,0x96,0x96,0x96,0x00,0x06,0x99,0x93,0x99,0x99,0x93,0x99,0x98,0x09,0x99,0x80,0x00,0x06,0x39,0x99,0x99,
	0x99,0x69,0x69,0x80,0x0A,0x69,0x69,0x96,0x66,0x66,0x90,0x00,0x09,0x69,0x69,0x69,0x96,0x66,0x99,0x69,0x66,0x69,0x69,0x66,
	0x66,0x66,0x66,0x66,0x64,0x60,0x06,0x66,0x64,0x66,0xA6,0x00,0x00,0x86,0x66,0x66,0x40,0x08,0x66,0x60,0x00,0xFF,0x46,0x40,
	0x00,0x06,0x66,0x66,0x00,0x00,0x66,0x64,0x66,0x66,0x66,0x66,0x66,0x46,0x66,0x66,0x66,0x66,0x66,0x66,0x66,0x66,0x66,0x66,
	0x66,0x66,0x66,0x64,0x66,0x66,0x66,0x66,0x00,0x00,0x00,0x66,0x66,0x66,0x66,0x66,0x66,0x40,0x00,0x66,0x66,0x66,0x66,0x66,
	0x66,0x66,0x66,0x64,0xA4,0x44,0x00,0x64,0x44,0x40,0x00,0x00,0x00,0x00,0x00,0x00,0x00,0x00,0x00,0x08,0x44,0x46,0x44,0xAA,
	0x44,0xA6,0xA4,0x44,0x46,0x46,0x46,0x44,0x64,0x46,0x44,0x64,0x44,0x64,0x44,0x44,0x44,0x44,0x4A,0x44,0x44,0x46,0x44,0x44,
	0x44,0x44,0x44,0x44,0x4A,0x44,0x4A,0xAA,0x44,0x44,0x44,0x44,0xA6,0x40,0xA6,0x4A,0xA9,0x94,0x69,0x99,0x99,0x99,0x99,0x99,
	0x96,0x69,0x66,0x69,0x99,0x60,0x00,0xCA,0x66,0x99,0x66,0x66,0x66,0x66,0x64,0x00,0x66,0x66,0x66,0x66,0x06,0x96,0x96,0x66,
	0x66,0x69,0x66,0x66,0xA0,0x06,0x60,0x0A,0x60,0xA6,0x66,0x69,0x96,0x09,0x66,0x96,0x66,0x66,0x66,0x66,0x66,0x66,0x66,0x69,
	0x90,0x06,0x99,0x90,0x00,0x99,0x99,0x94,0x00,0x00,0x99,0x99,0x99,0x96,0x00,0x00,0x04,0x36,0x60,0x00,0x00,0x00,0x00,0x00,
	0x06,0x99,0x99,0x99,0x99,0x99,0x99,0x99,0x96,0x00,0x00,0x00,0x00,0x00,0x00,0x00,0x00,0x00,0x00,0x00,0x00,0x00,0x00,0x00,
	0x69,0x99,0x99,0x99,0x99,0x99,0x99,0x99,0x99,0x99,0x80,0x03,0x36,0x00,0x00,0x00,0x00,0xFF,0x6A,0x00,0x00,0x99,0x99,0x99,
	0x96,0x99,0x96,0x96,0x96,0x96,0x69,0x96,0x66,0x69,0x96,0x96,0x66,0x66,0x96,0x69,0x69,0x69,0x69,0x69,0x96,0x99,0x99,0x99,
	0x99,0x69,0x69,0x96,0x69,0x99,0x66,0x90,0x00,0x00,0x00,0x00,0x00,0x00,0x00,0x08,0x0A,0xAA,0x80,0x88,0x69,0x69,0x69,0x69,
	0x66,0x69,0x66,0x66,0x66,0x66,0x60,0x06,0x69,0x69,0x69,0x99,0x9A,0x00,0x00,0x69,0x69,0x99,0x99,0x99,0x99,0x90,0x09,0x99,
	0x80,0x00,0x09,0x69,0x99,0x99,0x96,0x96,0x99,0x00,0x06,0x96,0x96,0x46,0x66,0x66,0x60,0x00,0x09,0x66,0x99,0x99,0x96,0x66,
	0x99,0x66,0x66,0x66,0x66,0x96,0x66,0x66,0x66,0x66,0x66,0x40,0x06,0x66,0x66,0x66,0x66,0x00,0x00,0x0A,0x66,0x66,0x80,0x0A,
	0x66,0x60,0x00,0xFF,0x66,0x00,0x00,0x06,0x64,0x66,0x80,0x00,0x66,0x66,0x66,0x66,0x66,0x66,0x66,0x66,0x66,0x66,0x66,0x66,
	0x66,0x66,0x66,0x66,0x66,0x66,0x66,0x66,0x66,0x66,0x66,0x66,0x66,0x66,0x00,0x00,0x00,0x66,0x66,0x66,0x66,0x66,0x66,0x66,
	0x66,0x66,0x66,0x66,0x66,0x66,0x66,0x66,0x66,0x64,0x4A,0x4A,0x00,0x04,0x44,0x40,0x00,0x00,0x00,0x00,0x00,0x00,0x00,0x00,
	0x00,0x00,0xA4,0x44,0x44,0x4A,0x46,0x00,0x44,0x44,0x64,0x46,0x4A,0xAA,0x44,0x44,0x46,0x46,0x46,0x64,0x44,0xA4,0xA4,0x44,
	0x44,0x44,0x46,0x46,0x44,0x44,0x44,0x44,0x44,0x44,0x66,0x44,0x44,0x44,0x44,0x44,0x44,0xA4,0x49,0xAA,0xA6,0x0A,0xAA,0xA4,
	0xA6,0x96,0x96,0x99,0x66,0x96,0x66,0x66,0x96,0x69,0x66,0x60,0x00,0xCA,0x66,0x66,0x66,0x66,0x66,0x66,0x66,0x04,0x06,0x66,
	0x66,0x66,0xA0,0x66,0x66,0x66,0x66,0x66,0x69,0x66,0x60,0x06,0x66,0x60,0x0A,0x06,0x66,0x66,0x66,0x06,0x66,0x66,0x66,0x66,
	0x66,0x66,0x66,0x66,0x66,0x69,0x60,0x06,0x99,0x90,0x00,0x99,0x99,0x60,0x00,0x00,0x04,0x99,0x99,0x99,0x00,0x00,0x06,0x00,
	0x00,0x00,0x0A,0x00,0x00,0x00,0x06,0x99,0x99,0x99,0x99,0x99,0x99,0x99,0x99,0x9A,0x00,0x00,0x00,0x00,0x00,0x00,0x00,0x00,
	0x00,0x00,0x00,0x00,0x04,0x69,0x99,0x99,0x99,0x99,0x99,0x99,0x99,0x99,0x99,0x99,0x40,0x03,0x36,0x00,0x00,0x00,0x00,0xFF,
	0x96,0x00,0x00,0x69,0x96,0x99,0x96,0x96,0x99,0x96,0x69,0x96,0x99,0x69,0x66,0x66,0x99,0x66,0x66,0x66,0x69,0x69,0x96,0x69,
	0x99,0x99,0x66,0x69,0x96,0x66,0x69,0x96,0x69,0x69,0x96,0x96,0x96,0x9A,0x00,0x00,0x00,0x00,0x00,0xA6,0x69,0x96,0x69,0x96,
	0x69,0x96,0x96,0x96,0x66,0x66,0x99,0x96,0x66,0x66,0x69,0x99,0x00,0x89,0x96,0x69,0x96,0x96,0x6A,0x00,0x00,0x06,0x99,0x66,
	0x99,0x69,0x99,0x90,0x06,0x99,0x00,0x00,0x09,0x69,0x69,0x96,0x66,0x69,0x98,0x00,0xA6,0x99,0x60,0x00,0x46,0x96,0x40,0x00,
	0x86,0x69,0x96,0x66,0x96,0x66,0x66,0x66,0x69,0x69,0x99,0x66,0x66,0x46,0x66,0x66,0x66,0xA0,0x06,0x69,0x66,0x66,0x60,0x00,
	0x64,0x00,0x0A,0x66,0x00,0x86,0x66,0x60,0x00,0xFF,0x80,0x00,0x00,0x06,0x66,0x66,0x80,0x06,0x66,0x66,0x66,0x66,0x66,0x66,
	0x66,0x66,0x66,0x66,0x66,0x66,0x66,0x66,0x66,0x66,0x66,0x66,0x66,0x66,0x66,0x66,0x66,0x66,0x66,0x6A,0x00,0x00,0x00,0x66,
	0x69,0x99,0x96,0x66,0x66,0x66,0x66,0x66,0x66,0x69,0x66,0x66,0x66,0x69,0x66,0x4A,0x44,0xA0,0x00,0x0A,0x44,0x40,0x00,0x00,
	0x00,0x00,0x00,0x00,0x00,0x00,0x00,0x00,0x06,0x46,0x44,0x46,0x60,0x00,0x06,0x46,0x64,0x44,0x44,0x44,0xA4,0x44,0x46,0x44,
	0x44,0x44,0x44,0x46,0x44,0x44,0x44,0x44,0x46,0x4A,0x44,0x44,0x44,0x44,0x44,0x44,0x44,0x44,0x44,0x44,0x44,0x44,0xA4,0xAA,
	0xAA,0x9A,0x04,0x08,0x44,0x49,0x96,0x99,0x99,0x96,0x66,0x66,0x99,0x66,0x66,0x66,0x96,0x60,0x00,0xCA,0x66,0x66,0x96,0x96,
	0x66,0x66,0x66,0x06,0x00,0x66,0x66,0x66,0x66,0x04,0x66,0x66,0x66,0x66,0x66,0x66,0x60,0x06,0x66,0x66,0x98,0x06,0x66,0x66,
	0x66,0x06,0x66,0x66,0x66,0x66,0x66,0x66,0x66,0x66,0x66,0x69,0xA0,0x09,0x99,0x90,0x00,0x49,0x99,0x00,0x00,0x00,0x00,0x00,
	0x00,0x80,0x00,0x00,0x00,0x00,0x00,0x06,0x00,0x00,0x46,0x00,0x09,0x99,0x99,0x99,0x99,0x99,0x99,0x99,0x99,0x99,0x00,0x06,
	0xA4,0x4A,0xA0,0x00,0x00,0x00,0xA6,0x46,0x99,0x99,0x99,0x99,0x99,0x99,0x99,0x99,0x99,0x99,0x99,0x99,0x99,0x99,0x60,0x09,
	0x96,0x00,0x00,0x00,0x00,0xFF,0x66,0x00,0x00,0x99,0x99,0x99,0x96,0x99,0x69,0x96,0x69,0x69,0x99,0x69,0x99,0x69,0x96,0x66,
	0x66,0x66,0x69,0x96,0x66,0x66,0x66,0x99,0x99,0x66,0x96,0x66,0x96,0x99,0x99,0x96,0x99,0x66,0x96,0x66,0x00,0x00,0x00,0x00,
	0x66,0x96,0x66,0x96,0x99,0x69,0x66,0x96,0x99,0x96,0x69,0x66,0x96,0x66,0x99,0x66,0x66,0x90,0x00,0x99,0x96,0x99,0x3A,0x00,
	0x00,0x00,0x00,0x00,0x49,0x96,0x99,0x99,0x99,0x90,0x06,0x99,0x00,0x00,0x06,0x96,0x99,0x96,0x99,0x99,0x80,0x0A,0x99,0x66,
	0x60,0x00,0x06,0x69,0x80,0x00,0x69,0x99,0x69,0x69,0x99,0x96,0x66,0x66,0x66,0x66,0x69,0x99,0x96,0x68,0x66,0x66,0x66,0x80,
	0x06,0x66,0x66,0x69,0xA0,0x0A,0x66,0x68,0x00,0x00,0x00,0x86,0xAA,0x00,0x00,0xFF,0x00,0x00,0x60,0x06,0x66,0x66,0x00,0x06,
	0x66,0x66,0x46,0x66,0x66,0x66,0x66,0x66,0x66,0x66,0x66,0x66,0x66,0x66,0x66,0x66,0x66,0x66,0x66,0x66,0x66,0x66,0x66,0x66,
	0x66,0x60,0x00,0x00,0x00,0x66,0x66,0x99,0x99,0x66,0x66,0x66,0x66,0x66,0x66,0x69,0x96,0x66,0x66,0x69,0x69,0xA4,0x44,0x00,
	0x00,0x00,0x44,0x40,0x00,0x00,0x64,0x00,0x00,0x00,0x00,0x00,0x00,0x00,0x64,0x44,0x44,0x44,0x00,0x00,0x04,0x64,0x44,0x44,
	0x44,0x44,0xA4,0x44,0x44,0x44,0x46,0x46,0x44,0x44,0x44,0x6A,0x44,0x64,0x64,0x44,0x44,0x44,0x44,0x46,0x4A,0x44,0x44,0xA4,
	0x44,0x44,0x44,0x44,0x44,0xA4,0x4A,0xAA,0xA0,0x00,0xAA,0xAA,0x66,0x99,0x33,0x99,0x99,0x99,0x96,0x69,0x69,0x96,0x99,0x90,
	0x00,0xCA,0x69,0x99,0x66,0x69,0x66,0x66,0x66,0x06,0x60,0x86,0x66,0x66,0x66,0x60,0xA6,0x66,0x96,0x66,0x66,0x66,0x60,0x06,
	0x66,0x66,0x66,0x66,0x66,0x66,0x66,0x06,0x66,0x66,0x66,0x99,0x66,0x66,0x66,0x96,0x66,0x69,0x00,0x09,0x99,0x90,0x00,0x09,
	0x96,0x00,0x00,0x00,0x00,0x00,0x00,0x00,0x00,0x00,0x00,0x00,0xA9,0xA0,0x00,0x06,0x96,0x00,0x09,0x99,0x99,0x99,0x99,0x99,
	0x99,0x99,0x99,0x99,0x60,0x00,0x99,0x99,0x99,0x99,0x99,0x99,0x99,0x99,0x99,0x99,0x99,0x99,0x99,0x99,0x99,0x99,0x99,0x99,
	0x99,0x99,0x99,0x99,0x60,0x09,0x96,0x00,0x00,0x00,0x00,0xFF,0x66,0x00,0x00,0x69,0x96,0x99,0x96,0x96,0x99,0x69,0x66,0x99,
	0x66,0x66,0x66,0x66,0x69,0x69,0x96,0x66,0x96,0x66,0x96,0x69,0x66,0x66,0x99,0x96,0x66,0x66,0x96,0x99,0x69,0x96,0x99,0x99,
	0x99,0x66,0x00,0x00,0x00,0xA6,0x66,0x66,0x66,0x99,0x96,0x99,0x66,0x99,0x99,0x99,0x99,0x96,0x66,0x99,0x69,0x96,0x99,0xA0,
	0x04,0x66,0x96,0x96,0x00,0x00,0x00,0x00,0x00,0x00,0x00,0x69,0x99,0x99,0x69,0x90,0x06,0x99,0x00,0x00,0x09,0x99,0x69,0x99,
	0x99,0x66,0x00,0x06,0x69,0x69,0x90,0x00,0x08,0x64,0x00,0x00,0x69,0x66,0x99,0x99,0x69,0x66,0x66,0x66,0x69,0x66,0x69,0x96,
	0x66,0x66,0x66,0x66,0x64,0x80,0x06,0x99,0x66,0x96,0x00,0x06,0x69,0x66,0x60,0x00,0x00,0x00,0x00,0x00,0x00,0xFF,0x00,0x86,
	0x66,0x46,0x66,0x66,0x60,0x86,0x66,0x66,0x66,0x66,0x66,0x66,0x66,0x66,0x66,0x66,0x66,0x66,0x66,0x66,0x66,0x66,0x66,0x66,
	0x66,0x66,0x66,0x66,0x66,0x66,0x66,0x60,0x00,0x00,0x00,0x96,0x66,0x66,0x99,0x96,0x66,0x66,0x66,0x66,0x66,0x66,0x66,0x66,
	0x66,0x66,0x66,0x44,0x44,0x00,0x00,0x08,0x46,0xA0,0x00,0x00,0x44,0x44,0x00,0x00,0x00,0x00,0x00,0x08,0x44,0x46,0x44,0x46,
	0x00,0x00,0x04,0x64,0x64,0xA4,0x44,0x44,0x06,0x46,0x46,0x46,0x44,0x44,0x44,0x64,0x46,0x44,0x44,0x44,0x44,0x44,0x46,0x44,
	0x44,0x44,0x44,0x44,0x44,0x44,0xA4,0x46,0x44,0x44,0x44,0x64,0x44,0xA4,0x88,0x40,0xAA,0xAA,0x46,0x96,0x99,0x39,0x99,0x99,
	0x96,0x99,0x99,0x99,0x69,0x90,0x00,0xCA,0x96,0x96,0x99,0x69,0x99,0x66,0x66,0x06,0x66,0x06,0x66,0x66,0x66,0x66,0x06,0x66,
	0x66,0x66,0x96,0x66,0x98,0x06,0x66,0x66,0x99,0x99,0x99,0x99,0x96,0x66,0x66,0x66,0x66,0x66,0x66,0x66,0x66,0x99,0x66,0x69,
	0x00,0x09,0x99,0x90,0x00,0x09,0x90,0x00,0x00,0x00,0x00,0x00,0x00,0x00,0x00,0x00,0xA6,0x96,0x40,0x00,0x00,0x99,0x99,0x00,
	0x09,0x99,0x99,0x99,0x99,0x99,0x99,0x99,0x99,0x99,0x90,0x00,0x69,0x99,0x99,0x99,0x99,0x99,0x99,0x99,0x99,0x99,0x99,0x99,
	0x99,0x99,0x99,0x99,0x99,0x99,0x99,0x99,0x99,0x99,0x60,0x06,0x96,0x00,0x00,0x00,0x00,0xFF,0x66,0x00,0x00,0x66,0x96,0x96,
	0x96,0x66,0x66,0x69,0x66,0x66,0x69,0x66,0x66,0x66,0x96,0x66,0x66,0x66,0x69,0x66,0x96,0x66,0x69,0x66,0x66,0x69,0x69,0x69,
	0x69,0x69,0x69,0x99,0x69,0x66,0x66,0x96,0x00,0x00,0x09,0x96,0x66,0x66,0x69,0x69,0x66,0x66,0x96,0x99,0x99,0x96,0x99,0x66,
	0x99,0x99,0x99,0x69,0x66,0x00,0x09,0x99,0x66,0x60,0x00,0x00,0x46,0x99,0x99,0x66,0x00,0x00,0x99,0x69,0x99,0x90,0x06,0x69,
	0x00,0x00,0x06,0x99,0x99,0x69,0x69,0x60,0x00,0x99,0x99,0x99,0x96,0xA0,0x00,0x00,0x00,0x0A,0x96,0x99,0x99,0x96,0x66,0x66,
	0x66,0x66,0x66,0x66,0x96,0x69,0x66,0x66,0x66,0x66,0x66,0x00,0x09,0x96,0x66,0x66,0x00,0x66,0x99,0x99,0x66,0x40,0x00,0x00,
	0x00,0x00,0x00,0xFF,0xA9,0x66,0x66,0x66,0x66,0x66,0x66,0x66,0x66,0x66,0x66,0x66,0x66,0x66,0x66,0x66,0x66,0x66,0x66,0x66,
	0x66,0x66,0x66,0x66,0x66,0x66,0x96,0x69,0x69,0x66,0x66,0x66,0x66,0x60,0x00,0x00,0x08,0x69,0x66,0x66,0x66,0x69,0x96,0x66,
	0x66,0x66,0x66,0x66,0x66,0x66,0x66,0x99,0x96,0x44,0x64,0x00,0x00,0x04,0x44,0x40,0x00,0x00,0x64,0x44,0x00,0x00,0x60,0x00,
	0x00,0x66,0x44,0x46,0x44,0x46,0x00,0x00,0x06,0x44,0x64,0x44,0x46,0x48,0x00,0x0A,0x44,0x64,0x44,0x44,0x44,0x44,0x44,0xA4,
	0x44,0x46,0x64,0x66,0x44,0x44,0x44,0x44,0xA4,0x64,0x44,0x4A,0x44,0x4A,0x44,0x44,0x44,0x44,0x44,0xA6,0xAA,0x60,0xA4,0xAA,
	0x64,0x96,0x69,0x39,0x99,0x96,0x99,0x99,0x99,0x99,0x99,0x90,0x00,0xCA,0x96,0x69,0x99,0x66,0x99,0x99,0x66,0x66,0x66,0x60,
	0x66,0x99,0x69,0x99,0x90,0x49,0x99,0x96,0x99,0x99,0x66,0x06,0x96,0x66,0x66,0x69,0x99,0x99,0x99,0x99,0x99,0x99,0x99,0x96,
	0x66,0x66,0x66,0x66,0x66,0x69,0x00,0x06,0x69,0x90,0x00,0x0A,0x9A,0x00,0x00,0x00,0x00,0x00,0x8A,0x93,0x39,0x64,0xA0,0x00,
	0x00,0x00,0x99,0x33,0x96,0x00,0x09,0x93,0x93,0x99,0x99,0x99,0x96,0x66,0x99,0x99,0x99,0x00,0x00,0x99,0x99,0x99,0x99,0x99,
	0x99,0x99,0x99,0x99,0x99,0x99,0x99,0x99,0x99,0x99,0x99,0x99,0x99,0x99,0x99,0x99,0x90,0x04,0x96,0x00,0x00,0x00,0x00,0xFF,
	0x66,0xA0,0x00,0xA6,0x66,0x66,0x66,0x66,0x99,0x66,0x66,0x66,0x66,0x66,0x66,0x66,0x66,0x66,0x96,0x69,0x66,0x66,0x66,0x66,
	0x66,0x66,0x99,0x66,0x69,0x66,0x66,0x66,0x96,0x66,0x69,0x99,0x99,0x66,0x00,0x00,0x69,0x99,0x69,0x66,0x66,0x66,0x69,0x96,
	0x69,0x96,0x66,0x96,0x69,0x99,0x69,0x69,0x99,0x96,0x80,0x00,0x49,0x99,0x96,0x00,0x0A,0x69,0x99,0x69,0x66,0x96,0x60,0x00,
	0x89,0x99,0x99,0x90,0x09,0x96,0x00,0x00,0x06,0x96,0x99,0x99,0x69,0x00,0x08,0x99,0x99,0x96,0x99,0x94,0x00,0x00,0x00,0x00,
	0xA4,0x66,0x66,0x60,0x06,0x66,0x66,0x66,0x69,0x66,0x66,0x69,0x69,0x66,0x66,0x66,0x66,0x00,0x06,0x66,0x69,0x66,0x6A,0x66,
	0x66,0x66,0x66,0x40,0x06,0x66,0x46,0x90,0x00,0xFF,0x66,0x96,0x66,0x66,0x99,0x99,0x99,0x99,0x66,0x66,0x66,0x66,0x66,0x66,
	0x66,0x66,0x66,0x66,0x66,0x66,0x66,0x66,0x66,0x66,0x66,0x69,0x66,0x66,0x66,0x66,0x66,0x66,0x66,0x60,0x00,0x00,0x06,0x66,
	0x66,0x66,0x66,0x66,0x99,0x96,0x96,0x66,0x69,0x66,0x96,0x99,0x96,0x96,0x99,0x64,0x46,0x00,0x00,0x06,0x4A,0xA0,0x00,0x00,
	0xA4,0x4A,0x00,0x00,0x60,0x00,0x00,0xA4,0x64,0x4A,0x44,0x66,0x00,0x00,0x06,0x44,0x44,0x44,0x46,0x00,0x00,0x00,0x0A,0x64,
	0x64,0x44,0x64,0x44,0x44,0x44,0x44,0x66,0xA4,0x64,0x64,0x64,0x44,0x44,0x64,0x4A,0x46,0x44,0x44,0x44,0x44,0xA4,0x64,0x44,
	0x4A,0x4A,0x48,0x60,0x84,0x4A,0xA6,0x69,0x99,0x93,0x99,0x99,0x69,0x99,0x99,0x96,0x99,0x60,0x00,0xCA,0x99,0x66,0x99,0x99,
	0x99,0x99,0x93,0x39,0x99,0x94,0x09,0x69,0x66,0x69,0x66,0x06,0x99,0x99,0x99,0x99,0x96,0x06,0x96,0x99,0x66,0x66,0x66,0x69,
	0x99,0x69,0x99,0x96,0x96,0x99,0x99,0x99,0x99,0x66,0x96,0x66,0x00,0x09,0x66,0x98,0x00,0x00,0x99,0x99,0x40,0x00,0x00,0x00,
	0x00,0x00,0x00,0x00,0x00,0x00,0x00,0x63,0x99,0x93,0x33,0x00,0x09,0x99,0x93,0x99,0x99,0x93,0x33,0x99,0x66,0x66,0x69,0x90,
	0x00,0x06,0x99,0x99,0x99,0x96,0x63,0x33,0x99,0x99,0x99,0x99,0x99,0x99,0x99,0x99,0x99,0x33,0x39,0x99,0x99,0x39,0x90,0x00,
	0x96,0x00,0x00,0x00,0x00,0xFF,0x66,0x60,0x00,0x06,0x66,0x66,0x69,0x66,0x66,0x66,0x66,0x66,0x66,0x99,0x66,0x66,0x66,0x66,
	0x66,0x66,0x66,0x66,0x96,0x96,0x66,0x66,0x66,0x66,0x66,0x66,0x69,0x66,0x69,0x99,0x66,0x96,0x66,0x66,0x80,0x06,0x66,0x66,
	0x96,0x66,0x66,0x66,0x96,0x96,0x99,0x69,0x69,0x96,0x69,0x99,0x96,0x96,0x99,0xA0,0x00,0x06,0x99,0x99,0x90,0x00,0x66,0x99,
	0x99,0x99,0x99,0x99,0x96,0x00,0x06,0x99,0x99,0x6A,0x06,0x90,0x00,0x00,0x09,0x99,0x96,0x99,0x90,0x00,0xA9,0x66,0x69,0x99,
	0x96,0x66,0x66,0xA0,0x00,0x00,0x00,0x00,0x00,0x00,0x06,0x66,0x66,0x66,0x69,0x69,0x39,0x99,0x99,0x64,0x66,0x66,0x68,0x00,
	0x86,0x99,0x99,0x96,0x66,0x66,0x66,0x66,0x66,0x00,0x06,0x66,0x69,0x60,0x00,0xFF,0x66,0x66,0x66,0x96,0x66,0x96,0x66,0x66,
	0x96,0x66,0x66,0x66,0x66,0x66,0x66,0x66,0x66,0x66,0x66,0x66,0x66,0x66,0x66,0x66,0x66,0x99,0x96,0x96,0x69,0x66,0x66,0x66,
	0x66,0x66,0x80,0x00,0x66,0x66,0x66,0x69,0x96,0x66,0x66,0x96,0x69,0x99,0x99,0x96,0x66,0x66,0x66,0x66,0x69,0x46,0x66,0x00,
	0x00,0x04,0x44,0x40,0x00,0x00,0x44,0x6A,0x00,0x00,0x60,0x00,0x00,0x44,0xA4,0x44,0x44,0x64,0x00,0x00,0x04,0x44,0x46,0x46,
	0x44,0x00,0x00,0x00,0x00,0x00,0x44,0x44,0x44,0x64,0x44,0x64,0x64,0x64,0x64,0x64,0x46,0x64,0x44,0x44,0x44,0x44,0x44,0x44,
	0x4A,0x4A,0xA4,0x44,0x44,0x44,0x44,0x4A,0x6A,0x84,0x0A,0x44,0x44,0x99,0x96,0x99,0x99,0x99,0x96,0x99,0x99,0x99,0x99,0x60,
	0x00,0xCA,0x96,0x96,0x99,0x99,0x69,0x69,0x99,0x66,0x99,0x99,0x48,0x66,0x66,0x69,0x66,0x90,0x66,0x99,0x99,0x66,0x66,0x04,
	0x96,0x69,0x66,0x66,0x66,0x99,0x69,0x96,0x66,0x99,0x66,0x66,0x66,0x99,0x99,0x99,0x66,0x69,0x00,0x06,0x99,0x90,0x00,0x00,
	0x69,0x99,0x99,0x90,0x00,0x00,0x00,0x00,0x00,0x00,0x00,0x09,0x99,0x39,0x99,0x99,0x99,0x00,0x09,0x99,0x99,0x99,0x99,0x9A,
	0x08,0x93,0x33,0x33,0x96,0x69,0x00,0x00,0x00,0x99,0x99,0x93,0x99,0x99,0x99,0x99,0x99,0x99,0x99,0x99,0x99,0x99,0x99,0x93,
	0x33,0x99,0x99,0x99,0x90,0x0A,0x96,0x00,0x00,0x00,0x00,0xFF,0x66,0x60,0x00,0x06,0x69,0x66,0x96,0x66,0x96,0x69,0x66,0x66,
	0x69,0x66,0x96,0x66,0x96,0x96,0x69,0x69,0x99,0x99,0x99,0x99,0x99,0x66,0x66,0x96,0x96,0x66,0x99,0x96,0x99,0x96,0x66,0x66,
	0x96,0x99,0x80,0x06,0x99,0x96,0x99,0x99,0x99,0x99,0x69,0x96,0x69,0x96,0x96,0x69,0x96,0x96,0x99,0x96,0x60,0x00,0x00,0x69,
	0x99,0x99,0xA0,0x06,0x99,0x69,0x99,0x99,0x99,0x99,0x69,0xA0,0x00,0x96,0x99,0x9A,0x0A,0x90,0x00,0x00,0xA9,0x99,0x99,0x99,
	0x40,0x00,0x63,0x99,0x93,0x99,0x99,0x69,0x69,0x69,0x68,0x00,0x00,0x00,0x00,0x00,0x46,0x66,0x66,0x66,0x66,0x96,0x99,0x99,
	0x96,0x66,0x66,0x66,0x60,0x00,0x66,0x69,0x69,0x96,0x99,0x66,0x99,0x66,0x66,0x00,0x06,0x99,0x66,0x60,0x00,0xFF,0x66,0x66,
	0x69,0x69,0x96,0x96,0x69,0x66,0x66,0x66,0x66,0x66,0x66,0x66,0x66,0x66,0x66,0x66,0x66,0x66,0x66,0x66,0x66,0x66,0x66,0x69,
	0x96,0x66,0x66,0x99,0x99,0x66,0x66,0x66,0x66,0x66,0x66,0x99,0x96,0x96,0x99,0x96,0x69,0x99,0x69,0x66,0x99,0x99,0x99,0x66,
	0x66,0x66,0x66,0x44,0x46,0x00,0x00,0x06,0x4A,0x40,0x00,0x00,0x66,0x44,0x00,0x00,0x40,0x00,0x00,0x44,0x64,0x64,0x44,0x46,
	0x00,0x00,0x04,0x64,0x64,0x44,0x44,0xA0,0x00,0x00,0x00,0x00,0x00,0x44,0x46,0x44,0x44,0x44,0x64,0x44,0x44,0x44,0x44,0x44,
	0x44,0x44,0x4A,0x44,0x44,0x44,0x44,0x44,0x44,0x44,0x64,0x4A,0xAA,0x44,0xA4,0x06,0x0A,0x44,0x66,0x66,0x99,0x66,0x99,0x99,
	0x99,0x96,0x66,0x99,0x96,0x60,0x00,0xCA,0x96,0x69,0x99,0x99,0x96,0x66,0x69,0x99,0x69,0x69,0x90,0x66,0x66,0x96,0x66,0x66,
	0x06,0x99,0x99,0x99,0x66,0x0A,0x96,0x66,0x00,0x06,0x66,0x69,0x66,0x66,0x66,0x99,0x66,0x66,0x69,0x66,0x66,0x99,0x99,0x99,
	0x00,0xA9,0x99,0x9A,0x00,0x00,0x49,0x99,0x99,0x99,0x99,0x99,0x40,0x08,0x04,0x69,0x99,0x99,0x99,0x93,0x99,0x99,0x99,0x00,
	0xA9,0x99,0x99,0x99,0x99,0x90,0x00,0x99,0x66,0x93,0x33,0x99,0x96,0x00,0x00,0x00,0x63,0x99,0x99,0x99,0x99,0x99,0x66,0xA0,
	0x00,0x00,0x04,0x66,0x99,0x93,0x99,0x99,0x99,0x99,0x90,0x06,0x96,0x00,0x00,0x00,0x00,0xFF,0x66,0x6A,0x00,0x06,0x66,0x99,
	0x66,0x66,0x99,0x99,0x99,0x69,0x96,0x66,0x66,0x99,0x66,0x69,0x66,0x99,0x96,0x96,0x69,0x96,0x99,0x69,0x96,0x96,0x96,0x69,
	0x99,0x66,0x66,0x69,0x99,0x99,0x69,0x66,0x00,0x04,0x66,0x66,0xA6,0x69,0x99,0x99,0x99,0x96,0x96,0x99,0x96,0x69,0x66,0x99,
	0x66,0x60,0x00,0x00,0x06,0x99,0x69,0x66,0xA0,0x86,0x69,0x69,0x99,0x99,0x96,0x99,0x69,0x90,0x00,0xA9,0x99,0x9A,0x00,0x00,
	0x00,0x00,0x49,0x99,0x99,0x66,0x00,0x09,0x93,0x99,0x99,0x69,0x99,0x96,0x99,0x69,0x66,0x66,0x99,0x99,0x66,0x69,0x96,0x66,
	0x66,0x66,0x66,0x96,0x66,0x96,0x99,0x66,0x66,0x66,0x60,0x00,0x66,0x66,0x96,0x99,0x66,0x96,0x66,0x66,0x66,0x00,0x86,0x96,
	0x66,0x60,0x00,0xFF,0x66,0x66,0x66,0x66,0x66,0x99,0x66,0x66,0x96,0x66,0x66,0x66,0x66,0x66,0x66,0x66,0x66,0x66,0x66,0x66,
	0x66,0x66,0x66,0x66,0x69,0x66,0x66,0x66,0x66,0x69,0x99,0x96,0x99,0x66,0x66,0x66,0x96,0x66,0x96,0x66,0x69,0x96,0x69,0x99,
	0x99,0x66,0x99,0x96,0x96,0x69,0x66,0x66,0x66,0xA4,0x44,0x00,0x00,0x04,0x4A,0xA0,0x00,0x00,0x44,0x4A,0x00,0x00,0x4A,0x00,
	0x00,0x44,0xA4,0x44,0x46,0x64,0x00,0x00,0x06,0xAA,0x44,0x64,0x44,0x46,0x00,0x00,0x00,0x00,0x00,0x00,0x44,0x46,0x44,0x64,
	0x64,0x44,0x44,0x44,0x44,0x44,0x44,0x46,0x44,0x44,0x44,0x44,0x46,0x44,0x44,0x44,0x44,0xAA,0x4A,0x44,0xA6,0xA6,0x0A,0xAA,
	0x69,0x96,0x69,0x96,0x66,0x66,0x66,0x99,0x99,0x66,0x99,0x60,0x00,0xCA,0x99,0x69,0x99,0x99,0x69,0x69,0x96,0x69,0x99,0x66,
	0x64,0x06,0x66,0x69,0x96,0x96,0x80,0x66,0x96,0x99,0x66,0xA8,0x60,0x00,0x86,0xA0,0x66,0x66,0x66,0x69,0x96,0x66,0x66,0x66,
	0x66,0x96,0x96,0x66,0x66,0x69,0x00,0xA9,0x99,0x99,0x00,0x00,0x69,0x99,0x99,0x99,0x99,0x99,0x99,0x99,0x99,0x99,0x99,0x99,
	0x99,0x99,0x99,0x99,0x96,0x00,0x69,0x99,0x99,0x99,0x99,0x90,0x00,0x99,0x99,0x93,0x33,0x99,0x99,0x9A,0x00,0x00,0x00,0x0A,
	0x4A,0x60,0x00,0x00,0x00,0x00,0x00,0x00,0x00,0x00,0x00,0x69,0x39,0x99,0x99,0x99,0x90,0x04,0x96,0x00,0x00,0x00,0x00,0xFF,
	0x99,0x66,0x00,0x00,0x99,0x69,0x69,0x69,0x66,0x99,0x69,0x69,0x99,0x69,0x96,0x66,0x99,0x66,0x69,0x69,0x69,0x99,0x96,0x99,
	0x69,0x99,0x66,0x96,0x96,0x99,0x69,0x96,0x69,0x66,0x66,0x66,0x69,0x69,0x00,0x0A,0x66,0x6A,0x00,0x06,0x99,0x99,0x99,0x99,
	0x99,0x96,0x96,0x66,0x68,0xA0,0x00,0x00,0x00,0x0A,0x99,0x69,0x96,0x96,0x96,0x69,0x66,0x69,0x99,0x99,0x99,0x69,0x99,0x96,
	0x80,0x06,0x99,0x9A,0x00,0x00,0x00,0x00,0x99,0x99,0x99,0x40,0x0A,0x66,0x99,0x96,0x66,0x69,0x69,0x99,0x69,0x99,0x66,0x66,
	0x69,0x69,0x36,0x96,0x66,0x66,0x66,0x66,0x66,0x66,0x96,0x99,0x99,0x99,0x66,0x66,0xA0,0x08,0x66,0x96,0x69,0x69,0x96,0x66,
	0x69,0x69,0x96,0x00,0x66,0x66,0x66,0x90,0x00,0xFF,0x66,0x66,0x66,0x66,0x66,0x69,0x66,0x66,0x66,0x66,0x66,0x66,0x66,0x66,
	0x66,0x66,0x66,0x66,0x66,0x80,0x08,0x66,0x66,0x66,0x69,0x66,0x69,0x96,0x66,0x66,0x66,0x69,0x69,0x66,0x69,0x99,0x66,0x66,
	0x66,0x96,0x66,0x96,0x66,0x66,0x69,0x66,0x66,0x66,0x69,0x69,0x96,0x66,0x66,0x44,0x44,0x00,0x00,0x04,0x44,0xA0,0x00,0x00,
	0x44,0x4A,0x00,0x00,0x4A,0x00,0x00,0x0A,0x44,0x44,0x64,0x44,0x00,0x00,0x00,0x44,0x64,0xA4,0x44,0x46,0x46,0xA0,0x00,0x00,
	0x00,0x00,0x00,0x04,0x66,0x46,0x6A,0x4A,0x66,0x44,0x44,0x44,0x44,0x44,0x44,0x44,0x44,0xA4,0x44,0x46,0x44,0x44,0xA4,0x44,
	0x44,0xA4,0x44,0xA0,0x08,0xAA,0x4A,0x99,0x99,0x99,0x99,0x99,0x99,0x99,0x99,0x99,0x99,0x90,0x00,0xCA,0x69,0x66,0x69,0x69,
	0x96,0x99,0x69,0x66,0x99,0x66,0x99,0xA0,0x66,0x99,0x99,0x66,0x96,0x06,0x66,0x66,0x66,0x60,0x06,0x66,0x66,0x68,0x66,0x66,
	0x96,0x66,0x66,0x69,0x66,0x96,0x66,0x69,0x66,0x66,0x66,0x63,0x00,0x09,0x99,0x39,0xA0,0x06,0x99,0x99,0x99,0x99,0x99,0x99,
	0x99,0x99,0x99,0x99,0x99,0x99,0x99,0x99,0x69,0x93,0x90,0x00,0x99,0x99,0x99,0x99,0x99,0x90,0x00,0x99,0x99,0x99,0x93,0x39,
	0x99,0x99,0x99,0x00,0x00,0x00,0x00,0x00,0x00,0x00,0x00,0x00,0x00,0x00,0x00,0x00,0x00,0x00,0x06,0x93,0x99,0x99,0x90,0x06,
	0x96,0x00,0x00,0x00,0x00,0xFF,0x99,0x66,0x00,0x00,0x69,0x66,0x96,0x96,0x66,0x96,0x66,0x69,0x66,0x66,0x96,0x69,0x66,0x96,
	0x69,0x66,0x66,0x96,0x69,0x99,0x66,0x69,0x96,0x96,0x66,0x96,0x96,0x69,0x99,0x99,0x99,0x96,0x66,0x96,0x00,0x04,0x66,0x6A,
	0x00,0x09,0x96,0x99,0x99,0x99,0x99,0x99,0x99,0x90,0x00,0x00,0x00,0x00,0x0A,0x69,0x99,0x96,0x69,0x66,0x99,0x69,0x99,0x69,
	0x96,0x99,0x69,0x96,0x99,0x99,0x90,0x00,0x99,0x96,0x00,0x00,0x00,0x00,0x69,0x66,0x99,0x00,0x09,0x96,0x66,0x99,0x66,0x99,
	0x96,0x99,0x99,0x96,0x99,0x96,0x66,0x66,0x99,0x66,0x66,0x69,0x66,0x66,0x66,0x99,0x66,0x96,0x96,0x66,0x96,0x66,0x00,0x04,
	0x66,0x66,0x66,0x66,0x66,0x66,0x66,0x66,0x66,0xA0,0x99,0x66,0x99,0x90,0x00,0xFF,0x96,0x66,0x66,0x66,0x66,0x69,0x96,0x66,
	0x66,0x66,0x66,0x66,0x66,0x66,0x66,0x66,0x66,0x66,0x68,0x00,0x00,0x46,0x66,0x69,0x66,0x69,0x99,0x66,0x66,0x66,0x99,0x66,
	0x99,0x66,0x66,0x99,0x66,0x66,0x66,0x66,0x66,0x66,0x66,0x66,0x69,0x66,0x66,0x66,0x66,0x66,0x96,0x96,0x64,0x46,0x44,0x00,
	0x00,0x04,0x44,0xA4,0x00,0x00,0x44,0x44,0x00,0x00,0xA6,0x00,0x00,0x04,0xAA,0xA4,0x44,0x46,0xA0,0x00,0x00,0x4A,0x44,0x44,
	0x46,0x6A,0xA4,0x46,0x40,0x00,0x00,0x00,0x00,0x00,0x08,0x44,0x69,0x9A,0xA4,0x44,0x44,0x46,0x44,0x44,0xA4,0x44,0x44,0x46,
	0x46,0x64,0x44,0xA4,0x44,0x44,0xA4,0x64,0xAA,0xA8,0x40,0xA4,0x4A,0x99,0x96,0x99,0x99,0x99,0x99,0x96,0x69,0x99,0x99,0x90,
	0x00,0xCA,0x99,0x66,0x66,0x69,0x99,0x99,0x99,0x99,0x99,0x66,0x66,0x60,0x66,0x66,0x96,0x6A,0x00,0x00,0x00,0x00,0x00,0x00,
	0x00,0xA6,0x66,0x69,0x66,0x66,0x66,0x66,0x66,0x69,0x69,0x96,0x66,0x66,0x66,0x66,0x66,0x63,0x00,0x09,0x99,0x33,0x99,0x93,
	0x99,0x99,0x99,0x99,0x99,0x99,0x93,0x99,0x99,0x99,0x99,0x99,0x99,0x99,0x99,0x99,0x60,0x00,0x99,0x99,0x99,0x99,0x99,0x90,
	0x08,0x99,0x99,0x99,0x93,0x39,0x99,0x99,0x99,0x93,0x68,0x00,0x00,0x00,0x08,0x66,0x99,0x99,0x99,0x99,0x99,0x96,0x80,0x00,
	0x00,0x09,0x99,0x99,0x60,0x09,0x96,0x00,0x00,0x00,0x00,0xFF,0x99,0x96,0x00,0x00,0x06,0x96,0x66,0x99,0x99,0x69,0x66,0x66,
	0x96,0x69,0x69,0x96,0x69,0x66,0x69,0x99,0x99,0x69,0x99,0x66,0x96,0x69,0x66,0x66,0x69,0x99,0x99,0x99,0x99,0x99,0x99,0x96,
	0x66,0x99,0x00,0x06,0x66,0x66,0x00,0x09,0x99,0x69,0x99,0x69,0x96,0x99,0x99,0x00,0x00,0x00,0x08,0xA6,0x96,0x69,0x99,0x69,
	0x69,0x99,0x99,0x69,0x99,0x69,0x69,0x6A,0x49,0x99,0x99,0x99,0x9A,0x00,0x66,0x94,0x00,0x00,0x00,0x06,0x39,0x99,0x96,0x00,
	0x89,0x96,0x99,0x69,0x99,0x99,0x69,0x96,0x96,0x99,0x66,0x66,0x66,0x66,0x66,0x96,0x66,0x66,0x66,0x66,0x66,0x66,0x66,0x66,
	0x96,0x66,0x96,0x60,0x00,0x06,0x66,0x66,0x66,0x66,0x69,0x66,0x99,0x66,0x66,0x66,0x96,0x66,0x66,0x60,0x00,0xFF,0x66,0x66,
	0x66,0x69,0x99,0x69,0x66,0x66,0x66,0x66,0x66,0x66,0x66,0x66,0x66,0x66,0x66,0x66,0x60,0x00,0x00,0x06,0x66,0x66,0x66,0x99,
	0x69,0x66,0x66,0x96,0x69,0x96,0x66,0x96,0x66,0x69,0x66,0x96,0x66,0x66,0x66,0x66,0x66,0x66,0x66,0x66,0x96,0x99,0x99,0x66,
	0x66,0x66,0x6A,0x44,0x44,0x00,0x00,0x04,0x4A,0x4A,0x00,0x00,0xA4,0xAA,0x00,0x00,0xA4,0x00,0x00,0x06,0x44,0x44,0x44,0x6A,
	0x80,0x00,0x00,0x44,0x44,0x44,0x4A,0x46,0x44,0x44,0x44,0x40,0x00,0x00,0x00,0x00,0x00,0x00,0x0A,0x06,0x66,0x66,0x44,0x46,
	0x46,0x44,0x44,0x46,0x6A,0x80,0x00,0x00,0x08,0x44,0x44,0x44,0x44,0x44,0x44,0x9A,0x60,0xA4,0xA9,0x96,0x99,0x99,0x99,0x99,
	0x99,0x99,0x69,0x99,0x99,0x90,0x00,0xCA,0x99,0x96,0x69,0x69,0x99,0x69,0x99,0x96,0x99,0x99,0x66,0x66,0x09,0x40,0x00,0x08,
	0x46,0x60,0xA9,0x6A,0x0A,0x60,0x64,0x00,0x00,0x89,0x66,0x69,0x66,0x69,0x96,0x66,0x66,0x96,0x99,0x66,0x66,0x69,0x66,0x69,
	0x00,0x09,0x99,0x33,0x99,0x99,0x99,0x99,0x99,0x99,0x99,0x99,0x99,0x99,0x99,0x99,0x99,0x99,0x99,0x99,0x99,0x9A,0x00,0x06,
	0x99,0x99,0x99,0x99,0x99,0x60,0x04,0x99,0x99,0x99,0x99,0x93,0x99,0x99,0x99,0x99,0x33,0x39,0x99,0x99,0x99,0x99,0x99,0x99,
	0x99,0x99,0x99,0x99,0x99,0x60,0x00,0x00,0x69,0x99,0x40,0x09,0x96,0x00,0x00,0x00,0x00,0xFF,0x66,0x66,0x40,0x00,0x06,0x99,
	0x69,0x99,0x66,0x66,0x69,0x99,0x96,0x69,0x69,0x66,0x99,0x69,0x99,0x96,0x96,0x96,0x96,0x96,0x46,0x69,0x69,0x99,0x69,0x66,
	0x96,0x66,0x96,0x96,0x69,0x66,0x96,0x66,0x00,0x06,0x99,0x66,0x00,0x06,0x96,0x69,0x69,0x96,0x99,0x96,0x9A,0x00,0x09,0x69,
	0x99,0x96,0x96,0x99,0x66,0x99,0x99,0x99,0x99,0x99,0x99,0x96,0x90,0x00,0x0A,0x96,0x99,0x69,0x69,0x00,0x09,0x99,0x00,0x00,
	0x00,0x06,0x69,0x99,0x90,0x0A,0x99,0x99,0x99,0x99,0x99,0x69,0x96,0x96,0x99,0x99,0x69,0x99,0x66,0x66,0x66,0x66,0x66,0x66,
	0x66,0x66,0x66,0x66,0x99,0x69,0x99,0x99,0x66,0xA0,0x00,0x66,0x66,0x66,0x66,0x99,0x66,0x66,0x66,0x96,0x66,0x66,0x66,0x96,
	0x66,0x60,0x00,0xFF,0x66,0x66,0x66,0x66,0x66,0x69,0x66,0x66,0x66,0x66,0x66,0x66,0x66,0x66,0x66,0x66,0x66,0x66,0xA0,0x00,
	0x00,0x06,0x66,0x66,0x66,0x66,0x60,0x00,0x69,0x99,0x66,0x96,0x66,0x66,0x99,0x69,0x66,0x99,0x99,0x99,0x99,0x99,0x69,0x66,
	0x69,0x96,0x96,0x66,0x66,0x66,0x69,0x96,0x6A,0x44,0x44,0x00,0x00,0x06,0x6A,0x4A,0x00,0x00,0x04,0x4A,0x00,0x00,0x8A,0x00,
	0x00,0x0A,0x44,0x44,0x44,0x66,0x40,0x00,0x00,0xA4,0x4A,0x44,0x46,0x44,0x44,0x46,0x64,0x44,0x68,0x00,0x00,0x00,0x00,0x00,
	0x00,0x00,0x00,0x00,0x06,0x44,0x44,0x44,0x4A,0x00,0x00,0x00,0x00,0x00,0x00,0x00,0x86,0x4A,0xA4,0x44,0xA4,0xA4,0x84,0x0A,
	0x49,0x99,0x99,0x99,0x99,0x99,0x99,0x99,0x99,0x99,0x96,0x90,0x00,0xCA,0x66,0x96,0x99,0x99,0x69,0x69,0x66,0x96,0x69,0x66,
	0x66,0x60,0x00,0xA6,0x96,0x66,0x99,0x96,0x00,0x04,0x66,0x60,0x66,0x66,0x99,0x60,0x0A,0x66,0x66,0x66,0x69,0x66,0x66,0x99,
	0x96,0x96,0x66,0x66,0x66,0x69,0x00,0x09,0x99,0x33,0x99,0x99,0x99,0x99,0x99,0x99,0x99,0x99,0x99,0x99,0x99,0x99,0x99,0x99,
	0x99,0x99,0x96,0x00,0x00,0x99,0x99,0x99,0x99,0x99,0x99,0x40,0x09,0x99,0x99,0x99,0x99,0x99,0x39,0x99,0x99,0x99,0x33,0x33,
	0x99,0x99,0x99,0x99,0x99,0x99,0x99,0x99,0x99,0x99,0x99,0x69,0x9A,0x00,0x08,0x99,0x00,0x09,0x96,0x00,0x00,0x00,0x00,0xFF,
	0x66,0x69,0x60,0x00,0x00,0x66,0x96,0x96,0x66,0x66,0x69,0x66,0x69,0x69,0x66,0x69,0x66,0x96,0x96,0x66,0x69,0x96,0x96,0xA0,
	0x00,0x00,0x66,0x69,0x66,0x96,0x66,0x66,0x66,0x96,0x66,0x66,0x96,0x66,0x00,0x06,0x69,0x99,0x80,0x00,0x99,0x69,0x96,0x99,
	0x69,0x69,0x94,0x00,0xA9,0x69,0x66,0x99,0x99,0x99,0x96,0x69,0x99,0x99,0x99,0x99,0x99,0x99,0xA0,0x00,0x00,0x96,0x69,0x96,
	0x99,0x80,0x09,0x99,0x00,0x00,0x00,0x69,0x99,0x99,0x90,0x09,0x99,0x99,0x96,0x99,0x69,0x99,0x66,0x99,0x96,0x99,0x96,0x96,
	0x69,0x66,0x66,0x66,0x66,0x66,0x66,0x66,0x66,0x69,0x69,0x69,0x99,0x66,0x66,0x00,0x04,0x66,0x66,0x66,0x66,0x96,0x66,0x66,
	0x66,0x69,0x96,0x66,0x69,0x99,0x96,0x60,0x00,0xFF,0x66,0x96,0x80,0x00,0x00,0x00,0x86,0x66,0x66,0x66,0x66,0x66,0x66,0x66,
	0x66,0x66,0x66,0x66,0x80,0x00,0x00,0x06,0x66,0x66,0x66,0x66,0x60,0x00,0x66,0x99,0x96,0x69,0x66,0x66,0x66,0x99,0x96,0x96,
	0x99,0x99,0x99,0x99,0x99,0x69,0x96,0x66,0x66,0x69,0x66,0x69,0x96,0x66,0x6A,0x44,0xA4,0x00,0x00,0x04,0xA9,0xA6,0x00,0x00,
	0x04,0x46,0x00,0x00,0x06,0xA0,0x00,0x00,0x64,0xA6,0x46,0x44,0x90,0x00,0x00,0x44,0xA4,0x44,0x44,0x44,0x44,0x64,0x44,0x44,
	0x44,0x00,0x00,0x00,0x00,0x00,0x00,0x00,0x00,0x00,0x00,0x64,0x44,0x4A,0x00,0x00,0x00,0x00,0x00,0x00,0x00,0x00,0x00,0x44,
	0x44,0x64,0x46,0xA9,0xA6,0x0A,0xA6,0x99,0x99,0x69,0x99,0x99,0x96,0x66,0x99,0x99,0x96,0x90,0x00,0xCA,0x99,0x99,0x69,0x99,
	0x99,0x93,0x99,0x96,0x96,0x66,0x80,0x0A,0x60,0x66,0x69,0x66,0x69,0x90,0x00,0x69,0x66,0x60,0x66,0x66,0x66,0x66,0x60,0x08,
	0x69,0x66,0x66,0x66,0x66,0x66,0x66,0x99,0x66,0x66,0x66,0x69,0x00,0x09,0x99,0x33,0x99,0x99,0x99,0x99,0x99,0x99,0x99,0x99,
	0x99,0x99,0x99,0x99,0x99,0x99,0x99,0x99,0x00,0x00,0x09,0x99,0x99,0x99,0x99,0x99,0x99,0x40,0x09,0x99,0x99,0x99,0x99,0x99,
	0x33,0x99,0x99,0x99,0x88,0x93,0x39,0x99,0x99,0x99,0x99,0x99,0x99,0x99,0x93,0x99,0x99,0x99,0x99,0x60,0x00,0x69,0x00,0x09,
	0x96,0x00,0x00,0x00,0x00,0xFF,0x66,0x66,0x96,0x00,0x00,0x06,0x69,0x96,0x69,0x66,0x69,0x66,0x96,0x96,0x66,0x69,0x66,0x66,
	0x66,0x66,0x69,0x66,0x00,0x00,0x00,0x00,0x00,0x06,0x66,0x99,0x99,0x69,0x66,0x96,0x66,0x69,0x69,0x96,0x00,0x06,0x69,0x99,
	0x60,0x00,0x06,0x99,0x99,0x99,0x99,0x69,0x96,0x00,0x06,0x99,0x99,0x99,0x99,0x99,0x99,0x99,0x99,0x69,0x99,0x66,0x69,0x96,
	0x00,0x9A,0x00,0x69,0x99,0x69,0x99,0x60,0x06,0x69,0x00,0x00,0x00,0x69,0x99,0x99,0x90,0x06,0x69,0x99,0x99,0x96,0x99,0x60,
	0x99,0x96,0x69,0x99,0x66,0x96,0x66,0x66,0x96,0x66,0x66,0x66,0x66,0x66,0x66,0x66,0x66,0x66,0x69,0x96,0x60,0x00,0x06,0x66,
	0x66,0x66,0x99,0x66,0x99,0x66,0x66,0x66,0x99,0x66,0x66,0x69,0x96,0x90,0x00,0xFF,0x64,0x00,0x00,0x00,0x00,0x00,0x00,0x04,
	0x66,0x66,0x66,0x66,0x66,0x66,0x66,0x66,0x66,0x66,0x00,0x00,0x00,0x06,0x66,0x66,0x96,0x66,0x00,0x00,0x60,0x00,0x06,0x66,
	0x66,0x66,0x66,0x66,0x69,0x96,0x69,0x99,0x96,0x66,0x99,0x96,0x96,0x66,0x96,0x69,0x66,0x69,0x66,0x66,0x6A,0x4A,0x40,0x00,
	0x00,0x00,0x00,0x8A,0x00,0x00,0x04,0x66,0x00,0x00,0x04,0x60,0x00,0x00,0x69,0xA4,0x44,0x44,0x40,0x00,0x00,0x4A,0x46,0x44,
	0x44,0x46,0x46,0x46,0x44,0x4A,0x99,0x00,0x00,0x00,0x00,0x00,0x00,0x00,0x00,0x00,0x04,0x44,0x60,0x00,0x00,0x00,0x00,0x00,
	0x00,0x00,0x00,0x00,0x00,0x00,0x64,0x44,0x4A,0x46,0x4A,0x0A,0x46,0x69,0x99,0x99,0x69,0x99,0x99,0x99,0x96,0x69,0x99,0x60,
	0x00,0xCA,0x69,0x69,0x69,0x69,0x99,0x96,0x69,0x66,0x6A,0x00,0x69,0x96,0x66,0x09,0x69,0x69,0x40,0x09,0x94,0x09,0x66,0x60,
	0x66,0x66,0x66,0x66,0x66,0x66,0x00,0x66,0x66,0x66,0x99,0x66,0x66,0x69,0x66,0x96,0x66,0x69,0x00,0x09,0x99,0x93,0x39,0x99,
	0x99,0x99,0x99,0x99,0x99,0x99,0x99,0x99,0x99,0x99,0x99,0x96,0xA0,0x00,0x00,0x04,0x99,0x99,0x99,0x99,0x99,0x99,0x99,0x00,
	0x09,0x99,0x99,0x99,0x99,0x99,0x99,0x99,0x99,0x80,0x00,0x99,0x99,0x99,0x99,0x99,0x99,0x99,0x99,0x39,0x99,0x99,0x99,0x99,
	0x99,0x99,0x00,0x04,0x00,0x89,0x96,0x00,0x00,0x00,0x00,0xFF,0x96,0x66,0x96,0x60,0x00,0x0A,0x66,0x66,0x96,0x66,0x96,0x66,
	0x99,0x69,0x69,0x66,0x69,0x66,0x66,0x96,0x99,0x60,0x00,0x00,0x00,0x00,0x00,0x00,0x66,0x96,0x69,0x66,0x96,0x99,0x66,0x69,
	0x69,0x69,0x00,0x09,0x99,0x99,0x60,0x00,0x00,0x00,0x8A,0x69,0x66,0x96,0x69,0xA0,0x04,0x99,0x96,0x99,0x96,0x99,0x69,0x96,
	0x96,0x99,0x99,0x96,0x66,0x96,0x08,0x9A,0x00,0x69,0x99,0x99,0x99,0x60,0x06,0x99,0x00,0x00,0x04,0x99,0x99,0x69,0x60,0x06,
	0x99,0x96,0x99,0x99,0x96,0x00,0x06,0x96,0x66,0x99,0x69,0x96,0x99,0x66,0x69,0x66,0x66,0x66,0x66,0x66,0x66,0x66,0x66,0x66,
	0x66,0x66,0x00,0x00,0xA6,0x66,0x66,0x66,0x69,0x96,0x66,0x66,0x66,0x96,0x99,0x99,0x66,0x66,0x66,0x60,0x00,0xFF,0x00,0x00,
	0x00,0x00,0x00,0x00,0x00,0x00,0x86,0x66,0x66,0x60,0x00,0x06,0x66,0x66,0x66,0x66,0x00,0x00,0x00,0x04,0x66,0x66,0x99,0x96,
	0x00,0x08,0x0A,0x08,0x04,0x66,0x66,0x66,0x66,0x66,0x66,0x66,0x69,0x96,0x66,0x66,0x69,0x96,0x99,0x99,0x66,0x69,0x96,0x99,
	0x66,0x66,0x44,0x4A,0x40,0x00,0x00,0x00,0x00,0x00,0x00,0x00,0x04,0x44,0x00,0x00,0x04,0x40,0x00,0x00,0x44,0x44,0x44,0x4A,
	0x4A,0x00,0x00,0x04,0x44,0x44,0x44,0x44,0x4A,0x44,0x44,0x69,0x68,0x00,0x00,0x06,0x68,0x80,0x00,0x00,0x00,0x00,0x04,0x44,
	0x00,0x00,0x00,0x00,0x00,0x00,0x00,0x00,0x00,0x00,0x00,0x00,0x84,0x64,0xA4,0x6A,0xAA,0x94,0xAA,0x69,0x99,0x99,0x99,0x99,
	0x99,0x99,0x99,0x99,0x99,0x90,0x00,0xCA,0x66,0x96,0x69,0x99,0x99,0x99,0x99,0x96,0x00,0x66,0x66,0x99,0x69,0x04,0x96,0x60,
	0x06,0x99,0x99,0x00,0x66,0x90,0x66,0x66,0x96,0x66,0x66,0x66,0x60,0x06,0x66,0x66,0x66,0x99,0x66,0x66,0x66,0x99,0x66,0x69,
	0xA0,0x09,0x93,0x39,0x99,0x99,0x99,0x99,0x99,0x99,0x99,0x99,0x99,0x99,0x99,0x96,0x80,0x00,0x00,0x00,0x00,0x99,0x99,0x99,
	0x99,0x99,0x99,0x99,0x99,0x80,0x09,0x99,0x99,0x99,0x99,0x99,0x99,0x99,0x90,0x00,0x00,0x99,0x99,0x99,0x99,0x99,0x99,0x99,
	0x99,0x39,0x99,0x99,0x99,0x99,0x99,0x99,0x90,0x00,0x00,0xA9,0x96,0x00,0x00,0x00,0x00,0xFF,0x66,0x66,0x66,0x9A,0x00,0x00,
	0x66,0x99,0x99,0x99,0x69,0x66,0x96,0x69,0x96,0x96,0x66,0x69,0x99,0x66,0x6A,0x00,0x00,0x69,0x69,0x40,0x00,0x00,0x06,0x66,
	0x69,0x99,0x66,0x69,0x69,0x66,0x99,0x96,0x00,0x06,0x96,0x66,0xA0,0x00,0x00,0x00,0x00,0x04,0x66,0x99,0x99,0x90,0x00,0x99,
	0x69,0x69,0x99,0x69,0x96,0x96,0x99,0x69,0x96,0x99,0x99,0x90,0x04,0x98,0x00,0xA9,0x99,0x99,0x99,0x90,0x06,0x96,0xA0,0x00,
	0x09,0x99,0x99,0x99,0x98,0x0A,0x99,0x99,0x99,0x69,0x96,0x00,0x00,0x49,0x99,0x96,0x96,0x66,0x66,0x6A,0x06,0x66,0x66,0x66,
	0x66,0x66,0x66,0x66,0x96,0x96,0x69,0x40,0x00,0x00,0x66,0x66,0x66,0x66,0x66,0x66,0x66,0x96,0x66,0x66,0x66,0x96,0x66,0x69,
	0x66,0x00,0x00,0xFF,0x00,0x00,0x00,0x00,0x00,0x00,0x00,0x00,0x00,0x66,0x66,0x60,0x00,0x00,0x66,0x66,0x66,0x66,0x00,0x00,
	0x00,0x0A,0x66,0x96,0x66,0x90,0x00,0x09,0x00,0x00,0x00,0x66,0x69,0x66,0x69,0x96,0x66,0x66,0x66,0x66,0x66,0x66,0x66,0x66,
	0x99,0x99,0x96,0x66,0x66,0x96,0x66,0x66,0x66,0x46,0x00,0x00,0x00,0x00,0x00,0x00,0x00,0x00,0x04,0x44,0x00,0x00,0x0A,0xA0,
	0x00,0x00,0x44,0x44,0x44,0x4A,0xA4,0x00,0x00,0x04,0x64,0x4A,0x44,0xA4,0x46,0x66,0xA9,0x48,0x44,0x00,0x00,0x0A,0x46,0x00,
	0x00,0x00,0x00,0x00,0x00,0xA0,0x00,0x00,0x00,0x00,0xA6,0x66,0x46,0x46,0x48,0x00,0x00,0x00,0x08,0x44,0x64,0x4A,0x64,0x90,
	0xA4,0x49,0x99,0x99,0x99,0x99,0x99,0x99,0x99,0x69,0x99,0x90,0x00,0xCA,0x96,0x66,0x99,0x99,0x99,0x99,0x96,0x00,0x69,0x99,
	0x99,0x69,0x66,0x60,0x90,0x0A,0x96,0x99,0x99,0x90,0x69,0x60,0x69,0x99,0x99,0x66,0x66,0x69,0x96,0x40,0x66,0x66,0x66,0x66,
	0x66,0x66,0x69,0x99,0x66,0x69,0x40,0x09,0x93,0x33,0x99,0x99,0x99,0x99,0x99,0x99,0x99,0x99,0x96,0x60,0x00,0x00,0x00,0x00,
	0x00,0x04,0x99,0x99,0x99,0x99,0x99,0x99,0x99,0x99,0x99,0xA0,0x09,0x99,0x99,0x99,0x99,0x96,0x99,0x99,0x00,0x00,0x63,0x99,
	0x99,0x99,0x99,0x99,0x99,0x99,0x99,0x99,0x99,0x99,0x99,0x99,0x99,0x99,0x96,0x00,0x00,0x99,0x96,0x00,0x00,0x00,0x00,0xFF,
	0x96,0x69,0x66,0x66,0xA0,0x00,0x06,0x69,0x66,0x99,0x99,0x99,0x96,0x66,0x66,0x69,0x99,0x99,0x69,0x69,0x00,0x00,0x96,0x66,
	0x69,0xA0,0x00,0x00,0x00,0x96,0x69,0x99,0x96,0x96,0x99,0x69,0x99,0x9A,0x00,0x89,0x96,0x99,0x40,0x06,0x6A,0x88,0x00,0x0A,
	0x96,0x96,0x96,0x9A,0x00,0x09,0x99,0x99,0x99,0x99,0x96,0x99,0x99,0x99,0x69,0x99,0x99,0x60,0x09,0x60,0x00,0xA9,0x69,0x66,
	0x99,0x9A,0x04,0x99,0x60,0x00,0x96,0x99,0x99,0x99,0x96,0x00,0x69,0x99,0x69,0x99,0x99,0xA0,0x00,0x00,0x04,0x66,0x96,0x69,
	0x66,0x00,0x00,0x66,0x66,0x66,0x66,0x66,0x66,0x66,0x96,0x99,0xA0,0x00,0x00,0x66,0x66,0x66,0x66,0x66,0x66,0x69,0x99,0x66,
	0x69,0x99,0x66,0x66,0x96,0x99,0x60,0x00,0x00,0xFF,0x00,0x00,0x66,0x66,0x66,0x66,0x60,0x00,0x00,0x06,0x66,0x00,0x00,0x00,
	0x06,0x66,0x66,0x66,0x00,0x00,0x00,0x00,0x66,0x99,0x99,0x60,0x00,0x06,0x00,0x00,0x00,0x66,0x66,0x96,0x66,0x64,0x06,0x69,
	0x66,0x66,0x99,0x96,0x66,0x66,0x66,0x69,0x66,0x96,0x66,0x96,0x66,0x66,0x9A,0x44,0x00,0x00,0x00,0x00,0x00,0x00,0x00,0x00,
	0x00,0x06,0x40,0x00,0x00,0x40,0x00,0x00,0x4A,0x9A,0x6A,0xA4,0x46,0x00,0x00,0x0A,0x44,0x44,0x46,0x44,0x49,0x96,0xA6,0x64,
	0x44,0x40,0x00,0x00,0x60,0x00,0x00,0x00,0x00,0x00,0x00,0x00,0x00,0x00,0xAA,0x64,0x46,0x66,0x66,0x44,0x44,0x46,0x00,0x00,
	0x00,0x04,0x44,0x44,0x94,0x40,0xAA,0x49,0x99,0x99,0x99,0x99,0x99,0x96,0x99,0x66,0x69,0x90,0x00,0xCA,0x99,0x99,0x69,0x99,
	0x69,0x96,0x00,0x69,0x96,0x99,0x99,0x66,0x69,0x90,0x06,0x99,0x96,0x69,0x99,0x66,0x04,0x60,0x66,0x66,0x66,0x69,0x96,0x69,
	0x66,0x66,0x00,0x99,0x96,0x66,0x69,0x66,0x66,0x96,0x66,0x99,0x60,0x06,0x93,0x33,0x99,0x99,0x99,0x99,0x99,0x96,0x40,0x00,
	0x00,0x00,0x00,0x00,0x00,0xA6,0x99,0x99,0x99,0x99,0x99,0x99,0x99,0x99,0x99,0x99,0x99,0x00,0x09,0x99,0x99,0x99,0x99,0x99,
	0x99,0x00,0x00,0x03,0x33,0x99,0x99,0x99,0x99,0x99,0x99,0x99,0x99,0x99,0x99,0x99,0x99,0x99,0x99,0x99,0x99,0x9A,0x00,0x99,
	0x96,0x00,0x00,0x00,0x00,0xFF,0x66,0x66,0x66,0x66,0x60,0x00,0x00,0x46,0x66,0x66,0x99,0x99,0x66,0x66,0x99,0x96,0x96,0x69,
	0x99,0x90,0x00,0x06,0x69,0x69,0x69,0x00,0x00,0x00,0x00,0x06,0x69,0x99,0x96,0x99,0x69,0x69,0x69,0x90,0x00,0x46,0x69,0x99,
	0x60,0x09,0x69,0x96,0x69,0x99,0x96,0x96,0x99,0x99,0x00,0x04,0x99,0x96,0x69,0x66,0x69,0x66,0x99,0x66,0x99,0x66,0x99,0x40,
	0x89,0x60,0x00,0x49,0x99,0x99,0x99,0x94,0x08,0x99,0x90,0x06,0x99,0x99,0x69,0x99,0x99,0x00,0x49,0x99,0x99,0x69,0x99,0x98,
	0x00,0x00,0x00,0x00,0x00,0x00,0x00,0x00,0x00,0x66,0x66,0x66,0x66,0x66,0x66,0x66,0x66,0x60,0x00,0x00,0x06,0x66,0x66,0x66,
	0x66,0x66,0x66,0x96,0x99,0x99,0x96,0x99,0x99,0x99,0x99,0x99,0x40,0x00,0x00,0xFF,0x00,0x66,0x66,0x66,0x66,0x66,0x66,0x80,
	0x00,0x00,0x66,0x00,0x00,0x00,0x06,0x66,0x66,0x64,0x00,0x00,0x00,0x00,0x99,0x99,0x99,0xA0,0x00,0xA6,0x00,0x00,0x00,0x49,
	0x66,0x99,0x96,0x60,0x00,0x66,0x69,0x66,0x99,0x99,0x99,0x66,0x66,0x66,0x66,0x66,0x99,0x96,0x99,0x69,0x46,0x46,0x40,0x00,
	0x00,0x00,0x00,0x00,0x00,0x00,0x00,0x00,0x90,0x00,0x00,0x40,0x00,0x00,0x84,0x49,0xA4,0x44,0x4A,0x00,0x00,0x00,0x44,0x49,
	0x44,0x44,0x9A,0xA6,0x44,0x44,0x46,0x60,0x00,0x00,0x00,0x00,0x00,0x00,0x00,0x00,0x00,0x00,0x00,0x06,0xA6,0x44,0x64,0x46,
	0x44,0x44,0x46,0x66,0x60,0x00,0x00,0x06,0x46,0x44,0x9A,0x40,0xAA,0xA9,0x99,0x99,0x99,0x99,0x99,0x99,0x99,0x99,0x99,0x90,
	0x00,0xCA,0x96,0x99,0x66,0x99,0x69,0xA0,0xA9,0x99,0x99,0x99,0x99,0x96,0x6A,0x08,0x06,0x99,0x96,0x66,0x99,0x96,0x60,0x60,
	0x66,0x66,0x96,0x66,0x96,0x66,0x96,0x69,0x90,0x09,0x66,0x69,0x96,0x99,0x69,0x66,0x66,0x99,0x60,0x0A,0x99,0x33,0x39,0x33,
	0x99,0x99,0x9A,0x00,0x00,0x00,0x00,0x00,0x00,0xA6,0x99,0x99,0x99,0x99,0x99,0x99,0x99,0x99,0x99,0x99,0x99,0x99,0x99,0x00,
	0x09,0x99,0x99,0x99,0x99,0x99,0x94,0x00,0x08,0x93,0x33,0x99,0x99,0x99,0x99,0x99,0x99,0x99,0x99,0x99,0x99,0x99,0x99,0x99,
	0x99,0x99,0x99,0x90,0x00,0x99,0x96,0x00,0x00,0x00,0x00,0xFF,0x69,0x69,0x69,0x96,0x96,0x00,0x00,0x06,0x99,0x99,0x66,0x99,
	0x66,0x69,0x69,0x66,0x99,0x99,0x66,0x00,0x08,0x99,0x99,0x96,0x66,0x00,0x00,0x00,0x00,0x00,0x99,0x66,0x99,0x96,0x99,0x99,
	0x99,0x60,0x00,0x96,0x96,0x99,0x60,0x09,0x69,0x96,0x99,0x39,0x96,0x99,0x69,0x99,0x40,0x00,0x99,0x69,0x96,0x69,0x96,0x99,
	0x99,0x66,0x99,0x99,0x69,0xA0,0x69,0x60,0x00,0x69,0x96,0x99,0x69,0x94,0x00,0x99,0x99,0x99,0x99,0x99,0x96,0x99,0x99,0x80,
	0x09,0x99,0x99,0x99,0x69,0x96,0x40,0x00,0x00,0x00,0x00,0x00,0x00,0x00,0x00,0x66,0x66,0x66,0x66,0x66,0x66,0x66,0x60,0x00,
	0x00,0x0A,0x96,0x96,0x96,0x66,0x66,0x66,0x69,0x66,0x69,0x66,0x66,0x66,0x66,0x66,0x66,0x66,0x00,0x00,0x00,0xFF,0x08,0x66,
	0x66,0x66,0x66,0x66,0x66,0x60,0x00,0x00,0xA6,0xA0,0x00,0x00,0x06,0x66,0x66,0x68,0x00,0x00,0x00,0x00,0x69,0x99,0x99,0x00,
	0x00,0x99,0xA0,0x00,0x00,0x09,0x99,0x66,0x96,0x00,0x00,0x66,0x99,0x99,0x99,0x99,0x69,0x69,0x99,0x66,0x69,0x99,0x66,0x99,
	0x66,0x96,0xA4,0x4A,0x44,0x60,0x00,0x00,0xA8,0x00,0x00,0x00,0x00,0x00,0xA0,0x00,0x00,0x64,0x00,0x00,0x04,0x66,0x46,0x44,
	0xA0,0x00,0x00,0x00,0x46,0x44,0x46,0x44,0x44,0x46,0x44,0x44,0x44,0x40,0x00,0x00,0x00,0x00,0x00,0x00,0x00,0x00,0x00,0x00,
	0x04,0x44,0x64,0x44,0x46,0x6A,0x44,0x46,0x44,0x46,0x66,0x00,0x00,0x08,0x44,0x44,0x9A,0x4A,0x84,0xA9,0x99,0x99,0x99,0x69,
	0x99,0x99,0x99,0x99,0x99,0x90,0x00,0xCA,0x99,0x69,0x99,0x69,0x40,0x09,0x96,0x69,0x99,0x99,0x99,0x9A,0x00,0x66,0x60,0x96,
	0x99,0x66,0x69,0x69,0x6A,0x00,0x66,0x66,0x66,0x96,0x66,0x66,0x69,0x96,0x69,0x00,0x66,0x66,0x66,0x69,0x96,0x66,0x96,0x99,
	0x60,0x08,0x99,0x39,0x39,0x33,0x39,0x9A,0x00,0x00,0x00,0x00,0x46,0x99,0x99,0x99,0x99,0x99,0x99,0x99,0x99,0x99,0x99,0x99,
	0x99,0x99,0x99,0x99,0x99,0x00,0x09,0x99,0x99,0x99,0x99,0x99,0x00,0x00,0x89,0x93,0x39,0x99,0x99,0x99,0x99,0x99,0x99,0x99,
	0x99,0x39,0x99,0x99,0x99,0x99,0x99,0x99,0x99,0x90,0x08,0x99,0x96,0x00,0x00,0x00,0x00,0xFF,0x69,0x66,0x66,0x66,0x66,0x60,
	0x00,0x00,0x09,0x66,0x99,0x69,0x69,0x66,0x96,0x69,0x66,0x66,0x40,0x00,0x06,0x66,0x96,0x66,0x66,0x00,0x00,0x00,0x04,0x00,
	0x06,0x96,0x69,0x69,0x96,0x99,0x69,0x00,0x06,0x99,0x99,0x96,0x60,0x09,0x99,0x96,0x96,0x99,0x99,0x99,0x99,0x96,0x60,0x00,
	0x66,0x99,0x69,0x99,0x69,0x99,0x99,0x99,0x96,0x99,0x99,0x00,0xA6,0x00,0x00,0x69,0x99,0x99,0x69,0x96,0x00,0x99,0x99,0x99,
	0x99,0x66,0x69,0x99,0x99,0x90,0x0A,0x99,0x99,0x99,0x99,0x99,0x99,0x66,0x69,0x99,0x40,0x00,0xA4,0x66,0x66,0x66,0x66,0x66,
	0x66,0x64,0x80,0x00,0x00,0x00,0x06,0x69,0x96,0x99,0x96,0x66,0x66,0x66,0x66,0x66,0x69,0x69,0x66,0x66,0x66,0x66,0x66,0x66,
	0x00,0x00,0x00,0xFF,0x06,0x66,0x66,0x66,0x66,0x66,0x66,0x66,0xA0,0x00,0x06,0x40,0x00,0x00,0x00,0x66,0x66,0x60,0x00,0x00,
	0x00,0x00,0x46,0x66,0x66,0x00,0x00,0x96,0x90,0x00,0x00,0x09,0x99,0x96,0x64,0x00,0x00,0x99,0x99,0x99,0x99,0x99,0x96,0x99,
	0x99,0x66,0x66,0x69,0x99,0x69,0x69,0x96,0x44,0xA9,0x44,0xA0,0x00,0x00,0x6A,0x4A,0x40,0x00,0x00,0x0A,0x40,0x00,0x00,0x04,
	0x00,0x00,0x04,0x44,0x44,0x44,0x00,0x00,0x00,0x00,0x44,0x64,0xA4,0x44,0x44,0x44,0x4A,0x44,0x44,0x40,0x00,0x00,0x00,0x00,
	0x44,0x44,0x44,0x00,0x00,0x04,0x44,0x44,0x66,0x44,0x66,0x44,0x64,0x46,0x44,0x66,0x44,0x80,0x00,0x00,0x66,0x64,0x64,0xA9,
	0xA4,0x49,0x99,0x99,0x99,0x99,0x99,0x99,0x99,0x99,0x99,0x90,0x00,0xCA,0x99,0x66,0x99,0x60,0xA9,0x99,0x99,0x99,0x99,0x99,
	0x60,0x0A,0x99,0x96,0x60,0x49,0x69,0x69,0x96,0x64,0xAA,0x00,0xAA,0xA4,0x69,0x96,0x69,0x66,0x66,0x96,0x66,0x6A,0x06,0x96,
	0x66,0x66,0x66,0x69,0x66,0x63,0x90,0x00,0x99,0x33,0x33,0x99,0x90,0x00,0x00,0x06,0x99,0x99,0x99,0x99,0x99,0x99,0x99,0x99,
	0x99,0x99,0x99,0x90,0x00,0x0A,0x99,0x99,0x99,0x99,0x99,0x00,0x09,0x99,0x99,0x99,0x99,0x90,0x00,0x09,0x99,0x93,0x33,0x99,
	0x99,0x99,0x99,0x99,0x99,0x99,0x99,0x99,0x99,0x99,0x99,0x99,0x99,0x99,0x99,0x40,0x09,0x99,0x96,0x00,0x00,0x00,0x00,0xFF,
	0x66,0x66,0x66,0x99,0x69,0x66,0x00,0x00,0x00,0x66,0x96,0x66,0x96,0x99,0x66,0x96,0x96,0x96,0x00,0x08,0x96,0x66,0x66,0x99,
	0x96,0x00,0x00,0x00,0x06,0xA0,0x00,0x66,0x96,0x96,0x69,0x96,0x90,0x00,0x09,0x96,0x99,0x99,0x90,0x09,0x99,0x69,0x99,0x99,
	0x99,0x99,0x99,0x39,0x90,0x00,0x89,0x99,0x99,0x99,0x99,0x69,0x99,0x96,0x99,0x96,0x99,0x00,0xA0,0x00,0x00,0x93,0x96,0x99,
	0x96,0x96,0x00,0x96,0x99,0x99,0x99,0x96,0x99,0x99,0x99,0x94,0x00,0x99,0x96,0x99,0x99,0x99,0x99,0x96,0x99,0x99,0x00,0x0A,
	0x69,0x66,0x66,0x66,0x66,0x66,0x66,0x00,0x00,0x00,0x00,0x86,0x99,0x99,0x96,0x99,0x96,0x66,0x66,0x66,0x66,0x99,0x99,0x99,
	0x66,0x66,0x66,0x66,0x66,0x60,0x00,0x00,0x00,0xFF,0x46,0x66,0x66,0x66,0x66,0x66,0x66,0x66,0x60,0x00,0x06,0x60,0x00,0x00,
	0x00,0x66,0x66,0x60,0x00,0x00,0x00,0x00,0x86,0x69,0x66,0x00,0x0A,0x66,0x6A,0x00,0x00,0x09,0x66,0x66,0x60,0x00,0x04,0x99,
	0x99,0x99,0x99,0x99,0x99,0x99,0x99,0x99,0x69,0x66,0x99,0x66,0x69,0x66,0x44,0x44,0x4A,0x90,0x00,0x00,0x69,0xAA,0xA0,0x00,
	0x00,0x0A,0xA0,0x00,0x00,0x04,0x00,0x00,0x08,0x6A,0xA4,0x44,0x00,0x00,0x00,0x00,0xA4,0xA4,0x64,0x66,0x44,0x44,0x44,0x44,
	0x46,0x46,0x00,0x00,0x00,0x00,0x44,0x44,0x68,0x00,0x00,0x64,0xA6,0x40,0x00,0x00,0x00,0x46,0x44,0x46,0x46,0x64,0x44,0x40,
	0x00,0x00,0xA6,0x44,0xA9,0xA9,0xAA,0xA9,0x93,0x99,0x99,0x39,0x99,0x99,0x99,0x99,0x96,0x90,0x00,0xCA,0x99,0x99,0x94,0x0A,
	0x66,0x69,0x99,0x99,0x99,0x68,0x0A,0x69,0x96,0x99,0x96,0x04,0x80,0x00,0x00,0x00,0x08,0x08,0x80,0x00,0x08,0x96,0x96,0x99,
	0x99,0x96,0x66,0x66,0x0A,0x66,0x96,0x66,0x66,0x66,0x69,0x93,0x60,0x00,0x69,0x93,0x33,0x99,0x00,0x00,0x09,0x99,0x99,0x99,
	0x99,0x99,0x99,0x99,0x99,0x99,0x99,0x99,0x99,0x90,0x00,0x00,0x69,0x99,0x99,0x99,0x99,0x00,0x09,0x99,0x99,0x99,0x96,0x00,
	0x00,0x99,0x99,0x93,0x33,0x39,0x99,0x99,0x99,0x99,0x99,0x99,0x99,0x99,0x99,0x99,0x99,0x99,0x99,0x99,0x99,0x80,0x09,0x99,
	0x96,0x00,0x00,0x00,0x00,0xFF,0x99,0x66,0x66,0x69,0x66,0x66,0x60,0x00,0x00,0x00,0x66,0x66,0x96,0x96,0x96,0x69,0x96,0x00,
	0x00,0x09,0x66,0x96,0x96,0x69,0x96,0x00,0x00,0x00,0x06,0x66,0x00,0x06,0x99,0x96,0x96,0x96,0x00,0x00,0x99,0x69,0x99,0x99,
	0x90,0x0A,0x99,0x99,0x99,0x99,0x93,0x99,0x99,0x99,0x9A,0x00,0x06,0x99,0x99,0x39,0x99,0x99,0x39,0x96,0x93,0x99,0x99,0x00,
	0x00,0x00,0x00,0x93,0x99,0x99,0x99,0x94,0x00,0x99,0x99,0x99,0x69,0x99,0x99,0x99,0x99,0x99,0x00,0x09,0x99,0x99,0x93,0x99,
	0x99,0x99,0x99,0x99,0x00,0x09,0x96,0x66,0x66,0x66,0x66,0x66,0x80,0x00,0x00,0x86,0x69,0x99,0x66,0x99,0x99,0x69,0x96,0x66,
	0x66,0x66,0x66,0x69,0x96,0x66,0x66,0x66,0x66,0x66,0x66,0x60,0x00,0x00,0x00,0xFF,0x00,0x00,0x00,0x06,0x66,0x66,0x66,0x66,
	0x66,0x00,0x00,0x60,0x00,0x00,0x00,0x46,0x99,0x40,0x00,0x00,0x00,0x00,0x09,0x96,0x94,0x00,0x06,0x66,0x66,0x00,0x00,0x06,
	0x99,0x66,0x40,0x00,0x09,0x66,0x66,0x66,0x69,0x99,0x99,0x96,0x66,0x66,0x66,0x66,0x69,0x69,0x99,0x66,0x44,0x44,0x44,0x4A,
	0x00,0x00,0xAA,0xA4,0xA0,0x00,0x00,0xA4,0x6A,0x00,0x00,0x04,0x60,0x00,0x00,0x44,0x44,0xA4,0x00,0x00,0x00,0x00,0x04,0xAA,
	0x44,0x44,0x44,0x64,0x44,0x44,0x44,0x46,0x00,0x00,0x00,0x00,0x46,0x44,0x00,0x00,0x84,0x44,0xA6,0x80,0x00,0x00,0x00,0x00,
	0x04,0x44,0x44,0x46,0x64,0x4A,0x00,0x00,0x04,0x44,0x44,0xAA,0x44,0x49,0x99,0x99,0x66,0x69,0x33,0x99,0x99,0x99,0x99,0x90,
	0x00,0xCA,0x99,0x99,0x80,0x99,0x69,0x69,0x99,0x99,0xA0,0x06,0x99,0x96,0xA0,0x00,0x00,0x00,0x69,0x69,0x99,0x69,0x99,0x99,
	0x99,0x66,0x40,0x99,0x99,0x99,0x99,0x66,0x69,0x96,0x60,0x09,0x66,0x66,0x96,0x66,0x66,0x69,0x94,0x00,0x66,0x99,0x33,0x60,
	0x00,0xA3,0x99,0x99,0x99,0x99,0x99,0x99,0x99,0x99,0x99,0x99,0x99,0x99,0x99,0x90,0x00,0x00,0x0A,0x99,0x99,0x99,0x99,0x00,
	0x09,0x99,0x99,0x99,0x00,0x00,0xA9,0x99,0x99,0x93,0x93,0x39,0x99,0x99,0x99,0x99,0x99,0x99,0x99,0x99,0x99,0x99,0x99,0x99,
	0x99,0x99,0x99,0x00,0x09,0x99,0x96,0x00,0x00,0x00,0x00,0xFF,0x66,0x69,0x69,0x69,0x69,0x99,0x96,0x00,0x00,0x00,0x06,0x69,
	0x99,0x99,0x66,0x66,0x00,0x00,0x04,0x66,0x66,0x96,0x66,0x69,0x96,0x00,0x00,0x00,0xA9,0x66,0x40,0x00,0x86,0x99,0x66,0xA0,
	0x00,0x04,0x99,0x99,0x93,0x99,0x9A,0x0A,0x99,0x99,0x99,0x99,0x99,0x99,0x99,0x99,0x96,0x00,0x0A,0x99,0x99,0x99,0x99,0x33,
	0x33,0x99,0x99,0x93,0x39,0x00,0x00,0x00,0x04,0x99,0x99,0x99,0x99,0x94,0x00,0x99,0x99,0x99,0x99,0x99,0x99,0x93,0x99,0x99,
	0xA0,0x09,0x93,0x99,0x99,0x99,0x99,0x99,0x39,0x36,0x00,0xA9,0x96,0x66,0x66,0x66,0x66,0x66,0x00,0x00,0x66,0x66,0x69,0x96,
	0x96,0x99,0x99,0x66,0x99,0x66,0x66,0x66,0x66,0x69,0x99,0x96,0x66,0x66,0x66,0x66,0x48,0x00,0x00,0x00,0x00,0xFF,0x00,0x00,
	0x00,0x08,0x66,0x66,0x66,0x66,0x66,0x00,0x00,0x60,0x00,0x00,0x00,0x66,0x69,0x80,0x00,0x0A,0x60,0x00,0x09,0x99,0x9A,0x00,
	0x06,0x99,0x99,0x00,0x00,0x06,0x99,0x99,0x00,0x00,0x69,0x99,0x66,0x69,0x66,0x99,0x96,0x66,0x66,0x66,0x66,0x66,0x66,0x69,
	0x69,0x94,0x44,0x4A,0x4A,0x4A,0x00,0x00,0x0A,0x46,0x40,0x00,0x00,0x44,0xA6,0x00,0x00,0x0A,0xA0,0x00,0x00,0x04,0x46,0xA4,
	0x40,0x00,0x00,0x00,0x04,0x44,0x44,0x44,0x44,0x44,0x44,0x44,0x44,0x44,0x00,0x00,0x00,0x00,0x44,0x46,0x00,0x08,0x46,0x46,
	0x6A,0x00,0x00,0x00,0x00,0x00,0x00,0x64,0x64,0x44,0x64,0x46,0x00,0x00,0x06,0x6A,0x4A,0x9A,0x90,0x66,0x99,0x99,0x93,0x99,
	0x69,0x39,0x99,0x99,0x99,0x90,0x00,0xCA,0x99,0x90,0x06,0x69,0x66,0x66,0x96,0x80,0x06,0x60,0x00,0x00,0x0A,0x66,0x99,0x60,
	0x69,0x99,0x66,0x99,0x99,0x96,0x96,0x96,0x06,0x99,0x99,0x99,0x99,0x66,0x99,0x99,0x69,0x06,0x66,0x99,0x99,0x96,0x66,0x66,
	0x96,0x00,0x66,0x33,0x33,0x00,0x04,0x93,0x33,0x33,0x99,0x99,0x99,0x99,0x99,0x99,0x99,0x99,0x99,0x99,0x99,0x98,0x00,0x00,
	0x00,0x99,0x99,0x99,0x99,0x00,0x09,0x99,0x99,0x90,0x00,0x0A,0x96,0x69,0x96,0x69,0x99,0x99,0x99,0x99,0x99,0x99,0x99,0x99,
	0x99,0x99,0x99,0x99,0x99,0x99,0x99,0x99,0x99,0x00,0x49,0x99,0x96,0x00,0x00,0x00,0x00,0xFF,0x96,0x69,0x66,0x69,0x96,0x66,
	0x66,0x90,0x00,0x00,0x00,0x06,0x66,0x96,0x64,0x00,0x00,0x00,0x66,0x69,0x66,0x99,0x69,0x96,0x66,0x00,0x00,0x00,0x69,0x66,
	0x66,0x00,0x00,0x00,0x00,0x00,0x00,0xA9,0x99,0x99,0x99,0x99,0x96,0x00,0x99,0x99,0x99,0x69,0x69,0x99,0x66,0x99,0x99,0x00,
	0x0A,0x69,0x99,0x99,0x99,0x99,0x99,0x99,0x96,0x99,0x96,0x00,0x00,0x00,0x09,0x99,0x99,0x99,0x39,0x3A,0x00,0x39,0x93,0x93,
	0x39,0x33,0x39,0x39,0x99,0x99,0x90,0x0A,0x99,0x99,0x99,0x99,0x99,0x99,0x99,0x9A,0x00,0x49,0x66,0x66,0x66,0x66,0x66,0x60,
	0x00,0xA6,0x66,0x66,0x66,0x66,0x69,0x99,0x99,0x66,0x66,0x66,0x66,0x66,0x66,0x66,0x00,0x00,0x00,0x00,0x00,0x00,0x00,0x00,
	0x00,0x00,0x00,0xFF,0x00,0x00,0x00,0x00,0x66,0x66,0x66,0x66,0x66,0x00,0x00,0x60,0x00,0x00,0x00,0xA9,0x99,0x00,0x00,0x06,
	0x90,0x00,0x06,0x99,0x90,0x00,0x09,0x99,0x99,0x60,0x00,0x04,0x99,0x94,0x00,0x0A,0x99,0x99,0x99,0x99,0x99,0x96,0x66,0x66,
	0x66,0x66,0x66,0x66,0x66,0x66,0x99,0x9A,0x44,0x44,0xAA,0x44,0x00,0x00,0x04,0x4A,0x40,0x00,0x00,0x0A,0x4A,0x00,0x00,0x04,
	0x90,0x00,0x00,0x00,0x44,0xA4,0x44,0x00,0x00,0x00,0x0A,0x44,0x44,0x44,0x46,0x64,0x44,0x44,0x44,0x44,0x40,0x00,0x00,0x00,
	0x44,0x60,0x00,0x06,0x44,0x44,0x60,0x00,0x00,0x00,0x00,0x00,0x00,0x08,0x64,0x66,0x44,0x46,0x00,0x00,0x04,0x66,0x46,0x9A,
	0x6A,0x46,0x39,0x69,0x99,0x99,0x96,0x99,0x99,0x99,0x99,0x90,0x00,0xCA,0x99,0xA0,0x96,0x96,0x96,0x68,0x00,0x00,0x00,0x0A,
	0x66,0x99,0x99,0x69,0x99,0x98,0x09,0x99,0x99,0x99,0x99,0x99,0x66,0x60,0x46,0x96,0x69,0x99,0x99,0x96,0x69,0x99,0x69,0x60,
	0x69,0x99,0x99,0x69,0x66,0x99,0x93,0x00,0xA6,0x99,0x39,0x00,0x03,0x33,0x33,0x33,0x39,0x99,0x99,0x99,0x99,0x99,0x99,0x39,
	0x99,0x99,0x99,0x99,0x00,0x00,0x00,0x06,0x99,0x93,0x99,0x00,0x09,0x99,0x99,0x00,0x00,0x99,0x96,0x69,0x99,0x66,0x39,0x33,
	0x39,0x99,0x99,0x99,0x99,0x99,0x99,0x99,0x99,0x99,0x99,0x99,0x99,0x99,0x98,0x00,0x99,0x99,0x96,0x00,0x00,0x00,0x00,0xFF,
	0x96,0x96,0x96,0x66,0x69,0x66,0x99,0x96,0x6A,0x00,0x00,0x00,0x00,0x00,0x00,0x00,0x00,0x49,0x99,0x99,0x66,0x66,0x66,0x69,
	0x66,0x00,0x00,0x00,0x69,0x99,0x69,0x94,0x00,0x00,0x00,0x00,0x09,0x99,0x96,0x99,0x69,0x66,0x96,0x00,0x99,0x69,0x69,0x96,
	0x66,0x66,0x66,0x69,0x99,0x00,0x0A,0x96,0x99,0x96,0x69,0x69,0x99,0x96,0x99,0x99,0x99,0x00,0x00,0x00,0x09,0x99,0x99,0x99,
	0x99,0x98,0x00,0x99,0x99,0x96,0x99,0x99,0x99,0x99,0x66,0x99,0x90,0x00,0x66,0x99,0x66,0x99,0x66,0x99,0x99,0x90,0x00,0x69,
	0x66,0x66,0x66,0x66,0x66,0x80,0x00,0x66,0x66,0x66,0x66,0x99,0x99,0x99,0x69,0x99,0x69,0x66,0x66,0x46,0x66,0x60,0x00,0x00,
	0x00,0x00,0x00,0x00,0x00,0x00,0x00,0x00,0x00,0xFF,0x00,0x00,0x00,0x00,0x66,0x66,0x66,0x66,0x66,0x00,0x00,0x40,0x00,0x00,
	0x00,0x06,0x66,0x00,0x00,0x06,0x6A,0x00,0x04,0x66,0x60,0x00,0x06,0x66,0x66,0x60,0x00,0x00,0x99,0x90,0x00,0x09,0x99,0x99,
	0x69,0x99,0x96,0x66,0x66,0x66,0x66,0x66,0x66,0x66,0x66,0x66,0x66,0x6A,0xAA,0x4A,0x44,0x46,0x00,0x00,0x06,0x44,0x64,0x00,
	0x00,0x0A,0x30,0x00,0x00,0x00,0x40,0x00,0x00,0x00,0x04,0x66,0xAA,0x60,0x00,0x00,0x00,0x84,0x4A,0x4A,0x44,0x46,0x44,0x44,
	0x44,0x44,0x40,0x00,0x00,0x00,0x04,0x00,0x00,0x84,0x46,0x44,0xA0,0x00,0x00,0x00,0x00,0x00,0x00,0x00,0x06,0x46,0x64,0x44,
	0x00,0x00,0x0A,0xA4,0x44,0x4A,0x4A,0x66,0x33,0x33,0x33,0x33,0x93,0x93,0x93,0x99,0x33,0x30,0x00,0xCA,0x30,0x09,0x33,0x99,
	0x00,0x04,0x69,0x33,0x99,0x99,0x99,0x39,0x99,0x99,0x99,0x99,0x04,0x99,0x93,0x99,0x99,0x99,0x90,0x06,0x99,0x96,0x96,0x99,
	0x99,0x99,0x96,0x69,0x99,0x90,0x06,0x69,0x99,0x99,0x96,0x93,0x93,0x00,0x09,0x99,0x90,0x00,0x39,0x93,0x93,0x33,0x33,0x33,
	0x99,0x33,0x33,0x99,0x99,0x39,0x39,0x99,0x99,0x33,0x99,0x80,0x00,0x00,0x09,0x99,0x99,0x00,0x09,0x99,0x60,0x00,0x09,0x99,
	0x99,0x39,0x99,0x99,0x99,0x99,0x33,0x33,0x99,0x33,0x99,0x99,0x99,0x99,0x99,0x93,0x99,0x99,0x99,0x99,0x90,0x0A,0x99,0x99,
	0x96,0x00,0x00,0x00,0x00,0xFF,0x66,0x66,0x66,0x96,0x66,0x69,0x99,0x69,0x96,0x6A,0x00,0x00,0x00,0x00,0x00,0x00,0x06,0x69,
	0x99,0x69,0x99,0x69,0x69,0x99,0x66,0x00,0x00,0x00,0x66,0x99,0x99,0x99,0x96,0x66,0x46,0x46,0x99,0x99,0x66,0x69,0x66,0x99,
	0x99,0x00,0x99,0x66,0x96,0x66,0x66,0x69,0x66,0x66,0x69,0x00,0x04,0x66,0x69,0x69,0x66,0x66,0x99,0x99,0x99,0x99,0x96,0xA0,
	0x00,0x00,0x89,0x69,0x99,0x99,0x96,0x68,0x00,0x69,0x99,0x96,0x96,0x99,0x99,0x99,0x66,0x99,0x6A,0x00,0x96,0x99,0x99,0x96,
	0x99,0x96,0x69,0x90,0x00,0x69,0x66,0x66,0x66,0x66,0x66,0x00,0x06,0x66,0x66,0x66,0x66,0x99,0x99,0x99,0x99,0x99,0x99,0x96,
	0x66,0x66,0x69,0x60,0x00,0x00,0x00,0x00,0x00,0x00,0x00,0x00,0x00,0x00,0x00,0xFF,0x00,0x00,0x00,0x08,0x66,0x66,0x66,0x66,
	0x66,0x80,0x00,0xA0,0x00,0x00,0x00,0x06,0x66,0x00,0x00,0x06,0x66,0x00,0x08,0x66,0x60,0x00,0x86,0x66,0x66,0x66,0x00,0x00,
	0x66,0x40,0x00,0x09,0x99,0x00,0x00,0x08,0xA8,0x66,0x66,0x66,0x69,0x66,0x66,0x66,0x66,0x69,0x66,0x6A,0x6A,0x9A,0x44,0x4A,
	0x00,0x00,0x08,0xAA,0x46,0x00,0x00,0x04,0x00,0x00,0x00,0x00,0xA3,0x00,0x00,0x00,0x00,0xAA,0x44,0x44,0x00,0x00,0x00,0x00,
	0x6A,0x4A,0x44,0x44,0x44,0x44,0x44,0x64,0x4A,0x00,0x00,0x00,0x06,0x00,0x00,0x84,0x44,0x64,0x46,0x04,0x64,0x66,0x6A,0x00,
	0x00,0x00,0x00,0xA4,0x64,0x46,0x00,0x00,0x04,0x66,0x44,0x49,0x9A,0xA4,0x93,0x99,0x33,0x99,0x33,0x99,0x99,0x99,0x99,0x90,
	0x00,0xCA,0x80,0x99,0x33,0x99,0x99,0x39,0x99,0x99,0x39,0x39,0x99,0x33,0x99,0x39,0x99,0x99,0x00,0x93,0x99,0x99,0x99,0x99,
	0x00,0x99,0x99,0x99,0x69,0x99,0x96,0x69,0x99,0x99,0x69,0x96,0x06,0x69,0x99,0x99,0x69,0x93,0x33,0x00,0x09,0x39,0x60,0x06,
	0x33,0x99,0x93,0x33,0x33,0x33,0x99,0x39,0x93,0x33,0x33,0x39,0x33,0x99,0x99,0x33,0x33,0x99,0x00,0x00,0x0A,0x99,0x99,0x00,
	0x03,0x93,0x00,0x00,0x39,0x99,0x99,0x99,0x99,0x99,0x39,0x93,0x33,0x93,0x99,0x33,0x33,0x39,0x33,0x99,0x93,0x39,0x93,0x93,
	0x39,0x93,0x80,0x06,0x99,0x99,0x96,0x00,0x00,0x00,0x00,0xFF,0x96,0x66,0x96,0x96,0x99,0x99,0x99,0x99,0x96,0x99,0x96,0x6A,
	0x40,0x00,0x00,0xA6,0x69,0x99,0x99,0x69,0x99,0x99,0x99,0x99,0x99,0xA0,0x00,0x00,0xA6,0x93,0x99,0x96,0x99,0x99,0x99,0x69,
	0x96,0x99,0x96,0x96,0x96,0x99,0x96,0x40,0x69,0x66,0x66,0x66,0x66,0x69,0x69,0x66,0x90,0x00,0x06,0x96,0x66,0x96,0x96,0x99,
	0x69,0x96,0x99,0x66,0x96,0x90,0x00,0x00,0x69,0x99,0x96,0x99,0x99,0x60,0x04,0x99,0x99,0x96,0x99,0x99,0x69,0x99,0x99,0x96,
	0x96,0x00,0x96,0x69,0x96,0x99,0x96,0x96,0x66,0x60,0x00,0x99,0x66,0x66,0x66,0x66,0x66,0x00,0x06,0x96,0x96,0x66,0x66,0x99,
	0x99,0x99,0x39,0x99,0x39,0x99,0x69,0x66,0x66,0x68,0x00,0x00,0x00,0x00,0x00,0x00,0x00,0x00,0x00,0x00,0x00,0xFF,0x00,0x00,
	0x00,0x06,0x66,0x66,0x66,0x66,0x66,0x80,0x00,0xA0,0x00,0x00,0x00,0x06,0x66,0x00,0x00,0x06,0x66,0x00,0x00,0x66,0xA0,0x00,
	0x46,0x66,0x66,0x66,0x00,0x00,0x66,0x00,0x00,0x66,0x6A,0x00,0x00,0x00,0x00,0x00,0x46,0x66,0x66,0x66,0x66,0x66,0x66,0x66,
	0x66,0x6A,0x88,0x99,0x4A,0xA6,0xA0,0x00,0x08,0x99,0xA4,0x00,0x00,0x08,0x00,0x00,0x00,0x00,0xA4,0x00,0x00,0x00,0x00,0x04,
	0xA4,0x44,0x40,0x00,0x00,0x00,0x08,0x44,0xA4,0x44,0x44,0x44,0x44,0x64,0x44,0x00,0x00,0x00,0x04,0x00,0x00,0x84,0x44,0x44,
	0x44,0x44,0x46,0x44,0x64,0x46,0x00,0x00,0x00,0x64,0x44,0x44,0x00,0x00,0x04,0x44,0x44,0x4A,0x46,0xA6,0x99,0x99,0x99,0x99,
	0x99,0x99,0x99,0x99,0x99,0x40,0x00,0xCA,0x09,0x99,0x99,0x99,0x99,0x99,0x99,0x99,0x99,0x99,0x99,0x99,0x99,0x99,0x93,0x99,
	0x60,0x09,0x99,0x99,0x99,0x60,0x09,0x99,0x99,0x99,0x93,0x99,0x99,0x99,0x99,0x96,0x66,0x66,0x86,0x99,0x99,0x99,0x69,0x99,
	0x99,0x00,0x03,0x33,0x00,0x03,0x93,0x33,0x93,0x33,0x33,0x33,0x33,0x39,0x93,0x33,0x33,0x39,0x99,0x93,0x33,0x33,0x33,0x33,
	0x34,0x00,0x00,0x09,0x99,0x80,0x09,0x90,0x00,0xA3,0x33,0x39,0x99,0x93,0x39,0x99,0x99,0x93,0x33,0x93,0x33,0x33,0x33,0x33,
	0x33,0x33,0x33,0x33,0x33,0x33,0x33,0x33,0x00,0x09,0x39,0x33,0x96,0x00,0x00,0x00,0x00,0xFF,0x99,0x96,0x96,0x99,0x99,0x99,
	0x99,0x69,0x99,0x96,0x66,0x66,0x66,0x66,0x99,0x99,0x96,0x99,0x99,0x69,0x69,0x99,0x99,0x99,0x96,0x60,0x00,0x00,0x86,0x96,
	0x99,0x99,0x69,0x66,0x66,0x66,0x99,0x69,0x69,0x96,0x66,0x69,0x96,0x60,0x06,0x66,0x96,0x96,0x66,0x66,0x96,0x96,0x40,0x00,
	0x86,0x66,0x69,0x66,0x69,0x96,0x99,0x99,0x96,0x99,0x96,0x96,0x00,0x06,0x99,0x69,0x66,0x99,0x99,0x60,0x09,0x69,0x99,0x99,
	0x66,0x99,0x69,0x69,0x96,0x66,0x66,0x00,0x46,0x99,0x96,0x99,0x99,0x99,0x69,0x40,0x04,0x66,0x66,0x66,0x66,0x66,0x64,0x00,
	0x06,0x66,0x66,0x66,0x66,0x69,0x99,0x99,0x99,0x99,0x99,0x93,0x66,0x66,0x66,0x66,0x69,0x99,0x66,0x66,0x66,0x66,0x66,0x60,
	0x00,0x00,0x00,0xFF,0x66,0x66,0x66,0x66,0x66,0x66,0x66,0x66,0x66,0x80,0x00,0xA0,0x00,0x00,0x00,0x06,0x66,0x00,0x00,0x06,
	0x66,0x00,0x00,0x66,0x00,0x00,0x66,0x66,0x66,0x66,0x40,0x00,0x66,0x00,0x00,0x96,0x60,0x00,0x00,0x00,0x00,0x00,0x06,0x66,
	0x66,0x66,0x66,0x66,0x66,0x66,0x66,0x6A,0x68,0xAA,0x00,0x09,0x60,0x00,0x00,0x4A,0x44,0x00,0x00,0x00,0x00,0x00,0x00,0x00,
	0x66,0x00,0x00,0x00,0x00,0x00,0xAA,0x44,0x44,0x00,0x00,0x00,0x00,0x0A,0x44,0x44,0x44,0x44,0x44,0x44,0x44,0x00,0x00,0x00,
	0x00,0x00,0x00,0x04,0x44,0x44,0x44,0x4A,0x44,0x44,0xAA,0x44,0x60,0x00,0x00,0x04,0x44,0x44,0x00,0x00,0x0A,0x46,0xAA,0x46,
	0x44,0xA4,0x99,0x99,0x99,0x99,0x99,0x99,0x99,0x99,0x68,0x00,0x00,0xCA,0x99,0x99,0x99,0x99,0x99,0x99,0x99,0x99,0x99,0x99,
	0x99,0x99,0x99,0x99,0x99,0x99,0x90,0x09,0x99,0x99,0x60,0x09,0x99,0x99,0x99,0x99,0x99,0x66,0x99,0x66,0x66,0x69,0x96,0x66,
	0x60,0x66,0x66,0x66,0x66,0x69,0x99,0x90,0x00,0x39,0x00,0xA9,0x99,0x99,0x99,0x99,0x99,0x99,0x99,0x99,0x99,0x99,0x99,0x99,
	0x99,0x99,0x99,0x99,0x93,0x99,0x99,0x99,0x00,0x00,0x09,0x80,0x00,0x00,0x06,0x99,0x33,0x33,0x99,0x99,0x33,0x33,0x39,0x44,
	0x88,0xA3,0x39,0x33,0x33,0x33,0x99,0x93,0x33,0x39,0x33,0x33,0x33,0x36,0x00,0x93,0x33,0x33,0x36,0x00,0x00,0x00,0x00,0xFF,
	0x66,0x66,0x66,0x69,0x66,0x96,0x96,0x66,0x66,0x66,0x66,0x66,0x66,0x66,0x66,0x99,0x66,0x96,0x66,0x66,0x69,0x99,0x66,0x96,
	0x99,0x90,0x00,0x00,0x06,0x66,0x66,0x96,0x69,0x99,0x66,0x99,0x96,0x96,0x69,0x69,0x66,0x66,0x99,0x60,0x00,0x66,0x66,0x69,
	0x66,0x66,0x99,0x98,0x00,0x00,0x69,0x99,0x66,0x66,0x99,0x99,0x99,0x99,0x96,0x99,0x99,0x96,0x40,0x69,0x66,0x99,0x99,0x99,
	0x99,0xA0,0x89,0x66,0x96,0x99,0x99,0x99,0x99,0x99,0x66,0x66,0x96,0x00,0x46,0x99,0x99,0x69,0x99,0x99,0x99,0xA0,0x06,0x66,
	0x66,0x66,0x66,0x66,0x64,0x00,0x06,0x66,0x66,0x66,0x66,0x66,0x66,0x99,0x99,0x99,0x99,0x99,0x66,0x66,0x66,0x66,0x66,0x99,
	0x66,0x66,0x66,0x66,0x66,0x60,0x00,0x00,0x00,0xFF,0x66,0x66,0x66,0x66,0x66,0x66,0x66,0x66,0x66,0x80,0x00,0xA0,0x00,0x06,
	0x00,0x0A,0x66,0x00,0x00,0x06,0x66,0x80,0x00,0xA6,0x00,0x00,0x66,0x66,0x66,0x66,0x60,0x00,0xA6,0x00,0x04,0x66,0x60,0x00,
	0x00,0x00,0x00,0x00,0x06,0x66,0x66,0x66,0x66,0x66,0x66,0x66,0x66,0x68,0x88,0x64,0x00,0x00,0x60,0x00,0x00,0xAA,0x6A,0x00,
	0x00,0x0A,0x00,0x00,0x00,0x00,0x09,0x00,0x00,0x00,0x00,0x00,0x00,0x44,0x4A,0x00,0x00,0x00,0x00,0x00,0x0A,0x4A,0xA4,0x44,
	0x64,0x44,0x44,0x00,0x00,0x00,0x00,0x00,0x00,0x04,0x44,0x44,0x46,0x44,0x44,0x46,0x66,0x46,0x44,0x00,0x00,0x06,0x44,0x44,
	0x80,0x00,0x04,0x44,0x44,0x64,0x9A,0x46,0x99,0x99,0x99,0x99,0x96,0x99,0x99,0x99,0xA0,0x90,0x00,0xCA,0x99,0x99,0x99,0x69,
	0x99,0x66,0x99,0x99,0x99,0x99,0x96,0x99,0x99,0x99,0x99,0x96,0x96,0x04,0x96,0x68,0x04,0x99,0x69,0x96,0x66,0x66,0x66,0x66,
	0x66,0x66,0x66,0x66,0x66,0x66,0x60,0x66,0x66,0x66,0x66,0x69,0x99,0x90,0x00,0x99,0x00,0x69,0x99,0x99,0x99,0x99,0x69,0x99,
	0x99,0x99,0x99,0x99,0x99,0x99,0x99,0x99,0x99,0x99,0x99,0x99,0x99,0x99,0x90,0x00,0x00,0x00,0x00,0x00,0x69,0x99,0x99,0x99,
	0x6A,0xA8,0x00,0x00,0x00,0x00,0x00,0x09,0x99,0x99,0x99,0x99,0x99,0x99,0x99,0x99,0x99,0x99,0x33,0x30,0x00,0x33,0x33,0x33,
	0x36,0x00,0x00,0x00,0x00,0xFF,0x66,0x96,0x66,0x66,0x69,0x66,0x96,0x66,0x66,0x96,0x66,0x66,0x66,0x96,0x66,0x99,0x96,0x66,
	0x99,0x66,0x66,0x66,0x66,0x69,0x99,0x90,0x00,0x00,0x09,0x66,0x96,0x66,0x66,0x99,0x66,0x66,0x66,0x96,0x66,0x99,0x66,0x99,
	0x69,0x90,0x00,0x00,0x69,0x69,0x99,0x69,0x68,0x00,0x00,0x0A,0x99,0x99,0x99,0x99,0x99,0x96,0x99,0x69,0x99,0x99,0x99,0x99,
	0x99,0x69,0x66,0x69,0x99,0x66,0x69,0x00,0x49,0x99,0x99,0x99,0x99,0x69,0x99,0x66,0x96,0x66,0x96,0x80,0xA9,0x66,0x69,0x96,
	0x66,0x99,0x99,0xA0,0x06,0x66,0x66,0x66,0x66,0x66,0x66,0x00,0x06,0x66,0x66,0x66,0x66,0x69,0x96,0x66,0x96,0x66,0x66,0x99,
	0x66,0x66,0x66,0x66,0x69,0x66,0x68,0x00,0x00,0x08,0x66,0x6A,0x00,0x00,0x00,0xFF,0x66,0x66,0x66,0x66,0x6A,0x00,0x0A,0x66,
	0x66,0x80,0x00,0xA0,0x00,0x06,0x00,0x00,0x66,0x00,0x00,0x66,0x66,0x60,0x00,0x06,0x00,0x00,0x66,0x66,0x66,0x66,0x60,0x00,
	0x00,0x00,0x06,0x66,0x64,0x00,0x00,0x00,0x00,0x00,0x86,0x66,0x66,0x66,0x64,0x66,0x66,0x66,0x66,0xA8,0x88,0x00,0x00,0x00,
	0x00,0x00,0x00,0x04,0xA9,0x00,0x00,0x04,0x64,0x00,0x00,0x00,0x0A,0xA0,0x00,0x00,0x00,0x00,0x00,0x0A,0x44,0x00,0x00,0x00,
	0x00,0x00,0x00,0x0A,0xA4,0xA4,0x44,0x4A,0xA4,0x40,0x00,0x00,0x00,0x00,0x00,0x00,0x0A,0x44,0x44,0x44,0x46,0x64,0xA4,0x44,
	0x46,0x00,0x00,0xA4,0x44,0x44,0x00,0x00,0x04,0x44,0x44,0x44,0x4A,0x46,0x99,0x99,0x99,0x99,0x99,0x96,0x99,0x96,0x09,0x90,
	0x00,0xCA,0x96,0x66,0x69,0x96,0x96,0x69,0x66,0x69,0x69,0x99,0x99,0x99,0x99,0x96,0x69,0x66,0x96,0x00,0x90,0x0A,0x69,0x69,
	0x66,0x66,0x66,0x66,0x66,0x66,0x66,0x66,0x66,0x66,0x66,0x66,0x6A,0x06,0x66,0x66,0x66,0x69,0x96,0x66,0x00,0x09,0x00,0x69,
	0x99,0x99,0x99,0x99,0x69,0x99,0x99,0x99,0x99,0x99,0x99,0x99,0x99,0x99,0x99,0x99,0x99,0x99,0x99,0x99,0x99,0x96,0x00,0x00,
	0x00,0x00,0x00,0x00,0x00,0x00,0x00,0x00,0x00,0x00,0x00,0x00,0x00,0x09,0x99,0x99,0x99,0x99,0x99,0x99,0x99,0x99,0x99,0x99,
	0x99,0x40,0x06,0x39,0x39,0x99,0x96,0x00,0x00,0x00,0x00,0xFF,0x66,0x66,0x66,0x66,0x96,0x66,0x66,0x66,0x66,0x66,0x66,0x96,
	0x66,0x69,0x66,0x66,0x66,0x66,0x66,0x66,0x66,0x69,0x66,0x69,0x99,0x68,0x00,0x00,0x09,0x66,0x96,0x96,0x69,0x99,0x66,0x96,
	0x96,0x99,0x99,0x69,0x69,0x69,0x99,0x90,0x00,0x00,0x00,0x84,0x48,0x00,0x00,0x00,0x00,0xA9,0x96,0x96,0x99,0x99,0x96,0x69,
	0x99,0x66,0x69,0x99,0x66,0x69,0x69,0x99,0x69,0x69,0x99,0x96,0x90,0x00,0x66,0x69,0x69,0x66,0x66,0x66,0x96,0x99,0x99,0x96,
	0x99,0xA0,0x69,0x93,0x99,0x99,0x99,0x99,0x99,0xA0,0x08,0x66,0x66,0x66,0x66,0x66,0x66,0x00,0x06,0x66,0x66,0x66,0x66,0x66,
	0x96,0x66,0x66,0x99,0x66,0x66,0x66,0x66,0x66,0x66,0x96,0x00,0x00,0x00,0x00,0x00,0x86,0x66,0x00,0x00,0x00,0xFF,0x86,0x66,
	0x66,0x68,0x00,0x00,0x00,0x66,0x66,0x00,0x00,0x60,0x00,0x06,0x40,0x00,0x66,0x00,0x00,0x66,0x69,0x90,0x00,0x04,0x00,0x00,
	0x96,0x66,0x66,0x66,0x60,0x00,0x00,0x00,0x06,0x66,0x66,0xA0,0x00,0x00,0x00,0x04,0x66,0x66,0x66,0x66,0x66,0x66,0x69,0x99,
	0x63,0x88,0xA8,0xA0,0x00,0x00,0x00,0x00,0x00,0x0A,0x94,0x00,0x00,0x0A,0xA4,0x40,0x00,0x00,0x08,0x80,0x00,0x00,0x40,0x00,
	0x00,0x00,0xAA,0x40,0x00,0x00,0x00,0x00,0x00,0x00,0x0A,0x44,0x44,0xA4,0x44,0x40,0x00,0x00,0x00,0x00,0x00,0x00,0x00,0x0A,
	0x46,0xA4,0xA6,0xA4,0x4A,0x44,0x00,0x00,0x00,0x44,0x44,0x44,0x00,0x00,0x06,0x44,0x4A,0x4A,0x44,0x49,0x99,0x99,0x99,0x99,
	0x99,0x99,0x66,0x90,0x69,0x90,0x00,0xCA,0x99,0x99,0x69,0x66,0x66,0x66,0x96,0x66,0x69,0x99,0x99,0x99,0x99,0x99,0x93,0x99,
	0x96,0x40,0x0A,0x99,0x39,0x96,0x69,0x99,0x99,0x66,0x69,0x66,0x66,0x66,0x66,0x66,0x66,0x66,0x66,0x06,0x66,0x66,0x66,0x69,
	0x96,0x69,0x00,0x09,0x00,0x99,0x99,0x99,0x99,0x99,0x96,0x99,0x99,0x99,0x96,0x99,0x99,0x99,0x99,0x99,0x99,0x99,0x99,0x99,
	0x99,0x99,0x96,0x4A,0x00,0x00,0x00,0x00,0x00,0x00,0x00,0x00,0x00,0x00,0x08,0x84,0x46,0x69,0x99,0x99,0x99,0x99,0x99,0x99,
	0x99,0x99,0x99,0x99,0x99,0x99,0x99,0x00,0x09,0x99,0x99,0x99,0x96,0x00,0x00,0x00,0x00,0xFF,0x66,0x66,0x66,0x66,0x66,0x66,
	0x66,0x66,0x66,0x66,0x66,0x66,0x66,0x66,0x96,0x66,0x66,0x66,0x66,0x66,0x66,0x66,0x66,0x66,0x99,0x94,0x00,0x00,0x06,0x66,
	0x66,0x69,0x69,0x99,0x69,0x96,0x96,0x96,0x69,0x99,0x99,0x99,0x99,0x90,0x00,0x00,0x00,0x00,0x00,0x00,0x00,0x00,0x00,0x69,
	0x99,0x99,0x66,0x99,0x99,0x69,0x99,0x99,0x99,0x99,0x99,0x99,0x69,0x96,0x99,0x99,0x99,0x99,0x90,0x00,0x99,0x96,0x99,0x99,
	0x99,0x66,0x69,0x99,0x99,0x39,0x99,0x80,0x69,0x69,0x99,0x99,0x39,0x66,0x99,0x40,0x08,0x66,0x66,0x66,0x66,0x69,0x66,0x80,
	0x04,0x66,0x66,0x66,0x66,0x66,0x96,0x96,0x99,0x96,0x69,0x99,0x96,0x66,0x66,0x66,0x60,0x00,0x00,0x00,0x00,0x08,0x06,0x66,
	0x00,0x00,0x00,0xFF,0x06,0x66,0x66,0x80,0x00,0x00,0x00,0x66,0x66,0x00,0x00,0x60,0x00,0x0A,0x60,0x00,0x0A,0x00,0x00,0x66,
	0x66,0x60,0x00,0x00,0x00,0x00,0x99,0x90,0x00,0xA6,0x6A,0x00,0x00,0x00,0x06,0x66,0x66,0x69,0x96,0x96,0x66,0x66,0x66,0x69,
	0x96,0x66,0x96,0x66,0x66,0x66,0x69,0x66,0x8A,0xA8,0x00,0x00,0x00,0x00,0x00,0x04,0xAA,0x60,0x00,0x00,0x4A,0x46,0x00,0x00,
	0x00,0x80,0x00,0x00,0x84,0x00,0x00,0x00,0x00,0x40,0x00,0x00,0x00,0x00,0x00,0x00,0x00,0x04,0xA4,0x44,0x44,0x48,0x00,0x00,
	0x00,0x06,0x00,0x00,0x00,0x00,0x00,0x04,0x66,0x44,0x80,0x00,0x00,0x00,0x04,0xAA,0x4A,0x64,0x00,0x00,0x04,0x44,0xA6,0x44,
	0x44,0xA9,0x33,0x33,0x99,0x93,0x33,0x39,0x99,0x80,0x99,0x90,0x00,0xCA,0x99,0x69,0x96,0x66,0x99,0x99,0x66,0x96,0x66,0x69,
	0x96,0x99,0x99,0x99,0x99,0x99,0x9A,0x00,0x09,0x99,0x96,0x99,0x66,0x66,0x99,0x96,0x69,0x69,0x66,0x66,0x66,0x66,0x66,0x66,
	0x66,0x0A,0x66,0x66,0x66,0x66,0x99,0x66,0x60,0x00,0x00,0x99,0x99,0x99,0x99,0x99,0x96,0x69,0x99,0x99,0x96,0x66,0x66,0x96,
	0x99,0x99,0x99,0x99,0x66,0x40,0x00,0x00,0x00,0x00,0x00,0x00,0x00,0x00,0x00,0x00,0x00,0xA6,0x69,0x99,0x99,0x99,0x99,0x99,
	0x99,0x99,0x99,0x99,0x99,0x99,0x99,0x99,0x99,0x99,0x99,0x99,0x9A,0x00,0x69,0x99,0x99,0x99,0x96,0x00,0x00,0x00,0x00,0xFF,
	0x66,0x66,0x66,0x66,0x69,0x66,0x66,0x96,0x69,0x66,0x66,0x69,0x96,0x66,0x69,0x99,0x96,0x69,0x66,0x69,0x66,0x66,0x66,0x96,
	0x66,0x66,0x00,0x00,0x00,0x99,0x99,0x96,0x99,0x99,0x99,0x99,0x99,0x99,0x99,0x96,0x99,0x99,0x66,0x90,0x00,0x00,0x00,0x00,
	0x00,0x00,0x00,0x00,0x00,0x06,0x99,0x99,0x99,0x66,0x69,0x39,0x99,0x99,0x39,0x99,0x69,0x99,0x99,0x99,0x99,0x69,0x69,0x96,
	0x80,0x0A,0x69,0x99,0x99,0x69,0x69,0x99,0x96,0x99,0x96,0x66,0x66,0x00,0x66,0x66,0x69,0x99,0x99,0x99,0x99,0x40,0x00,0x66,
	0x66,0x66,0x66,0x66,0x66,0x60,0x00,0x69,0x66,0x66,0x66,0x66,0x69,0x66,0x96,0x99,0x99,0x69,0x93,0x66,0x66,0x66,0x40,0x00,
	0x00,0x00,0x00,0x08,0x06,0x66,0x00,0x00,0x00,0xFF,0x0A,0x66,0x60,0x00,0x00,0x00,0x0A,0x66,0x64,0x00,0x08,0x60,0x00,0x00,
	0x60,0x00,0x00,0x00,0x00,0x66,0x66,0x60,0x00,0x00,0x00,0x00,0x96,0x00,0x00,0x00,0x00,0x00,0x00,0x00,0x66,0x66,0x66,0x99,
	0x96,0x66,0x66,0x66,0x66,0x66,0x66,0x66,0x66,0x66,0x66,0x66,0x66,0x8A,0x88,0xA8,0xA8,0x00,0x00,0x00,0x00,0x04,0x44,0x40,
	0x00,0x00,0x64,0xAA,0x80,0x00,0x00,0x8A,0x00,0x00,0x06,0x44,0x00,0x00,0x00,0x04,0x00,0x00,0x0A,0x40,0x00,0x00,0x00,0x00,
	0x04,0x44,0x44,0x66,0x00,0x00,0x00,0x00,0x60,0x00,0x00,0x00,0x00,0x00,0x00,0x00,0x00,0x00,0x00,0x00,0x44,0x44,0xA4,0xA4,
	0x00,0x00,0xAA,0xAA,0x4A,0x44,0x4A,0xA9,0x33,0x99,0x69,0x99,0x39,0x93,0x96,0x09,0x99,0x90,0x00,0xCA,0x99,0x99,0x99,0x99,
	0x99,0x99,0x99,0x99,0x99,0x99,0x93,0x66,0x99,0x99,0x99,0xA0,0x00,0x60,0x06,0x66,0x99,0x99,0x96,0x66,0x69,0x99,0x99,0x99,
	0x99,0x96,0x66,0x69,0x96,0x66,0x66,0xA0,0x66,0x66,0x66,0x99,0x99,0x66,0x60,0x00,0x00,0x99,0x99,0x99,0x99,0x99,0x99,0x99,
	0x99,0x99,0x60,0x00,0x00,0x00,0x00,0x00,0x00,0x00,0x00,0x00,0x00,0x00,0x00,0x00,0x00,0x00,0x00,0x00,0x06,0x99,0x69,0x99,
	0x99,0x69,0x99,0x99,0x99,0x99,0x99,0x99,0x99,0x99,0x99,0x99,0x99,0x99,0x99,0x99,0x99,0x99,0x90,0x00,0x99,0x99,0x99,0x99,
	0x96,0x00,0x00,0x00,0x00,0xFF,0x66,0x96,0x66,0x66,0x66,0x66,0x96,0x66,0x66,0x66,0x66,0x66,0x66,0x66,0x99,0x69,0x99,0x99,
	0x96,0x99,0x99,0x69,0x99,0x99,0x96,0x69,0x00,0x00,0x00,0x69,0x66,0x66,0x99,0x99,0x99,0x69,0x66,0x69,0x99,0x66,0x96,0x99,
	0x99,0x60,0x00,0x0A,0x00,0x00,0x00,0x00,0x00,0x00,0x00,0x00,0x96,0x99,0x99,0x66,0x99,0x69,0x99,0x99,0x99,0x99,0x99,0x99,
	0x69,0x99,0x69,0x69,0x99,0x96,0x00,0x06,0x99,0x69,0x69,0x96,0x66,0x96,0x69,0x96,0x69,0x66,0x64,0x00,0x66,0x66,0x66,0x99,
	0x69,0x99,0x93,0x90,0x00,0x66,0x66,0x66,0x66,0x66,0x66,0x66,0x00,0x66,0x66,0x66,0x66,0x66,0x69,0x69,0x99,0x99,0x99,0x66,
	0x69,0x66,0x66,0x66,0x60,0x00,0x00,0x00,0x00,0x00,0x86,0x66,0x80,0x00,0x00,0xFF,0x00,0x66,0x80,0x00,0x00,0x46,0x66,0x66,
	0x60,0x00,0x06,0x60,0x00,0x00,0x6A,0x00,0x00,0x00,0x00,0x99,0x96,0x6A,0x00,0x00,0x00,0x00,0x66,0x00,0x00,0x00,0x00,0x00,
	0x00,0x00,0x46,0x66,0x66,0x69,0x96,0x66,0x66,0x66,0x66,0x66,0x66,0x66,0x66,0x66,0x66,0x66,0x66,0x88,0x88,0xA8,0x46,0x80,
	0x00,0x00,0x00,0x00,0x4A,0xA0,0x00,0x00,0xA4,0xAA,0x80,0x00,0x00,0x88,0x00,0x00,0x0A,0x4A,0x40,0x00,0x00,0x00,0x00,0x00,
	0x00,0x44,0x80,0x00,0x00,0x00,0x00,0xA4,0x46,0x44,0x00,0x00,0x00,0x00,0x44,0xA0,0x00,0x00,0x00,0x00,0x00,0x00,0x00,0x00,
	0x00,0x04,0x44,0xA4,0x4A,0x4A,0x00,0x00,0x4A,0xA4,0xA4,0x6A,0x64,0x46,0x69,0x39,0x99,0x99,0x99,0x99,0x90,0x99,0x99,0x90,
	0x00,0xCA,0x39,0x99,0x99,0x99,0x99,0x99,0x99,0x66,0x66,0x93,0x99,0x39,0x99,0x99,0xA0,0x00,0x69,0x96,0x08,0x99,0x99,0x99,
	0x96,0x66,0x96,0x99,0x99,0x99,0x99,0x99,0x99,0x99,0x99,0x99,0x99,0x60,0x66,0x66,0x66,0x69,0x99,0x39,0x66,0x00,0x00,0x99,
	0x99,0x99,0x93,0x99,0x99,0x99,0x99,0x33,0x80,0x00,0x00,0x00,0x00,0x00,0x00,0x00,0x00,0x00,0x08,0xAA,0xA6,0xA0,0x00,0xA0,
	0x04,0x00,0x00,0x49,0x99,0x99,0x99,0x96,0x99,0x99,0x99,0x99,0x99,0x99,0x99,0x99,0x99,0x99,0x99,0x99,0x99,0x99,0x66,0x99,
	0x40,0x08,0x99,0x99,0x99,0x99,0x96,0x00,0x00,0x00,0x00,0xFF,0x66,0x66,0x66,0x99,0x69,0x66,0x66,0x66,0x69,0x66,0x66,0x69,
	0x99,0x66,0x66,0x66,0x66,0x69,0x66,0x96,0x69,0x99,0x99,0x99,0x99,0x99,0x00,0x00,0x00,0xA6,0x96,0x69,0x66,0x96,0x69,0x69,
	0x99,0x99,0x99,0x99,0x96,0x99,0x96,0x60,0x00,0x89,0x99,0x48,0x48,0xA8,0x00,0x00,0x00,0x00,0x49,0x96,0x69,0x69,0x99,0x66,
	0x99,0x99,0x99,0x99,0x99,0x99,0x96,0x99,0x99,0x99,0x96,0x9A,0x00,0xA9,0x96,0x99,0x99,0x99,0x99,0x99,0x99,0x96,0x66,0x96,
	0x6A,0x00,0x99,0x66,0x66,0x69,0x99,0x66,0x99,0x60,0x00,0x66,0x66,0x66,0x66,0x66,0x66,0x66,0x00,0x09,0x66,0x66,0x66,0x66,
	0x66,0x69,0x66,0x66,0x99,0x96,0x66,0x66,0x66,0x66,0x66,0x00,0x00,0x00,0x00,0x00,0x66,0x96,0x60,0x00,0x00,0xFF,0x00,0x4A,
	0x00,0x00,0x06,0x66,0x66,0x66,0x40,0x00,0x06,0x60,0x00,0x00,0x66,0x00,0x00,0x00,0x00,0x66,0x99,0x94,0x00,0x00,0x00,0x00,
	0x64,0x00,0x00,0x00,0x00,0x00,0x00,0x00,0x00,0x00,0x00,0x00,0x00,0x08,0x88,0x8A,0xAA,0x44,0x66,0x66,0x66,0x66,0x69,0x66,
	0x66,0x48,0x88,0x84,0x8A,0x60,0x00,0x00,0x00,0x00,0x49,0xA0,0x00,0x00,0x4A,0xAA,0x80,0x00,0x08,0x88,0x00,0x00,0x00,0x44,
	0x4A,0x00,0x00,0x00,0x00,0x00,0x00,0x64,0x46,0x80,0x00,0x00,0x00,0x00,0x44,0x44,0x00,0x00,0x00,0x00,0x04,0x44,0x00,0x00,
	0x00,0x00,0x00,0x00,0x00,0x00,0x00,0x44,0xA4,0xAA,0xA4,0x40,0x00,0x08,0xA4,0x4A,0x44,0x44,0xAA,0x69,0x66,0x99,0x39,0x99,
	0x99,0x99,0xA0,0x99,0x96,0x90,0x00,0xCA,0x99,0x99,0x99,0x39,0x99,0x99,0x99,0x99,0x69,0x69,0x96,0x63,0x99,0x40,0x00,0x49,
	0x99,0x99,0xA9,0x99,0x99,0x96,0x99,0x99,0x99,0x99,0x99,0x99,0x99,0x99,0x39,0x99,0x96,0x99,0x99,0x60,0x99,0x96,0x96,0x69,
	0x93,0x33,0x39,0x00,0x00,0x99,0x99,0x99,0x93,0x39,0x39,0x99,0x99,0x99,0x00,0x00,0x00,0x00,0x00,0x00,0x00,0xA4,0x69,0x99,
	0x93,0x99,0x98,0x00,0x06,0xA0,0x06,0x90,0x00,0x08,0x99,0x96,0x99,0x39,0x99,0x99,0x99,0x99,0x99,0x99,0x99,0x99,0x99,0x99,
	0x99,0x99,0x99,0x99,0x99,0x96,0x00,0x09,0x99,0x33,0x39,0x99,0x96,0x00,0x00,0x00,0x00,0xFF,0x66,0x66,0x66,0x66,0x69,0x66,
	0x66,0x69,0x66,0x66,0x66,0x66,0x69,0x96,0x96,0x96,0x66,0x96,0x99,0x96,0x66,0x66,0x99,0x99,0x69,0x99,0x80,0x00,0x00,0x06,
	0x69,0x99,0x66,0x99,0x96,0x96,0x99,0x96,0x99,0x96,0x99,0x99,0x99,0x60,0x00,0x49,0x99,0x99,0x99,0x69,0x96,0x00,0x00,0x00,
	0x0A,0x66,0x96,0x66,0x66,0x96,0x96,0x99,0x99,0x99,0x99,0x99,0x99,0x96,0x99,0x99,0x99,0x40,0x08,0x99,0x99,0x99,0x99,0x69,
	0x99,0x99,0x96,0x69,0x99,0x99,0x90,0x08,0x99,0x66,0x69,0x99,0x99,0x99,0x99,0x90,0x00,0x86,0x66,0x66,0x66,0x66,0x66,0x66,
	0x60,0x00,0x96,0x66,0x66,0x66,0x66,0x66,0x99,0x66,0x66,0x66,0x66,0x66,0x66,0x66,0x66,0x66,0x64,0x44,0x46,0x66,0x66,0x66,
	0x60,0x00,0x00,0xFF,0x00,0x00,0x00,0x04,0x66,0x66,0x66,0x66,0x00,0x00,0x86,0x60,0x00,0x00,0xA6,0xA0,0x00,0x00,0x00,0x66,
	0x66,0x66,0x00,0x00,0x00,0x00,0x96,0x00,0x00,0x00,0x00,0x00,0x00,0x00,0x00,0x00,0x00,0x00,0x00,0x00,0x00,0x00,0x00,0x00,
	0x00,0x00,0x66,0x66,0x66,0x66,0x64,0x8A,0x86,0x88,0x86,0x8A,0x80,0x00,0x00,0x00,0xAA,0x60,0x00,0x00,0x9A,0x88,0x88,0xA0,
	0x88,0x88,0x00,0x00,0x00,0x44,0x4A,0x48,0x00,0x00,0x00,0x00,0x00,0x0A,0x44,0x46,0x80,0x00,0x00,0x00,0x00,0x4A,0x80,0x00,
	0x00,0x00,0x00,0x64,0x4A,0xA8,0x00,0x00,0x00,0x00,0x00,0x0A,0x64,0x44,0x44,0x44,0xA4,0x40,0x00,0x06,0x46,0x44,0x44,0xA4,
	0x44,0x69,0x99,0x99,0x39,0x99,0x99,0x96,0x03,0x99,0x99,0x90,0x00,0xCA,0x99,0x99,0x99,0x99,0x99,0x99,0x99,0x99,0x99,0x99,
	0x33,0x6A,0x00,0x00,0x69,0x33,0x39,0x99,0x99,0x99,0x99,0x99,0x99,0x99,0x99,0x99,0x99,0x99,0x99,0x99,0x99,0x69,0x99,0x99,
	0x99,0x90,0x99,0x99,0x99,0x96,0x99,0x99,0x93,0x60,0x00,0x99,0x33,0x33,0x99,0x99,0x39,0x99,0x99,0x99,0x90,0x00,0x00,0x00,
	0x06,0x93,0x99,0x33,0x93,0x99,0x99,0x39,0x80,0x00,0x99,0x40,0x06,0x99,0x90,0x00,0x04,0x99,0x96,0x99,0x99,0x93,0x99,0x33,
	0x99,0x99,0x99,0x99,0x99,0x99,0x99,0x99,0x99,0x39,0x99,0x60,0x00,0x99,0x99,0x99,0x39,0x99,0x96,0x00,0x00,0x00,0x00,0xFF,
	0x96,0x96,0x66,0x66,0x66,0x69,0x66,0x99,0x66,0x66,0x96,0x69,0x66,0x96,0x99,0x66,0x96,0x96,0x96,0x99,0x66,0x66,0x69,0x66,
	0x99,0x99,0x60,0x00,0x00,0x00,0x99,0x96,0x66,0x99,0x69,0x66,0x66,0x96,0x69,0x69,0x69,0x99,0x69,0x00,0x00,0x69,0x96,0x99,
	0x96,0x69,0x96,0x90,0x00,0x00,0x00,0x06,0x99,0x96,0x69,0x96,0x66,0x69,0x99,0x99,0x69,0x99,0x99,0x99,0x99,0x99,0x96,0x00,
	0x09,0x99,0x99,0x99,0x99,0x99,0x99,0x99,0x99,0x99,0x99,0x99,0x40,0x06,0x99,0x99,0x69,0x66,0x99,0x66,0x69,0x60,0x00,0x06,
	0x66,0x66,0x66,0x66,0x66,0x66,0x6A,0x00,0x46,0x66,0x66,0x66,0x69,0x69,0x39,0x99,0x39,0x99,0x99,0x96,0x66,0x66,0x66,0x66,
	0x66,0x66,0x66,0x66,0x66,0x66,0x60,0x00,0x00,0xFF,0x00,0x00,0x00,0x06,0x66,0x66,0x66,0x60,0x00,0x00,0x66,0x60,0x00,0x00,
	0x09,0x60,0x00,0x00,0x00,0x66,0x69,0x66,0x00,0x00,0x00,0x00,0x99,0x60,0x00,0x00,0x00,0x00,0x00,0x00,0x00,0x00,0x00,0x00,
	0x00,0x00,0x00,0x00,0x00,0x00,0x00,0x00,0x66,0x66,0x66,0x66,0x64,0xA8,0x84,0x88,0x48,0x8A,0x40,0x00,0x00,0x00,0x04,0x4A,
	0x00,0x00,0x0A,0x88,0x88,0x88,0x88,0x80,0x00,0x00,0x00,0x00,0x00,0x00,0x00,0x00,0x00,0x00,0x00,0x0A,0xAA,0x44,0x46,0x00,
	0x00,0x00,0x00,0x8A,0x40,0x00,0x00,0x00,0x00,0xA4,0x44,0x6A,0x46,0x88,0x00,0x88,0x66,0x44,0xA4,0x44,0x44,0xA4,0xA4,0x80,
	0x00,0x04,0x44,0x4A,0xA4,0xAA,0x44,0x63,0x99,0x99,0x99,0x99,0x99,0x90,0x49,0x99,0x99,0x90,0x00,0xCA,0x99,0x99,0x99,0x99,
	0x99,0x99,0x99,0x99,0x99,0x99,0x96,0x00,0x00,0xA3,0x39,0x33,0x33,0x99,0x99,0x99,0x99,0x99,0x99,0x99,0x99,0x99,0x99,0x99,
	0x99,0x99,0x99,0x99,0x99,0x99,0x99,0x90,0x96,0x99,0x96,0x66,0x99,0x99,0x99,0x90,0x00,0x99,0x99,0x99,0x99,0x33,0x39,0x99,
	0x39,0x99,0x9A,0x00,0x0A,0x99,0x99,0x69,0x99,0x39,0x93,0x33,0x99,0x38,0x00,0x09,0x99,0x40,0x06,0x99,0x99,0x00,0x00,0x49,
	0x96,0x66,0x96,0x69,0x96,0x69,0x99,0x93,0x99,0x99,0x99,0x99,0x39,0x99,0x99,0x99,0x99,0x40,0x0A,0x69,0x99,0x99,0x99,0x99,
	0x96,0x00,0x00,0x00,0x00,0xFF,0x66,0x66,0x66,0x66,0x99,0x66,0x66,0x96,0x66,0x96,0x66,0x99,0x96,0x96,0x69,0x69,0x99,0x99,
	0x69,0x96,0x69,0x66,0x66,0x99,0x99,0x66,0x94,0x00,0x00,0x00,0x66,0x99,0x96,0x69,0x69,0x99,0x69,0x99,0x99,0x69,0x66,0x96,
	0x69,0x00,0x00,0x99,0x99,0x66,0x99,0x69,0x99,0x69,0x60,0x00,0x00,0x00,0x06,0x99,0x66,0x96,0x99,0x69,0x99,0x66,0x99,0x99,
	0x96,0x99,0x99,0x99,0x60,0x00,0x49,0x99,0x99,0x99,0x99,0x99,0x99,0x99,0x99,0x99,0x99,0x96,0x00,0x89,0x99,0x96,0x93,0x96,
	0x66,0x66,0x69,0x60,0x00,0x08,0x66,0x66,0x66,0x66,0x66,0x66,0x99,0x00,0x06,0x66,0x66,0x66,0x66,0x66,0x69,0x99,0x99,0x99,
	0x99,0x96,0x66,0x66,0x66,0x96,0x66,0x66,0x66,0x66,0x66,0x66,0x66,0x00,0x00,0xFF,0x00,0x00,0x00,0x66,0x66,0x66,0x66,0x00,
	0x00,0x06,0x66,0x60,0x00,0x00,0x06,0x6A,0x00,0x00,0x00,0xA6,0x69,0x96,0x00,0x00,0x00,0x00,0x66,0x66,0x66,0x66,0x64,0x60,
	0x00,0x06,0x66,0x66,0xAA,0x80,0x00,0x00,0x00,0x00,0x00,0x00,0x00,0x00,0x66,0x66,0x66,0x66,0x68,0x6A,0x86,0x88,0xAA,0x68,
	0x86,0x00,0x00,0x00,0x06,0x44,0x00,0x00,0x06,0x88,0x88,0x88,0x88,0x00,0x00,0x00,0x00,0x00,0x00,0x00,0x00,0x00,0x00,0x00,
	0x00,0x00,0x4A,0x44,0x44,0x44,0x00,0x00,0x00,0x00,0x4A,0x00,0x00,0x00,0x00,0x04,0x64,0x4A,0x44,0x46,0x44,0x4A,0xA6,0x64,
	0xA4,0x4A,0x4A,0x44,0x44,0x00,0x00,0x44,0xA6,0x44,0x44,0x44,0x44,0x99,0x39,0x93,0x99,0x99,0x99,0x90,0x99,0x99,0x99,0x90,
	0x00,0xCA,0x99,0x99,0x99,0x99,0x99,0x99,0x99,0x99,0x99,0x99,0x99,0xAA,0x99,0x99,0x99,0x33,0x33,0x99,0x99,0x99,0x99,0x99,
	0x99,0x99,0x99,0x99,0x99,0x99,0x99,0x99,0x33,0x99,0x99,0x99,0x99,0x90,0x99,0x99,0x99,0x96,0x99,0x93,0x39,0x99,0x00,0xA3,
	0x99,0x99,0x33,0x99,0x33,0x99,0x99,0x99,0x93,0x99,0x99,0x99,0x99,0x99,0x99,0x93,0x93,0x39,0x39,0x00,0x00,0x99,0x99,0x60,
	0x09,0x99,0x99,0x96,0x00,0x00,0x99,0x66,0x66,0x66,0x93,0x99,0x99,0x99,0x99,0x33,0x33,0x99,0x99,0x99,0x99,0x99,0x99,0x00,
	0x09,0x96,0x99,0x99,0x39,0x99,0x96,0x00,0x00,0x00,0x00,0xFF,0x66,0x69,0x66,0x96,0x66,0x96,0x66,0x96,0x66,0x69,0x96,0x69,
	0x99,0x66,0x69,0x66,0x66,0x60,0x00,0x00,0x96,0x66,0x66,0x99,0x99,0x69,0x69,0x00,0x00,0x00,0x09,0x66,0x66,0x69,0x69,0x96,
	0x69,0x69,0x99,0x66,0x99,0x69,0x66,0x00,0x00,0x99,0x99,0x99,0x99,0x99,0x99,0x99,0x96,0x00,0x00,0x00,0x00,0x86,0x96,0x69,
	0x69,0x69,0x96,0x99,0x99,0x99,0x99,0x99,0x96,0x99,0x00,0x00,0x99,0x69,0x99,0x99,0x99,0x99,0x99,0x99,0x99,0x99,0x99,0x90,
	0x00,0x99,0x99,0x99,0x96,0x66,0x66,0x96,0x69,0x60,0x00,0x00,0x66,0x66,0x66,0x66,0x66,0x66,0x99,0x80,0x08,0x66,0x66,0x66,
	0x66,0x66,0x99,0x99,0x99,0x99,0x99,0x96,0x66,0x66,0x66,0x96,0x66,0x66,0x66,0x66,0x66,0x64,0x66,0x00,0x00,0xFF,0x00,0x00,
	0x00,0x66,0x66,0x66,0x60,0x00,0x00,0xA6,0x66,0x60,0x00,0x00,0x09,0x66,0x00,0x00,0x00,0xA9,0x96,0x99,0xA0,0x00,0x00,0x00,
	0x46,0x66,0x66,0x66,0x66,0x60,0x00,0x06,0x66,0x69,0x69,0x69,0x96,0x66,0x66,0x66,0x66,0x64,0x88,0xA6,0x66,0x66,0x66,0x66,
	0x68,0x88,0x66,0x68,0x64,0x64,0x88,0xA0,0x00,0x00,0x04,0x46,0x00,0x00,0x0A,0x88,0x88,0x88,0x80,0x00,0x00,0x00,0x00,0x00,
	0x00,0x00,0x00,0x00,0x00,0x00,0x00,0x00,0x44,0x44,0x4A,0x00,0x00,0x00,0x00,0x0A,0x66,0x00,0x00,0x00,0x00,0x00,0x44,0x44,
	0x44,0x6A,0x44,0x44,0x66,0x44,0x44,0xA4,0x4A,0x44,0x6A,0x00,0x0A,0x44,0x44,0xA6,0xAA,0xAA,0xAA,0x99,0x99,0x99,0x99,0x93,
	0x99,0x06,0x99,0x99,0x99,0x90,0x00,0xCA,0x99,0x99,0x99,0x99,0x99,0x99,0x99,0x99,0x99,0x99,0x99,0x96,0x99,0x99,0x99,0x33,
	0x33,0x39,0x99,0x99,0x99,0x99,0x99,0x99,0x99,0x99,0x99,0x99,0x99,0x39,0x99,0x99,0x99,0x99,0x99,0x9A,0x69,0x99,0x99,0x99,
	0x99,0x33,0x39,0x93,0x00,0x09,0x99,0x99,0x99,0x99,0x93,0x99,0x99,0x39,0x93,0x39,0x99,0x99,0x99,0x99,0x99,0x99,0x93,0x39,
	0x60,0x00,0x09,0x99,0x99,0x60,0x06,0x99,0x99,0x99,0x90,0x00,0x09,0x99,0x99,0x99,0x99,0x99,0x99,0x66,0x69,0x99,0x99,0x99,
	0x99,0x99,0x99,0x99,0x90,0x00,0x69,0x99,0x69,0x99,0x93,0x99,0x96,0x00,0x00,0x00,0x00,0xFF,0x66,0x69,0x96,0x66,0x66,0x66,
	0x66,0x66,0x66,0x96,0x66,0x96,0x69,0x66,0x66,0x66,0x69,0x60,0x00,0x00,0x66,0x66,0x66,0x69,0x99,0x99,0x96,0x40,0x00,0x00,
	0x06,0x66,0x96,0x96,0x99,0x69,0x69,0x96,0x96,0x99,0x96,0x96,0x68,0x00,0x06,0x69,0x99,0x99,0x69,0x69,0x99,0x99,0x99,0x94,
	0x00,0x00,0x00,0x00,0x84,0x69,0x99,0x99,0x99,0x99,0x99,0x99,0x99,0x66,0x96,0x00,0x00,0x00,0x89,0x99,0x99,0x99,0x99,0x99,
	0x99,0x99,0x99,0x99,0x99,0x00,0x06,0x99,0x99,0x66,0x66,0x96,0x66,0x66,0x66,0x60,0x00,0x00,0x66,0x66,0x66,0x66,0x66,0x69,
	0x99,0x40,0x00,0x66,0x66,0x66,0x66,0x96,0x99,0x99,0x99,0x99,0x99,0x99,0x66,0x66,0x66,0x69,0x66,0x66,0x66,0x66,0x66,0x64,
	0x66,0x80,0x00,0xFF,0x00,0x00,0x00,0x06,0x66,0x66,0x00,0x00,0x00,0x66,0x66,0x60,0x00,0x00,0x06,0x69,0xA0,0x00,0x00,0x09,
	0x99,0x69,0x60,0x00,0x00,0x00,0xA6,0x66,0x66,0x66,0x66,0x60,0x00,0x06,0x66,0x96,0x66,0x66,0x96,0x66,0x66,0x66,0x66,0x66,
	0x66,0x66,0x66,0x66,0x66,0x66,0x60,0xAA,0xA6,0x48,0x68,0x88,0x48,0xA0,0x00,0x00,0x00,0x44,0x00,0x00,0x08,0x8A,0x88,0x88,
	0x8A,0x00,0x00,0x00,0x00,0x00,0x00,0x00,0x00,0x00,0x00,0x00,0x00,0x00,0x04,0x00,0x00,0x00,0x00,0x00,0x00,0x00,0x00,0x00,
	0x00,0x00,0x00,0x00,0x04,0x4A,0x44,0x6A,0xA4,0x4A,0x4A,0xA4,0x44,0x6A,0xA4,0x4A,0x40,0x00,0x06,0x44,0x4A,0xA4,0xA4,0x4A,
	0xAA,0x99,0x99,0x99,0x99,0x99,0x99,0x09,0x99,0x99,0x33,0x90,0x00,0xCA,0x99,0x99,0x99,0x99,0x99,0x99,0x99,0x99,0x99,0x99,
	0x99,0x99,0x99,0x99,0x99,0x33,0x33,0x33,0x39,0x99,0x99,0x99,0x99,0x99,0x99,0x99,0x99,0x99,0x99,0x39,0x99,0x99,0x99,0x99,
	0x99,0x96,0x49,0x39,0x99,0x39,0x99,0x33,0x39,0x99,0xA0,0x08,0x99,0x99,0x99,0x99,0x99,0x99,0x99,0x39,0x93,0x33,0x33,0x99,
	0x93,0x99,0x99,0x39,0x99,0x33,0x00,0x00,0x99,0x99,0x96,0x90,0x06,0x93,0x99,0x99,0x99,0x00,0x00,0x99,0x99,0x99,0x99,0x99,
	0x99,0x99,0x66,0x99,0x93,0x93,0x39,0x99,0x99,0x99,0x80,0x00,0x99,0x99,0x99,0x93,0x33,0x33,0x96,0x00,0x00,0x00,0x00,0xFF,
	0x69,0x66,0x66,0x69,0x66,0x96,0x66,0x69,0x66,0x66,0x69,0x69,0x96,0x99,0x99,0x69,0x99,0x80,0x00,0x00,0x00,0x00,0x66,0x66,
	0x96,0x69,0x66,0x60,0x00,0x00,0x00,0x46,0x99,0x99,0x99,0x66,0x96,0x99,0x66,0x99,0x96,0x69,0x40,0x00,0x06,0x99,0x96,0x99,
	0x99,0x99,0x99,0x99,0x99,0x69,0x96,0x80,0x00,0x00,0x00,0x00,0x00,0xAA,0x69,0x66,0x6A,0x4A,0x88,0x00,0x00,0x00,0x00,0x00,
	0x00,0xA9,0x99,0x99,0x99,0x99,0x93,0x99,0x99,0x99,0x9A,0x00,0x09,0x99,0x96,0x99,0x99,0x99,0x93,0x66,0x66,0x60,0x00,0x00,
	0x06,0x66,0x66,0x66,0x69,0x69,0x99,0x90,0x00,0x66,0x66,0x66,0x66,0x66,0x99,0x99,0x99,0x99,0x99,0x99,0x66,0x66,0x66,0x69,
	0x66,0x66,0x66,0x66,0x66,0x66,0x46,0x60,0x00,0xFF,0x00,0x00,0x00,0x00,0x86,0x00,0x00,0x00,0x06,0x66,0x66,0x60,0x00,0x00,
	0x06,0x96,0x60,0x00,0x00,0x09,0x99,0x99,0x90,0x00,0x00,0x00,0x46,0x66,0x66,0x66,0x66,0x60,0x00,0x06,0x99,0x66,0x69,0x69,
	0x96,0x66,0x66,0x66,0x66,0x66,0x66,0x66,0x66,0x66,0x66,0x66,0x68,0x84,0x68,0x48,0x84,0xA0,0x8A,0x64,0x00,0x00,0x00,0x46,
	0x00,0x00,0x00,0xA8,0x88,0xA0,0x88,0x4A,0xA0,0x00,0x00,0x00,0x00,0x00,0x00,0x00,0x04,0x4A,0x00,0x00,0x00,0x00,0x00,0x00,
	0x00,0x00,0x00,0x00,0x00,0x00,0x00,0x00,0x00,0x00,0x00,0x44,0xA4,0x46,0xA4,0xAA,0x44,0xA4,0x44,0xA4,0x44,0xA4,0x00,0x00,
	0x6A,0x64,0x4A,0x4A,0x4A,0xAA,0xAA,0x99,0x99,0x99,0x99,0x99,0x9A,0x09,0x99,0x99,0x99,0x90,0x00,0xCA,0x99,0x99,0x99,0x99,
	0x99,0x99,0x99,0x99,0x99,0x93,0x99,0x99,0x99,0x99,0x99,0x33,0x39,0x99,0x99,0x99,0x99,0x99,0x99,0x99,0x99,0x99,0x99,0x99,
	0x99,0x99,0x99,0x99,0x99,0x99,0x99,0x96,0x43,0x69,0x39,0x99,0x99,0x33,0x33,0x39,0x90,0x00,0x49,0x99,0x99,0x99,0x33,0x99,
	0x99,0x39,0x99,0x99,0x99,0x33,0x99,0x99,0x99,0x99,0x33,0x00,0x00,0x49,0x99,0x99,0x99,0x90,0x06,0x99,0x99,0x99,0x99,0x94,
	0x00,0x09,0x99,0x99,0x99,0x99,0x99,0x99,0x96,0x69,0x99,0x93,0x99,0x99,0x99,0x99,0x00,0x09,0x99,0x99,0x99,0x99,0x99,0x39,
	0x96,0x00,0x00,0x00,0x00,0xFF,0x66,0x66,0x66,0x66,0x66,0x66,0x66,0x66,0x66,0x66,0x66,0x66,0x99,0x96,0x96,0x69,0x69,0x00,
	0x00,0x00,0x00,0x00,0x04,0x69,0x69,0x96,0x69,0x90,0x00,0x00,0x00,0x04,0x96,0x69,0x99,0x99,0x69,0x96,0x66,0x99,0x69,0x66,
	0x00,0x00,0x96,0x96,0x96,0x99,0x99,0x99,0x99,0x99,0x99,0x96,0x99,0x69,0x66,0x40,0x00,0x00,0x00,0x00,0x00,0x00,0x00,0x00,
	0x00,0x00,0x00,0x00,0x00,0x00,0x00,0x00,0x86,0x99,0x99,0x99,0x99,0x99,0x99,0x99,0x00,0x00,0x00,0x49,0x99,0x99,0x99,0x99,
	0x96,0x96,0x66,0x60,0x00,0x00,0x06,0x66,0x66,0x66,0x66,0x99,0x99,0x90,0x00,0x86,0x66,0x66,0x66,0x66,0x69,0x99,0x99,0x99,
	0x99,0x99,0x66,0x66,0x66,0x69,0x66,0x66,0x96,0x66,0x66,0x66,0x46,0x60,0x00,0xFF,0x60,0x00,0x00,0x00,0x00,0x00,0x00,0x08,
	0x66,0x66,0x66,0x60,0x00,0x00,0x06,0x69,0x60,0x00,0x00,0x09,0x99,0x99,0x90,0x00,0x00,0x00,0x66,0x66,0x66,0x66,0x66,0x60,
	0x00,0x06,0x69,0x69,0x66,0x69,0x96,0x66,0x66,0x66,0x66,0x66,0x66,0x66,0x66,0x66,0x66,0x66,0x68,0x88,0x08,0x88,0x86,0x80,
	0x88,0x6A,0x00,0x00,0x00,0x96,0x00,0x00,0x0A,0x66,0xA4,0x00,0x08,0xA8,0x8A,0xA0,0x00,0x00,0x44,0xA8,0x44,0x4A,0x48,0x00,
	0x00,0x00,0x00,0x00,0x00,0x00,0x00,0x00,0x00,0x00,0x00,0x00,0x00,0x00,0x00,0x00,0x00,0x04,0x44,0x6A,0x44,0x64,0x4A,0x44,
	0x4A,0xA4,0x4A,0x60,0x00,0x08,0x44,0x44,0xAA,0xAA,0x4A,0xA4,0x44,0x99,0x99,0x99,0x99,0x99,0x90,0x99,0x99,0x99,0x99,0x90,
	0x00,0xCA,0x99,0x99,0x99,0x99,0x99,0x99,0x99,0x99,0x99,0x99,0x99,0x99,0x99,0x99,0x99,0x99,0x99,0x99,0x99,0x99,0x99,0x99,
	0x99,0x99,0x33,0x99,0x99,0x99,0x99,0x99,0x99,0x99,0x99,0x99,0x96,0x66,0xA9,0x99,0x33,0x99,0x99,0x93,0x33,0x99,0x99,0x00,
	0x09,0x99,0x39,0x99,0x99,0x96,0x99,0x99,0x99,0x99,0x99,0x99,0x99,0x99,0x99,0x99,0x30,0x00,0x00,0x99,0x99,0x99,0x99,0x90,
	0x0A,0x99,0x99,0x93,0x99,0x99,0x00,0x00,0x69,0x99,0x99,0x99,0x99,0x99,0x99,0x66,0x66,0x69,0x99,0x99,0x99,0x90,0x00,0x99,
	0x99,0x93,0x99,0x99,0x99,0x39,0x96,0x00,0x00,0x00,0x00,0xFF,0x66,0x66,0x66,0x69,0x96,0x66,0x66,0x66,0x9A,0xA8,0x88,0xA6,
	0x6A,0xAA,0xAA,0x96,0x99,0x00,0x00,0x00,0x00,0x00,0x00,0x69,0x66,0x99,0x66,0x99,0x80,0x00,0x00,0x00,0x89,0x96,0x66,0x99,
	0x96,0x66,0x99,0x66,0x99,0x40,0x00,0x09,0x99,0x96,0x96,0x99,0x99,0x99,0x99,0x99,0x99,0x99,0x96,0x96,0x96,0x96,0x66,0xA0,
	0x00,0x00,0x00,0x00,0x00,0x00,0x00,0x00,0x00,0x00,0x00,0x00,0x00,0x00,0x00,0x0A,0x69,0x99,0x99,0x99,0x96,0xA0,0x00,0x00,
	0x00,0x00,0x99,0x99,0x96,0x69,0x96,0x66,0x66,0x60,0x00,0x00,0x00,0x66,0x66,0x66,0x66,0x99,0x99,0x90,0x00,0xA6,0x96,0x66,
	0x66,0x66,0x69,0x99,0x99,0x99,0x99,0x99,0x96,0x66,0x66,0x69,0x66,0x66,0x96,0x69,0x66,0x66,0x66,0x60,0x00,0xFF,0x68,0x00,
	0x00,0x00,0x00,0x00,0x00,0x86,0x66,0x66,0x66,0x6A,0x08,0x08,0x09,0x99,0x60,0x00,0x00,0x09,0x69,0x96,0x68,0x00,0x00,0x08,
	0x66,0x66,0x66,0x66,0x66,0x60,0x00,0x06,0x66,0x69,0x66,0x69,0x96,0x66,0x66,0x66,0x66,0x66,0x66,0x66,0x66,0x66,0x66,0x66,
	0xA6,0x6A,0x08,0x88,0xA8,0x80,0x88,0xA6,0x90,0x00,0x09,0x94,0x80,0x00,0x04,0x86,0x60,0x00,0x08,0x88,0x88,0x80,0x00,0x00,
	0xA4,0x4A,0x4A,0x6A,0xA0,0x00,0x00,0x00,0x00,0x00,0x00,0x00,0x00,0xA0,0x00,0x00,0x00,0x00,0x00,0x00,0x00,0x00,0x00,0x00,
	0x46,0x64,0xA4,0x4A,0xAA,0xAA,0x44,0x44,0x4A,0x00,0x00,0x84,0xA4,0x4A,0xA4,0x4A,0x44,0xA4,0x44,0x99,0x99,0x99,0x99,0x99,
	0x90,0x99,0x99,0x93,0x39,0x90,0x00,0xCA,0x99,0x99,0x99,0x99,0x99,0x99,0x99,0x99,0x99,0x99,0x99,0x99,0x99,0x99,0x96,0x66,
	0x99,0x39,0x99,0x99,0x99,0x99,0x99,0x99,0x99,0x99,0x99,0x39,0x99,0x99,0x99,0x99,0x99,0x99,0x99,0x66,0xA6,0x99,0x93,0x99,
	0x99,0x93,0x39,0x99,0x99,0x00,0x08,0x99,0x93,0x33,0x99,0x39,0x69,0x99,0x39,0x99,0x99,0x99,0x99,0x99,0x99,0x96,0x00,0x00,
	0x09,0x93,0x99,0x99,0x99,0x90,0x08,0x99,0x99,0x99,0x39,0x99,0x98,0x00,0x09,0x99,0x99,0x99,0x99,0x99,0x99,0x99,0x69,0x99,
	0x39,0x99,0x99,0x00,0x0A,0x39,0x99,0x99,0x99,0x99,0x99,0x99,0x96,0x00,0x00,0x00,0x00,0xFF,0x66,0x69,0x66,0x69,0x96,0x69,
	0x66,0x66,0x00,0x00,0x00,0x89,0x60,0x00,0x00,0x69,0x66,0x00,0x00,0x00,0x00,0x00,0x00,0x09,0x96,0x99,0x96,0x69,0x96,0x60,
	0x00,0x00,0x00,0x04,0x99,0x69,0x69,0x69,0x99,0x96,0x40,0x00,0x00,0x66,0x99,0x69,0x69,0x99,0x66,0x99,0x69,0x69,0x99,0x96,
	0x96,0x99,0x99,0x66,0x96,0x96,0x99,0x99,0x66,0x66,0x66,0x64,0xAA,0xA6,0x69,0x99,0x00,0x00,0x00,0x00,0x00,0x00,0x00,0x00,
	0x00,0x00,0x00,0x00,0x00,0x00,0x00,0x00,0x00,0x69,0x99,0x99,0x99,0x66,0x66,0x00,0x00,0x00,0x00,0x06,0x66,0x66,0x69,0x99,
	0x99,0x90,0x00,0xA6,0x66,0x66,0x66,0x66,0x66,0x99,0x99,0x99,0x99,0x99,0x99,0x66,0x99,0x69,0x66,0x66,0x66,0x66,0x66,0x66,
	0x66,0x60,0x00,0xFF,0x66,0x00,0x00,0x00,0x00,0x00,0x06,0x66,0x66,0x66,0x66,0x66,0x60,0x00,0x66,0x69,0x99,0x00,0x04,0x96,
	0x99,0x66,0x66,0x80,0x00,0x46,0x66,0x66,0x66,0x66,0x66,0x60,0x00,0x06,0x99,0x69,0x69,0x96,0x96,0x66,0x66,0x66,0x66,0x66,
	0x66,0x99,0x99,0x99,0x99,0x96,0x60,0x66,0x68,0x08,0x60,0x60,0x86,0x64,0x99,0xA0,0x99,0x96,0x60,0x00,0x88,0xA8,0x80,0x00,
	0x00,0xA8,0xAA,0x88,0xA0,0x84,0xAA,0x4A,0x44,0x44,0x00,0x00,0x00,0x00,0x00,0x00,0xA8,0x44,0x4A,0x44,0x80,0x00,0x00,0x00,
	0x00,0x00,0x00,0x00,0x00,0x00,0x00,0x4A,0x44,0xAA,0x44,0x44,0xA4,0xA4,0x00,0x00,0x00,0x4A,0x44,0xA6,0x4A,0xA4,0x44,0x4A,
	0x46,0x99,0x99,0x99,0x99,0x99,0x40,0x99,0x99,0x99,0x99,0x90,0x00,0xCA,0x99,0x99,0x99,0x99,0x99,0x99,0x99,0x99,0x99,0x99,
	0x99,0x99,0x99,0x00,0x99,0x99,0x99,0x99,0x99,0x99,0x99,0x99,0x99,0x99,0x99,0x99,0x96,0x99,0x99,0x99,0x99,0x99,0x99,0x99,
	0x99,0x96,0x66,0x66,0x69,0x99,0x99,0x99,0x33,0x33,0x99,0x90,0x00,0x09,0x99,0x39,0x99,0x99,0x96,0x99,0x93,0x99,0x99,0x99,
	0x99,0x99,0x99,0x00,0x00,0x00,0x33,0x99,0x99,0x99,0x99,0x90,0x00,0x99,0x99,0x99,0x99,0x99,0x99,0x40,0x00,0xA9,0x99,0x99,
	0x99,0x99,0x99,0x99,0x99,0x99,0x99,0x99,0x90,0x00,0x49,0x99,0x99,0x99,0x99,0x99,0x99,0x99,0x36,0x00,0x00,0x00,0x00,0xFF,
	0x66,0x66,0x66,0x66,0x66,0x66,0x66,0x40,0x00,0x00,0x00,0x86,0x00,0x00,0x00,0x66,0x66,0x00,0x00,0x00,0x00,0x00,0x00,0x04,
	0x99,0x99,0x99,0x96,0x99,0x99,0xA8,0x00,0x00,0x00,0x00,0x08,0x08,0xA0,0x00,0x00,0x00,0x00,0xA9,0x99,0x99,0x99,0x99,0x96,
	0x99,0x99,0x99,0x69,0x99,0x99,0x96,0x66,0x99,0x99,0x69,0x99,0x99,0x99,0x99,0x66,0x96,0x99,0x99,0x69,0x69,0x99,0x60,0x00,
	0x00,0x00,0x00,0x00,0x00,0x00,0x00,0x00,0x00,0x00,0x00,0x00,0x00,0x00,0x00,0x00,0x89,0x99,0x99,0x66,0x64,0x00,0x00,0x00,
	0x00,0x00,0x66,0x66,0x69,0x99,0x99,0x60,0x00,0x49,0x66,0x66,0x66,0x66,0x66,0x69,0x99,0x99,0x99,0x99,0x96,0x69,0x66,0x66,
	0x96,0x66,0x66,0x66,0x69,0x66,0x66,0x60,0x00,0xFF,0x66,0x80,0x00,0x00,0x00,0x06,0x66,0x66,0x66,0x66,0x66,0x66,0x66,0x66,
	0x96,0x69,0x69,0x99,0x69,0x99,0x66,0x66,0x66,0x66,0x66,0x66,0x66,0x66,0x66,0x66,0x66,0x60,0x00,0x06,0x99,0x99,0x99,0x99,
	0x66,0x66,0x66,0x66,0x66,0x66,0x99,0x99,0x99,0x99,0x99,0x99,0x88,0x08,0x84,0x6A,0xA8,0x80,0x88,0x88,0xAA,0x99,0x66,0x96,
	0x46,0xA8,0x88,0xA8,0x00,0x00,0x00,0x8A,0x8A,0x88,0x86,0x4A,0xA4,0x44,0x44,0x40,0x00,0x00,0x00,0x00,0x88,0x64,0x4A,0xA4,
	0x4A,0x4A,0xA4,0x44,0x44,0x44,0xA4,0x80,0x00,0x00,0x00,0x00,0x00,0x00,0x84,0x44,0x44,0x44,0x6A,0x00,0x00,0x00,0x04,0x4A,
	0xA4,0x64,0x44,0x4A,0x44,0x44,0x46,0x99,0x99,0x99,0x99,0x99,0x0A,0x99,0x39,0x99,0x39,0x90,0x00,0xCA,0x99,0x99,0x99,0x99,
	0x99,0x99,0x33,0x99,0x99,0x99,0x99,0x99,0x99,0x00,0x99,0x99,0x99,0x99,0x99,0x99,0x99,0x99,0x99,0x99,0x99,0x99,0x99,0x99,
	0x99,0x99,0x99,0x99,0x99,0x99,0x99,0x94,0x69,0x66,0x69,0x39,0x99,0x99,0x33,0x33,0x99,0x99,0x00,0x00,0x39,0x33,0x99,0x99,
	0x39,0x99,0x99,0x99,0x99,0x99,0x99,0x99,0x90,0x00,0x00,0x00,0x39,0x99,0x99,0x99,0x99,0x90,0x00,0x99,0x99,0x99,0x99,0x99,
	0x99,0x96,0x00,0x0A,0x99,0x99,0x99,0x99,0x99,0x99,0x99,0x99,0x99,0x99,0x00,0x00,0x99,0x99,0x99,0x99,0x99,0x99,0x39,0x33,
	0x36,0x00,0x00,0x00,0x00,0xFF,0x66,0x66,0x99,0x66,0x66,0x66,0x60,0x00,0x00,0x00,0x00,0x66,0x00,0x00,0x00,0x66,0x96,0x00,
	0x00,0x00,0x6A,0x00,0x00,0x00,0x66,0x69,0x99,0x66,0x66,0x99,0x69,0x40,0x00,0x00,0x00,0x00,0x00,0x00,0x00,0x00,0x00,0x66,
	0x99,0x99,0x66,0x66,0x66,0x99,0x66,0x96,0x69,0x69,0x99,0x96,0x69,0x96,0x99,0x99,0x69,0x99,0x99,0x99,0x69,0x99,0x96,0x69,
	0x99,0x99,0x99,0x99,0x99,0x99,0xA0,0x00,0x00,0x00,0x00,0x00,0x00,0x00,0xA6,0x99,0x99,0x00,0x00,0x00,0x00,0x00,0x00,0x00,
	0xA0,0x06,0xA0,0x00,0x00,0x00,0x00,0x00,0x06,0x66,0x99,0x99,0x99,0x00,0x00,0x69,0x66,0x66,0x66,0x66,0x66,0x69,0x99,0x99,
	0x99,0x99,0x96,0x69,0x66,0x66,0x96,0x66,0x66,0x96,0x66,0x66,0x66,0x60,0x00,0xFF,0x66,0x96,0x80,0x08,0x66,0x66,0x66,0x66,
	0x66,0x66,0x66,0x66,0x66,0x66,0x66,0x99,0x96,0x69,0x96,0x96,0x66,0x66,0x66,0x66,0x66,0x66,0x66,0x66,0x66,0x66,0x66,0x60,
	0x00,0x06,0x66,0x99,0x66,0x69,0x66,0x66,0x66,0x66,0x66,0x66,0x99,0x99,0x99,0x99,0x96,0x99,0x44,0x00,0x00,0x00,0x00,0x80,
	0x96,0x6A,0x99,0x96,0x96,0x86,0x66,0x46,0xAA,0xAA,0xA0,0x00,0x00,0x48,0xA8,0x88,0x8A,0x44,0x44,0x44,0x44,0x44,0x00,0x08,
	0x44,0x4A,0x44,0x44,0x64,0x44,0xAA,0x44,0x44,0xAA,0xAA,0xA4,0x4A,0x44,0x64,0x44,0xA0,0x00,0x00,0x00,0x00,0x00,0x00,0x00,
	0x00,0x00,0x00,0x00,0x4A,0x44,0x4A,0xA4,0x44,0x44,0x44,0x44,0xA9,0x99,0x99,0x99,0x33,0x99,0x04,0x93,0x99,0x99,0x93,0x90,
	0x00,0xCA,0x39,0x33,0x99,0x99,0x93,0x99,0x93,0x33,0x39,0x33,0x39,0x99,0x99,0x40,0xA9,0x39,0x99,0x99,0x99,0x99,0x99,0x99,
	0x93,0x99,0x99,0x99,0x99,0x99,0x99,0x99,0x93,0x99,0x99,0x99,0x99,0x90,0x69,0x99,0x66,0x93,0x69,0x99,0x93,0x33,0x93,0x99,
	0x90,0x00,0x09,0x99,0x99,0x99,0x99,0x99,0x99,0x93,0x99,0x99,0x39,0x99,0x90,0x00,0x00,0x09,0x99,0x99,0x99,0x99,0x99,0x90,
	0x00,0x99,0x93,0x99,0x99,0x99,0x99,0x93,0x90,0x00,0x89,0x99,0x99,0x99,0x99,0x99,0x99,0x99,0x99,0x90,0x00,0xA9,0x99,0x99,
	0x99,0x99,0x99,0x99,0x99,0x99,0x96,0x00,0x00,0x00,0x00,0xFF,0x66,0x66,0x69,0x66,0x66,0x64,0x00,0x00,0x00,0x00,0x08,0x96,
	0x00,0x00,0x04,0x66,0x96,0x00,0x00,0x00,0x99,0x00,0x00,0x00,0x46,0x69,0x96,0x69,0x96,0x96,0x66,0x60,0x00,0x00,0xA4,0xA0,
	0x00,0x00,0x00,0x0A,0x69,0x96,0x69,0x99,0x66,0x96,0x99,0x69,0x96,0x99,0x99,0x99,0x39,0x99,0x99,0x99,0x96,0x69,0x99,0x99,
	0x99,0x69,0x99,0x99,0x99,0x96,0x96,0x99,0x69,0x99,0x99,0x99,0x99,0x99,0x99,0x99,0x99,0x99,0x69,0x99,0x99,0x99,0x99,0x6A,
	0x00,0x00,0x00,0x00,0x00,0x00,0x00,0x00,0x00,0x00,0x60,0x00,0x00,0x00,0x00,0x0A,0x99,0x99,0x60,0x00,0x00,0x99,0x66,0x66,
	0x66,0x66,0x66,0x66,0x99,0x99,0x99,0x99,0x99,0x66,0x66,0x66,0x96,0x66,0x66,0x66,0x66,0x99,0x66,0x60,0x00,0xFF,0x66,0x66,
	0x66,0x66,0x66,0x66,0x66,0x66,0x66,0x99,0x66,0x66,0x66,0x66,0x69,0x96,0x96,0x66,0x66,0x66,0x66,0x66,0x66,0x66,0x66,0x66,
	0x66,0x66,0x66,0x66,0x66,0x68,0x00,0xA9,0x96,0x99,0x96,0x96,0x66,0x66,0x66,0x66,0x66,0x66,0x99,0x99,0x99,0x99,0x99,0x99,
	0x68,0x00,0x00,0x00,0x00,0xA0,0x68,0x86,0x66,0x99,0x9A,0x66,0x66,0x46,0x86,0xA8,0x40,0x00,0x00,0x06,0x88,0xA8,0x8A,0x44,
	0xAA,0x88,0x4A,0xA4,0x44,0x44,0x44,0x44,0x4A,0x44,0x44,0x4A,0x4A,0x44,0x4A,0x4A,0x4A,0x44,0xAA,0xA4,0xA4,0xAA,0x44,0x00,
	0x00,0x00,0x00,0x00,0x00,0x00,0x00,0x00,0x00,0x0A,0x4A,0x44,0x44,0x44,0xAA,0xAA,0x4A,0x4A,0xA3,0x39,0x99,0x93,0x99,0x99,
	0x06,0x99,0x99,0x39,0x99,0x90,0x00,0xCA,0x33,0x99,0x99,0x39,0x93,0x39,0x99,0x33,0x33,0x33,0x39,0x99,0x99,0x90,0x03,0x99,
	0x99,0x93,0x99,0x99,0x99,0x99,0x09,0x99,0x99,0x99,0x99,0x99,0x99,0x99,0x99,0x99,0x99,0x99,0x99,0x90,0x99,0x99,0x99,0x39,
	0x69,0x99,0x93,0x33,0x99,0x99,0x93,0x00,0x0A,0x99,0x93,0x99,0x93,0x99,0x99,0x99,0x99,0x99,0x39,0x99,0x90,0x00,0x00,0x33,
	0x99,0x99,0x99,0x99,0x99,0x90,0x00,0x69,0x99,0x93,0x99,0x99,0x99,0x99,0x39,0x00,0x00,0x99,0x99,0x99,0x99,0x99,0x99,0x99,
	0x99,0x00,0x0A,0x99,0x99,0x93,0x39,0x99,0x39,0x99,0x99,0x99,0x96,0x00,0x00,0x00,0x00,0xFF,0x66,0x66,0x66,0x66,0x66,0x00,
	0x00,0x00,0x00,0x00,0x06,0x60,0x00,0x00,0x06,0x99,0x60,0x00,0x00,0x00,0x96,0x60,0x00,0x00,0x06,0x99,0x00,0x00,0x06,0x69,
	0x96,0x90,0x00,0x00,0x00,0x69,0x99,0x96,0x99,0x96,0x69,0x69,0x99,0x69,0x99,0x69,0x99,0x99,0x69,0x96,0x69,0x99,0x99,0x99,
	0x96,0x69,0x99,0x99,0x99,0x96,0x96,0x69,0x99,0x99,0x99,0x99,0x99,0x99,0x99,0x99,0x99,0x99,0x99,0x99,0x99,0x99,0x66,0x99,
	0x99,0x99,0x99,0x99,0x99,0x99,0x96,0xA0,0x00,0x00,0x00,0x00,0x00,0x00,0x00,0x06,0x60,0x00,0x00,0x00,0x00,0x00,0x00,0x80,
	0x00,0x00,0x06,0x99,0x66,0x66,0x69,0x96,0x66,0x66,0x99,0x99,0x99,0x99,0x99,0x66,0x66,0x66,0x96,0x66,0x66,0x66,0x66,0x66,
	0x96,0x60,0x00,0xFF,0x66,0x66,0x66,0x66,0x66,0x66,0x66,0x66,0x66,0x69,0x99,0x99,0x69,0x99,0x99,0x99,0x99,0x96,0x66,0x66,
	0x66,0x66,0x66,0x66,0x66,0x66,0x66,0x66,0x66,0x66,0x66,0x66,0x66,0x99,0x66,0x69,0x99,0x96,0x66,0x66,0x66,0x66,0x66,0x66,
	0x99,0x99,0x96,0x99,0x99,0x99,0x99,0x99,0x96,0x66,0x66,0x6A,0x6A,0x86,0x49,0x39,0x86,0x68,0x66,0x66,0x64,0xAA,0xA0,0x00,
	0x00,0x0A,0x88,0x88,0xA4,0xAA,0x88,0x8A,0x84,0x44,0x44,0xA4,0x44,0x44,0x44,0x44,0x44,0x44,0x44,0xA4,0x44,0x44,0xAA,0x44,
	0x00,0xA4,0x4A,0x44,0x44,0x60,0x00,0x00,0x00,0x00,0x00,0x00,0x00,0x00,0x04,0xAA,0x44,0x44,0x4A,0x44,0x44,0x44,0x44,0x44,
	0xA9,0x33,0x99,0x99,0x39,0x99,0x06,0x99,0x99,0x33,0x33,0x30,0x00,0xCA,0x93,0x93,0x39,0x39,0x93,0x33,0x39,0x39,0x93,0x33,
	0x99,0x99,0x99,0x90,0x03,0x99,0x99,0x99,0x99,0x99,0x99,0x94,0x09,0x99,0x99,0x99,0x99,0x99,0x99,0x99,0x99,0x99,0x99,0x99,
	0x99,0x90,0x99,0x99,0x96,0x93,0x96,0x99,0x99,0x93,0x39,0x99,0x99,0x90,0x00,0x69,0x99,0x99,0x99,0x99,0x93,0x99,0x99,0x93,
	0x39,0x99,0x90,0x00,0x06,0x93,0x39,0x99,0x99,0x99,0x99,0x60,0x00,0x49,0x99,0x99,0x93,0x99,0x99,0x99,0x39,0x90,0x00,0x09,
	0x99,0x99,0x99,0x99,0x99,0x99,0x90,0x00,0x09,0x99,0x99,0x99,0x99,0x99,0x99,0x99,0x99,0x99,0x36,0x00,0x00,0x00,0x00,0xFF,
	0x66,0x66,0x69,0x96,0x00,0x00,0x00,0x00,0x00,0x00,0xA6,0x60,0x00,0x00,0xA9,0x99,0x90,0x00,0x00,0x00,0x69,0x68,0x00,0x00,
	0x09,0x96,0x00,0x00,0x06,0x66,0x96,0x60,0x00,0x00,0x00,0x00,0x89,0x66,0x99,0x96,0x99,0x99,0x99,0x66,0x99,0x99,0x99,0x69,
	0x66,0x99,0x66,0x99,0x99,0x69,0x96,0x99,0x99,0x99,0x99,0x99,0x99,0x69,0x69,0x99,0x99,0x99,0x99,0x69,0x96,0x99,0x99,0x99,
	0x99,0x99,0x99,0x33,0x39,0x96,0x99,0x99,0x99,0x99,0x99,0x99,0x99,0x99,0x94,0x00,0x00,0x00,0x00,0x00,0x08,0x66,0x66,0x00,
	0x00,0x00,0x00,0x00,0x00,0x00,0x00,0x00,0x49,0x99,0x96,0x66,0x66,0x66,0x66,0x66,0x69,0x99,0x99,0x99,0x99,0x66,0x66,0x66,
	0x96,0x66,0x66,0x66,0x66,0x66,0x69,0x60,0x00,0xFF,0x66,0x66,0x66,0x66,0x66,0x66,0x66,0x66,0x66,0x66,0x69,0x99,0x99,0x69,
	0x99,0x99,0x96,0x66,0x66,0x66,0x66,0x66,0x66,0x66,0x66,0x66,0x66,0x66,0x66,0x66,0x66,0x66,0x66,0x69,0x99,0x69,0x99,0x99,
	0x66,0x66,0x66,0x66,0x66,0x69,0x99,0x99,0x99,0x99,0x99,0x99,0x99,0x99,0x99,0x66,0x66,0x60,0x86,0x66,0x96,0x94,0xA6,0x86,
	0x6A,0x4A,0x68,0x64,0x84,0x00,0x00,0x00,0x88,0xA4,0x4A,0x88,0x88,0x88,0x84,0x44,0x64,0x4A,0x44,0x44,0xA4,0x44,0x64,0x44,
	0xA6,0x44,0x44,0x44,0x4A,0x40,0x00,0x0A,0x44,0x44,0x4A,0xA4,0x60,0x00,0x00,0x00,0x00,0x00,0x00,0x0A,0x44,0x4A,0xAA,0x44,
	0x44,0x44,0x46,0xA6,0x6A,0x44,0x43,0x33,0x33,0x39,0x33,0x99,0x06,0x93,0x33,0x33,0x33,0x90,0x00,0xCA,0x99,0x99,0x39,0x99,
	0x93,0x39,0x99,0x69,0x66,0x69,0x99,0x99,0x99,0x90,0x09,0x33,0x33,0x99,0x99,0x99,0x99,0x60,0x93,0x99,0x33,0x99,0x99,0x99,
	0x99,0x99,0x99,0x99,0x99,0x99,0x99,0x90,0x99,0x99,0x96,0x99,0x39,0x99,0x99,0x93,0x99,0x99,0x99,0x99,0x00,0x00,0x99,0x99,
	0x99,0x39,0x99,0x93,0x93,0x99,0x99,0x99,0x93,0x66,0x93,0x33,0x33,0x99,0x99,0x93,0x99,0xA0,0x00,0x09,0x99,0x99,0x99,0x99,
	0x99,0x99,0x99,0x99,0x00,0x00,0x99,0x99,0x99,0x99,0x99,0x99,0x00,0x0A,0x99,0x99,0x99,0x33,0x99,0x93,0x99,0x99,0x99,0x99,
	0x96,0x00,0x00,0x00,0x00,0xFF,0x66,0x66,0x66,0x40,0x00,0x00,0x00,0x00,0x00,0x00,0x66,0x60,0x00,0x00,0x69,0x69,0x90,0x00,
	0x00,0x00,0x66,0x96,0x00,0x00,0x06,0x66,0x00,0x00,0x06,0x66,0x96,0x96,0x00,0x00,0x00,0x00,0x00,0x46,0x99,0x66,0x99,0x99,
	0x96,0x99,0x99,0x96,0x96,0x99,0x96,0x99,0x99,0x99,0x99,0x96,0x99,0x99,0x99,0x96,0x99,0x99,0x69,0x96,0x99,0x99,0x99,0x99,
	0x99,0x99,0x99,0x99,0x99,0x99,0x99,0x99,0x99,0x99,0x99,0x99,0x99,0x99,0x99,0x99,0x93,0x93,0x99,0x93,0x33,0x39,0x40,0x00,
	0x00,0x00,0xA6,0x66,0x66,0x66,0xA0,0x00,0x00,0x00,0x00,0x00,0x00,0x09,0x99,0x99,0x96,0x66,0x66,0x66,0x66,0x66,0x69,0x99,
	0x99,0x99,0x99,0x96,0x66,0x66,0x96,0x66,0x66,0x66,0x66,0x66,0x69,0x90,0x00,0xFF,0x96,0x66,0x66,0x66,0x66,0x66,0x66,0x66,
	0x66,0x66,0x66,0x99,0x99,0x66,0x99,0x66,0x66,0x66,0x66,0x66,0x66,0x66,0x66,0x66,0x66,0x66,0x66,0x66,0x66,0x66,0x66,0x66,
	0x66,0x69,0x99,0x96,0x69,0x99,0x96,0x66,0x66,0x66,0x66,0x69,0x99,0x99,0x99,0x99,0x99,0x99,0x99,0x99,0x99,0x99,0x66,0x69,
	0x88,0x89,0x99,0x66,0x98,0xA6,0x6A,0x68,0x66,0x84,0x44,0x00,0x00,0x06,0x94,0x44,0x44,0x48,0x88,0x88,0x8A,0x44,0x44,0x44,
	0x44,0x44,0xA4,0x44,0xAA,0x4A,0x4A,0xA4,0x44,0x44,0x44,0xA0,0x00,0x00,0x4A,0xAA,0x44,0xA6,0xAA,0x44,0x00,0x00,0x00,0x00,
	0x0A,0x44,0xA4,0x4A,0x44,0x44,0x44,0xA4,0x64,0xA4,0x44,0xA4,0x43,0x33,0x93,0x33,0x99,0x93,0x0A,0x93,0x33,0x33,0x33,0x30,
	0x00,0xCA,0x33,0x99,0x33,0x99,0x99,0x39,0x93,0x96,0x66,0x66,0x69,0x93,0x99,0x90,0x09,0x99,0x33,0x33,0x39,0x33,0x96,0x03,
	0x33,0x33,0x99,0x99,0x99,0x99,0x99,0x99,0x99,0x99,0x99,0x99,0x99,0x40,0x99,0x99,0x99,0x99,0x99,0x33,0x39,0x93,0x33,0x99,
	0x99,0x99,0x90,0x00,0x09,0x99,0x33,0x93,0x93,0x99,0x93,0x99,0x99,0x99,0x99,0x99,0x99,0x33,0x33,0x99,0x99,0x93,0x39,0x80,
	0x00,0x09,0x99,0x99,0x99,0x99,0x99,0x99,0x99,0x99,0x38,0x00,0x99,0x99,0x99,0x99,0x99,0x60,0x00,0x49,0x99,0x99,0x99,0x99,
	0x99,0x99,0x99,0x99,0x99,0x99,0x96,0x00,0x00,0x00,0x00,0xFF,0x66,0x66,0x60,0x00,0x00,0x00,0x00,0x00,0x00,0x00,0x66,0x00,
	0x00,0x00,0x66,0x69,0x90,0x00,0x00,0x00,0x66,0x96,0x00,0x00,0x00,0x99,0x00,0x00,0x09,0x96,0x66,0x66,0x00,0x00,0x00,0x00,
	0x00,0x00,0xA6,0x66,0x96,0x99,0x99,0x69,0x99,0x96,0x99,0x99,0x69,0x99,0x99,0x99,0x99,0x99,0x99,0x99,0x99,0x99,0x99,0x99,
	0x93,0x99,0x99,0x96,0x99,0x99,0x99,0x99,0x99,0x99,0x93,0x99,0x99,0x99,0x99,0x93,0x93,0x99,0x39,0x93,0x39,0x33,0x33,0x99,
	0x99,0x99,0x99,0x99,0x99,0x39,0x66,0x66,0x66,0x66,0x66,0x66,0x66,0x64,0x80,0x00,0x00,0x00,0x0A,0x99,0x99,0x99,0x96,0x66,
	0x66,0x66,0x66,0x66,0x66,0x99,0x99,0x39,0x99,0x96,0x66,0x66,0x99,0x96,0x66,0x66,0x96,0x66,0x66,0x60,0x00,0xFF,0x69,0x66,
	0x69,0x96,0x66,0x66,0x66,0x66,0x66,0x99,0x66,0x99,0x99,0x99,0x99,0x96,0x66,0x66,0x66,0x66,0x66,0x66,0x66,0x66,0x66,0x66,
	0x66,0x66,0x66,0x66,0x66,0x66,0x66,0x66,0x69,0x99,0x69,0x99,0x36,0x66,0x66,0x66,0x66,0x69,0x99,0x39,0x99,0x99,0x39,0x99,
	0x99,0x99,0x99,0x99,0x69,0x66,0x96,0x66,0x69,0x66,0x66,0x6A,0x66,0x49,0x46,0x6A,0x68,0x60,0x00,0xA8,0x46,0x44,0x6A,0x88,
	0x88,0x8A,0x8A,0x44,0x44,0x44,0x4A,0x4A,0x64,0x4A,0xAA,0xAA,0xAA,0x44,0x44,0x44,0xAA,0xA0,0x00,0x00,0xA4,0x44,0x44,0x49,
	0xA4,0xAA,0x44,0x66,0x44,0x44,0x4A,0x44,0x44,0xA4,0x4A,0xA4,0x44,0xAA,0x44,0x4A,0x44,0x44,0x63,0x33,0x99,0x99,0x93,0x99,
	0x0A,0x99,0x93,0x33,0x99,0x90,0x00,0xCA,0x93,0x39,0x33,0x99,0x99,0x33,0x99,0x96,0x96,0x66,0x69,0x99,0x93,0x90,0x03,0x39,
	0x99,0x93,0x93,0x93,0x90,0x49,0x39,0x33,0x99,0x99,0x99,0x99,0x99,0x99,0x99,0x99,0x99,0x99,0x99,0x0A,0x99,0x99,0x99,0x99,
	0x99,0x99,0x93,0x39,0x99,0x93,0x33,0x39,0x99,0x00,0x00,0x99,0x99,0x99,0x99,0x99,0x93,0x99,0x39,0x99,0x99,0x39,0x96,0x39,
	0x33,0x99,0x99,0x99,0x99,0x00,0x00,0x09,0x99,0x99,0x99,0x99,0x99,0x99,0x99,0x99,0x93,0x49,0x99,0x99,0x99,0x99,0x9A,0x00,
	0x08,0x99,0x99,0x99,0x99,0x99,0x93,0x99,0x99,0x99,0x99,0x93,0x36,0x00,0x00,0x00,0x00,0xFF,0x66,0x60,0x00,0x00,0x00,0x00,
	0x86,0x00,0x00,0x00,0x66,0x00,0x00,0x00,0x99,0x99,0x60,0x00,0x00,0x00,0x69,0x66,0xA0,0x00,0x00,0x96,0x00,0x00,0x09,0x99,
	0x99,0x99,0x60,0x00,0x00,0x00,0x00,0x00,0x00,0x00,0xA6,0x69,0x96,0x99,0x99,0x99,0x99,0x69,0x69,0x69,0x69,0x99,0x96,0x99,
	0x99,0x69,0x96,0x99,0x96,0x39,0x99,0x99,0x39,0x33,0x99,0x99,0x39,0x99,0x99,0x99,0x99,0x39,0x99,0x99,0x99,0x99,0x39,0x99,
	0x99,0x33,0x33,0x99,0x33,0x99,0x99,0x99,0x99,0x99,0x99,0x39,0x99,0x66,0x66,0x66,0x66,0x66,0x66,0x66,0x99,0x99,0x33,0x39,
	0x33,0x33,0x39,0x39,0x99,0x66,0x66,0x66,0x99,0x99,0x99,0x99,0x99,0x99,0x99,0x96,0x66,0x66,0x66,0x66,0x99,0x93,0x96,0x66,
	0x66,0x60,0x00,0xFF,0x66,0x66,0x66,0x66,0x66,0x66,0x66,0x66,0x66,0x66,0x66,0x66,0x69,0x96,0x96,0x66,0x66,0x66,0x66,0x66,
	0x99,0x66,0x66,0x66,0x66,0x66,0x66,0x66,0x66,0x66,0x66,0x66,0x66,0x69,0x99,0x99,0x99,0x99,0x96,0x96,0x66,0x66,0x66,0x99,
	0x99,0x93,0x99,0x33,0x39,0x93,0x99,0x99,0x33,0x39,0x96,0x96,0x66,0x60,0x48,0x86,0x68,0x99,0x99,0x6A,0x86,0xAA,0x68,0x8A,
	0x00,0xA6,0x44,0x44,0x88,0x88,0x88,0x88,0x88,0x44,0xA4,0x44,0x44,0x44,0x44,0xA4,0xAA,0xA4,0xAA,0x44,0x4A,0xA4,0x64,0x40,
	0x00,0x00,0x0A,0x44,0x46,0x33,0x44,0xA4,0x4A,0xA4,0xAA,0x4A,0x44,0x44,0x44,0x44,0x4A,0x44,0xAA,0xAA,0x44,0xAA,0xA6,0xAA,
	0x99,0x33,0x33,0x33,0x33,0x33,0x40,0x99,0x33,0x33,0x33,0x90,0x00,0xCA,0x99,0x39,0x93,0x39,0x99,0x39,0x39,0x99,0x99,0x96,
	0x66,0x39,0x93,0x34,0x09,0x93,0x33,0x39,0x33,0x96,0x09,0x33,0x99,0x99,0x99,0x99,0x99,0x99,0x99,0x39,0x99,0x99,0x39,0x39,
	0x93,0x09,0x99,0x93,0x99,0x33,0x93,0x39,0x93,0x99,0x39,0x99,0x99,0x99,0x99,0x90,0x00,0x0A,0x99,0x99,0x99,0x99,0x39,0x93,
	0x39,0x99,0x99,0x39,0x99,0x99,0x93,0x99,0x99,0x99,0x99,0x00,0x00,0x09,0x99,0x99,0x99,0x99,0x99,0x99,0x99,0x99,0x93,0x39,
	0x99,0x99,0x99,0x99,0x00,0x00,0x99,0x99,0x93,0x99,0x99,0x99,0x99,0x99,0x99,0x99,0x99,0x99,0x96,0x00,0x00,0x00,0x00,0xFF,
	0x6A,0x00,0x00,0x00,0x00,0x06,0x66,0x00,0x00,0x04,0x60,0x00,0x00,0x0A,0x69,0x99,0x60,0x00,0x00,0x00,0x66,0x66,0x60,0x00,
	0x00,0x46,0x00,0x00,0x06,0x99,0x99,0x99,0x90,0x00,0x00,0x00,0x00,0x00,0x00,0x00,0x00,0x00,0x46,0x99,0x99,0x69,0x66,0x99,
	0x99,0x69,0x96,0x99,0x66,0x93,0x99,0x99,0x99,0x99,0x99,0x99,0x96,0x99,0x99,0x99,0x39,0x99,0x99,0x39,0x93,0x39,0x99,0x99,
	0x99,0x99,0x99,0x99,0x99,0x99,0x99,0x99,0x99,0x99,0x99,0x99,0x99,0x99,0x99,0x99,0x33,0x39,0x99,0x96,0x66,0x66,0x66,0x66,
	0x66,0x66,0x66,0x99,0x99,0x99,0x99,0x33,0x33,0x33,0x39,0x99,0x99,0x96,0x69,0x66,0x66,0x69,0x99,0x33,0x99,0x39,0x99,0x99,
	0x99,0x99,0x99,0x93,0x33,0x39,0x99,0x90,0x00,0xFF,0x99,0x99,0x96,0x66,0x66,0x96,0x96,0x69,0x66,0x69,0x99,0x96,0x99,0x96,
	0x66,0x69,0x69,0x96,0x66,0x66,0x66,0x66,0x66,0x66,0x66,0x66,0x66,0x66,0x66,0x66,0x66,0x66,0x66,0x69,0x99,0x69,0x99,0x99,
	0x96,0x99,0x69,0x99,0x99,0x99,0x93,0x33,0x33,0x39,0x99,0x93,0x33,0x99,0x93,0x33,0x96,0x99,0x96,0x66,0x64,0x46,0xA8,0x69,
	0x99,0x99,0x68,0x96,0x88,0x9A,0x89,0x44,0x44,0x4A,0x68,0x88,0x8A,0x88,0x8A,0xA4,0x4A,0x44,0x44,0x4A,0xA4,0x44,0x46,0x4A,
	0x44,0xAA,0x4A,0xA4,0xAA,0xA4,0x00,0x00,0x00,0x44,0x44,0x33,0xA4,0xA4,0xA4,0x44,0xA4,0x6A,0x44,0x44,0x44,0xA4,0x4A,0x44,
	0xA4,0xA4,0x44,0x44,0x44,0x4A,0x99,0x33,0x33,0x33,0x33,0x33,0x60,0x39,0x99,0x39,0x33,0x30,0x00,0xCA,0x99,0x39,0x93,0x33,
	0x33,0x33,0x39,0x93,0x99,0x93,0x99,0x33,0x33,0x36,0x09,0x99,0x93,0x33,0x33,0x60,0x63,0x33,0x33,0x33,0x33,0x33,0x33,0x93,
	0x33,0x33,0x33,0x99,0x93,0x33,0x99,0x09,0x99,0x99,0x99,0x33,0x93,0x39,0x93,0x99,0x39,0x93,0x33,0x33,0x33,0x33,0x80,0x00,
	0xA3,0x99,0x99,0x99,0x33,0x93,0x33,0x33,0x33,0x33,0x33,0x33,0x33,0x39,0x99,0x99,0x99,0x00,0x00,0x06,0x99,0x99,0x99,0x99,
	0x99,0x99,0x99,0x99,0x69,0x99,0x99,0x99,0x99,0x60,0x00,0x06,0x99,0x99,0x99,0x99,0x99,0x99,0x93,0x99,0x33,0x99,0x99,0x99,
	0x96,0x00,0x00,0x00,0x00,0xFF,0x00,0x00,0x00,0x00,0x06,0x66,0x66,0x00,0x00,0x06,0x00,0x00,0x00,0x09,0x99,0x69,0x60,0x00,
	0x00,0x00,0x66,0x66,0x60,0x00,0x00,0x06,0x00,0x00,0x09,0x96,0x99,0x99,0x90,0x00,0x00,0x09,0x98,0x00,0x00,0x00,0x00,0x00,
	0x00,0x00,0x00,0x00,0x00,0x00,0x66,0x66,0x39,0x99,0x99,0x99,0x96,0x99,0x99,0x96,0x69,0x99,0x66,0x69,0x96,0x99,0x99,0x99,
	0x99,0x99,0x99,0x99,0x99,0x99,0x99,0x99,0x99,0x99,0x99,0x99,0x99,0x99,0x99,0x99,0x99,0x99,0x99,0x99,0x99,0x99,0x99,0x66,
	0x66,0x66,0x66,0x66,0x66,0x66,0x66,0x66,0x99,0x99,0x99,0x99,0x99,0x99,0x99,0x99,0x96,0x66,0x99,0x99,0x99,0x99,0x99,0x99,
	0x99,0x33,0x33,0x39,0x99,0x99,0x99,0x99,0x99,0x99,0x33,0x99,0x99,0x90,0x00,0xFF,0x66,0x99,0x99,0x96,0x69,0x66,0x66,0x66,
	0x66,0x66,0x66,0x66,0x66,0x66,0x66,0x66,0x66,0x66,0x66,0x66,0x66,0x66,0x66,0x66,0x66,0x66,0x66,0x66,0x66,0x66,0x66,0x66,
	0x66,0x66,0x69,0x96,0x66,0x99,0x66,0x66,0x66,0x69,0x69,0x99,0x99,0x99,0x99,0x99,0x99,0x99,0x99,0x99,0x93,0x99,0x99,0x99,
	0x66,0x99,0x99,0x96,0x99,0x66,0x99,0x99,0x99,0x66,0x88,0x89,0x66,0xA6,0x6A,0x48,0x48,0x8A,0x88,0x88,0x88,0xA6,0x64,0x66,
	0x49,0x44,0xA4,0x44,0xAA,0xAA,0xAA,0x4A,0x4A,0x44,0x4A,0x44,0x40,0x00,0x06,0x46,0x44,0x93,0xA4,0x44,0x64,0x4A,0xAA,0x44,
	0xA4,0x4A,0x44,0xAA,0xA4,0x44,0xA4,0x44,0x4A,0x4A,0xA4,0x4A,0x33,0x33,0x33,0x33,0x33,0x33,0x90,0x39,0x99,0x39,0x93,0x30,
	0x00,0xCA,0x33,0x33,0x39,0x93,0x33,0x33,0x39,0x99,0x99,0x39,0x99,0x33,0x33,0x33,0x03,0x33,0x33,0x33,0x36,0x09,0x33,0x39,
	0x33,0x33,0x33,0x33,0x33,0x33,0x33,0x33,0x33,0x33,0x33,0x33,0x38,0x83,0x99,0x99,0x99,0x39,0x33,0x39,0x93,0x33,0x99,0x33,
	0x39,0x33,0x33,0x33,0x36,0x00,0x00,0x69,0x99,0x93,0x33,0x33,0x39,0x33,0x33,0x33,0x33,0x33,0x33,0x93,0x99,0x99,0x99,0x00,
	0x00,0x09,0x99,0x99,0x99,0x99,0x99,0x99,0x99,0x99,0x99,0x99,0x93,0x99,0x60,0x00,0x09,0x99,0x99,0x99,0x99,0x99,0x99,0x99,
	0x39,0x99,0x33,0x33,0x39,0x99,0x96,0x00,0x00,0x00,0x00,0xFF,0x00,0x00,0x00,0x00,0x96,0x96,0x6A,0x00,0x00,0x06,0x00,0x00,
	0x00,0x46,0x96,0x96,0x60,0x00,0x00,0x00,0x69,0x69,0x94,0x00,0x00,0x06,0x00,0x00,0x09,0x99,0x99,0x99,0x98,0x00,0x00,0x09,
	0x99,0x96,0x80,0x00,0x00,0x00,0x00,0x00,0x00,0x00,0x00,0x00,0x00,0x00,0x00,0x00,0x00,0x00,0x00,0x66,0x69,0x99,0x99,0x66,
	0x96,0x66,0x69,0x96,0x69,0x99,0x99,0x99,0x99,0x99,0x96,0x99,0x99,0x99,0x99,0x99,0x99,0x99,0x99,0x99,0x99,0x99,0x99,0x99,
	0x99,0x99,0x99,0x99,0x99,0x66,0x66,0x66,0x66,0x66,0x66,0x66,0x66,0x66,0x66,0x69,0x99,0x99,0x99,0x99,0x99,0x99,0x66,0x66,
	0x66,0x66,0x69,0x96,0x96,0x66,0x99,0x99,0x99,0x99,0x69,0x66,0x69,0x99,0x99,0x99,0x99,0x99,0x96,0x60,0x00,0xFF,0x66,0x66,
	0x66,0x66,0x66,0x66,0x66,0x66,0x66,0x66,0x66,0x66,0x66,0x66,0x66,0x66,0x66,0x66,0x66,0x66,0x66,0x66,0x66,0x66,0x66,0x66,
	0x66,0x66,0x66,0x66,0x66,0x66,0x66,0x66,0x96,0x96,0x99,0x96,0x66,0x66,0x66,0x66,0x69,0x99,0x99,0x99,0x99,0x99,0x99,0x99,
	0x99,0x99,0x99,0x99,0x93,0x39,0x99,0x99,0x69,0x96,0x96,0x66,0x66,0x69,0x69,0x66,0x66,0x66,0x66,0xA4,0x44,0xA6,0xAA,0x86,
	0x66,0x69,0x99,0x44,0xAA,0x63,0x39,0x33,0x93,0xA4,0x44,0xA4,0xA4,0x44,0x6A,0x4A,0x44,0xA4,0x40,0x00,0xAA,0x44,0x44,0x99,
	0x44,0x44,0x44,0x4A,0xA4,0x4A,0xA4,0x44,0x44,0x44,0xAA,0x44,0x44,0xA4,0x44,0xA4,0x44,0x4A,0x99,0x99,0x39,0x93,0x99,0x99,
	0x90,0x99,0x39,0x93,0x33,0x30,0x00,0xCA,0x33,0x33,0x39,0x99,0x99,0x99,0x99,0x69,0x99,0x99,0x99,0x93,0x33,0x33,0x09,0x33,
	0x33,0x33,0x30,0x63,0x33,0x33,0x33,0x33,0x33,0x33,0x33,0x33,0x99,0x39,0x33,0x33,0x33,0x33,0x30,0x93,0x39,0x39,0x93,0x39,
	0x33,0x33,0x33,0x33,0x33,0x93,0x33,0x39,0x99,0x33,0x33,0x30,0x00,0x00,0x39,0x99,0x99,0x99,0x99,0x99,0x99,0x39,0x93,0x33,
	0x33,0x93,0x39,0x99,0x99,0x60,0x00,0x49,0x99,0x99,0x99,0x39,0x99,0x99,0x99,0x99,0x33,0x39,0x99,0x96,0x00,0x08,0x33,0x99,
	0x99,0x99,0x39,0x99,0x99,0x99,0x99,0x99,0x33,0x33,0x33,0x39,0x36,0x00,0x00,0x00,0x00,0xFF,0x00,0x00,0x00,0x00,0x06,0x96,
	0x9A,0x00,0x00,0x00,0x00,0x00,0x00,0x96,0x69,0x66,0x40,0x00,0x00,0x00,0x69,0x99,0x96,0x00,0x00,0x06,0x00,0x00,0x09,0x99,
	0x69,0x99,0x96,0x00,0x00,0x09,0x99,0x99,0x99,0x90,0x00,0x00,0x00,0x00,0x00,0x00,0x00,0x00,0x00,0x00,0x00,0x00,0x00,0x00,
	0x00,0x00,0x00,0x00,0x00,0x66,0x69,0x66,0x69,0x66,0x99,0x99,0x99,0x69,0x99,0x99,0x99,0x99,0x69,0x99,0x99,0x99,0x99,0x99,
	0x99,0x99,0x99,0x99,0x99,0x99,0x99,0x99,0x99,0x99,0x99,0x66,0x66,0x66,0x66,0x66,0x66,0x66,0x66,0x66,0x66,0x69,0x99,0x99,
	0x99,0x99,0x99,0x99,0x66,0x66,0x66,0x66,0x66,0x66,0x66,0x66,0x69,0x99,0x99,0x99,0x66,0x66,0x69,0x99,0x99,0x99,0x99,0x99,
	0x99,0x60,0x00,0xFF,0x66,0x66,0x66,0x66,0x66,0x66,0x66,0x66,0x66,0x66,0x66,0x66,0x66,0x66,0x66,0x66,0x66,0x66,0x66,0x66,
	0x66,0x66,0x66,0x66,0x66,0x66,0x66,0x66,0x66,0x66,0x66,0x66,0x66,0x66,0x66,0x66,0x66,0x96,0x66,0x66,0x66,0x66,0x69,0x99,
	0x99,0x99,0x99,0x99,0x99,0x99,0x99,0x99,0x99,0x99,0x93,0x39,0x96,0x99,0x66,0x66,0x66,0x66,0x66,0x66,0x69,0x66,0x66,0x69,
	0x99,0x99,0x96,0xA8,0x6A,0x4A,0x88,0x48,0x88,0x4A,0xAA,0xA4,0x84,0x44,0xAA,0x69,0x94,0xAA,0x4A,0x44,0x46,0x64,0x44,0x44,
	0x4A,0x80,0x44,0x44,0x44,0x99,0xAA,0x44,0xA4,0x4A,0x44,0x44,0x4A,0xA4,0x4A,0x4A,0xAA,0xA4,0xA4,0x44,0x4A,0xA4,0x44,0x4A,
	0x99,0x99,0x99,0x99,0x39,0x99,0x98,0x89,0x99,0x99,0x99,0x90,0x00,0xCA,0x99,0x99,0x99,0x99,0x99,0x99,0x69,0x60,0x69,0x69,
	0x69,0x99,0x99,0x99,0x09,0x99,0x99,0x99,0x06,0x99,0x99,0x33,0x33,0x39,0x33,0x39,0x99,0x99,0x99,0x99,0x99,0x99,0x99,0x99,
	0x90,0x99,0x39,0x99,0x99,0x99,0x99,0x33,0x93,0x33,0x39,0x39,0x99,0x99,0x99,0x99,0x99,0x99,0x00,0x00,0x06,0x99,0x99,0x93,
	0x99,0x99,0x99,0x99,0x99,0x99,0x33,0x33,0x39,0x99,0x33,0x39,0x06,0x99,0x93,0x93,0x33,0x33,0x33,0x33,0x39,0x93,0x99,0x39,
	0x93,0x00,0x00,0x69,0x33,0x39,0x33,0x93,0x93,0x99,0x33,0x39,0x39,0x99,0x33,0x99,0x33,0x33,0x36,0x00,0x00,0x00,0x00,0xFF,
	0x00,0x00,0x00,0x00,0x00,0x46,0x60,0x00,0x00,0x00,0x00,0x00,0x06,0x69,0x99,0x99,0x00,0x00,0x00,0x00,0x09,0x99,0x99,0x00,
	0x00,0x06,0x00,0x00,0x09,0x99,0x99,0x96,0x96,0x00,0x00,0x06,0x96,0x96,0x99,0x60,0x00,0x00,0x00,0x00,0x00,0x00,0x00,0x00,
	0x00,0x00,0x00,0x00,0x00,0x00,0x00,0x00,0x00,0x00,0x00,0x00,0x00,0x00,0x06,0x99,0x66,0x99,0x99,0x99,0x99,0x99,0x99,0x99,
	0x99,0x99,0x99,0x99,0x99,0x99,0x99,0x99,0x99,0x99,0x99,0x99,0x99,0x99,0x99,0x99,0x96,0x66,0x66,0x66,0x66,0x66,0x66,0x66,
	0x99,0x99,0x99,0x99,0x99,0x99,0x99,0x99,0x99,0x96,0x66,0x66,0x66,0x66,0x66,0x66,0x66,0x66,0x69,0x99,0x99,0x99,0x66,0x66,
	0x69,0x99,0x99,0x99,0x99,0x99,0x99,0x90,0x00,0xFF,0x66,0x66,0x66,0x66,0x66,0x66,0x66,0x66,0x66,0x66,0x66,0x66,0x66,0x66,
	0x66,0x66,0x66,0x66,0x66,0x66,0x66,0x66,0x66,0x66,0x66,0x66,0x66,0x66,0x66,0x66,0x66,0x66,0x66,0x66,0x66,0x66,0x66,0x66,
	0x66,0x66,0x66,0x66,0x66,0x99,0x99,0x99,0x99,0x99,0x99,0x99,0x99,0x99,0x99,0x99,0x96,0x96,0x66,0x66,0x66,0x66,0x66,0x66,
	0x66,0x66,0x66,0x66,0x66,0x99,0x99,0x99,0x99,0x66,0x66,0x66,0x66,0x66,0x68,0xAA,0xA6,0x94,0x64,0x64,0x4A,0xA9,0x94,0xAA,
	0x46,0xAA,0x4A,0x44,0x4A,0x4A,0x44,0x4A,0x44,0x4A,0x4A,0x4A,0xA4,0x44,0x66,0x44,0x4A,0x44,0x44,0xAA,0x44,0x4A,0x44,0xA4,
	0x44,0x44,0xA4,0x44,0x64,0xA6,0x99,0x99,0x99,0x99,0x99,0x99,0x96,0x09,0x99,0x99,0x99,0x90,0x00,0xCA,0x99,0x99,0x99,0x99,
	0x99,0x96,0x66,0x80,0x00,0x46,0x69,0x99,0x99,0x99,0x06,0x99,0x99,0x90,0xA9,0x99,0x99,0x99,0x99,0x99,0x99,0x99,0x99,0x99,
	0x99,0x99,0x99,0x99,0x99,0x99,0xA4,0x99,0x99,0x99,0x99,0x99,0x99,0x33,0x93,0x33,0x33,0x39,0x33,0x99,0x99,0x99,0x99,0x99,
	0x99,0xA0,0x00,0x00,0x99,0x99,0x99,0x99,0x93,0x99,0x99,0x99,0x99,0x93,0x33,0x39,0x93,0x93,0x99,0x33,0x99,0x33,0x99,0x99,
	0x99,0x39,0x93,0x39,0x33,0x33,0xA0,0x00,0xA3,0x33,0x33,0x39,0x33,0x33,0x33,0x33,0x33,0x99,0x93,0x33,0x33,0x33,0x33,0x33,
	0x36,0x00,0x00,0x00,0x00,0xFF,0x00,0x00,0x00,0x00,0x00,0x04,0x60,0x00,0x00,0x00,0x00,0x00,0x06,0x66,0x69,0x69,0x00,0x00,
	0x00,0x00,0x06,0x66,0x66,0x00,0x00,0x00,0x00,0x00,0x09,0x66,0x66,0x66,0x66,0x00,0x00,0x0A,0x69,0x66,0x66,0x90,0x00,0x00,
	0x00,0x06,0x66,0x99,0x96,0x99,0x60,0x00,0x00,0x00,0x40,0x00,0x00,0x00,0x00,0x00,0x00,0x00,0x00,0x00,0x00,0x00,0xA6,0x96,
	0x99,0x99,0x99,0x96,0x69,0x99,0x99,0x99,0x99,0x99,0x99,0x99,0x99,0x99,0x99,0x99,0x99,0x99,0x99,0x99,0x99,0x99,0x99,0x99,
	0x69,0x99,0x96,0x99,0x66,0x96,0x99,0x99,0x99,0x99,0x99,0x99,0x99,0x99,0x99,0x96,0x66,0x66,0x66,0x66,0x66,0x66,0x66,0x66,
	0x66,0x99,0x99,0x99,0x66,0x66,0x69,0x99,0x99,0x99,0x99,0x69,0x99,0x90,0x00,0xFF,0x96,0x66,0x66,0x66,0x66,0x66,0x66,0x66,
	0x66,0x66,0x69,0x96,0x66,0x66,0x66,0x66,0x66,0x69,0x96,0x66,0x69,0x66,0x66,0x66,0x66,0x66,0x66,0x66,0x66,0x66,0x66,0x66,
	0x66,0x66,0x66,0x66,0x66,0x66,0x66,0x66,0x66,0x66,0x69,0x99,0x99,0x99,0x99,0x93,0x39,0x99,0x99,0x99,0x93,0x39,0x33,0x96,
	0x66,0x66,0x66,0x66,0x66,0x66,0x66,0x66,0x66,0x66,0x69,0x99,0x99,0x99,0x99,0x66,0x66,0x66,0x66,0x66,0x66,0x96,0x66,0x48,
	0x8A,0x64,0x44,0xAA,0xAA,0x49,0x46,0x4A,0x44,0xAA,0x44,0x44,0x44,0xA4,0xA4,0xA4,0x44,0x4A,0xAA,0x44,0x44,0x4A,0xA4,0xA4,
	0x4A,0xA4,0x4A,0x44,0x44,0x4A,0xA4,0x4A,0xAA,0x44,0x46,0x46,0x99,0x99,0x99,0x99,0x99,0x99,0x99,0x09,0x99,0x99,0x99,0x90,
	0x00,0xCA,0x99,0x99,0x99,0x99,0x99,0x96,0x66,0x68,0x00,0x00,0x63,0x99,0x99,0x99,0x06,0x99,0x99,0x88,0x99,0x99,0x99,0x99,
	0x99,0x99,0x99,0x99,0x99,0x99,0x99,0x99,0x99,0x99,0x99,0x99,0x09,0x99,0x99,0x99,0x99,0x99,0x99,0x99,0x99,0x99,0x99,0x99,
	0x99,0x99,0x99,0x99,0x99,0x99,0x99,0x96,0x00,0x00,0x00,0x93,0x99,0x99,0x93,0x39,0x99,0x99,0x99,0x99,0x99,0x39,0x99,0x99,
	0x99,0x99,0x99,0x99,0x99,0x99,0x99,0x99,0x99,0x99,0x99,0x40,0x00,0x0A,0x39,0x33,0x33,0x33,0x33,0x93,0x99,0x99,0x99,0x99,
	0x99,0x99,0x93,0x33,0x33,0x33,0x36,0x00,0x00,0x00,0x00,0xFF,0x00,0x08,0x00,0x00,0x00,0x00,0x60,0x00,0x00,0x00,0x00,0x00,
	0x00,0x86,0x66,0x69,0x00,0x00,0x00,0x00,0x06,0x99,0x66,0x40,0x00,0x00,0x00,0x00,0x06,0x60,0x00,0x00,0x69,0x80,0x00,0x00,
	0x66,0x96,0x66,0x96,0x00,0x00,0x00,0x00,0x06,0x99,0x69,0x96,0x66,0x00,0x00,0x00,0x99,0x96,0x66,0x9A,0x4A,0x00,0x00,0x00,
	0x00,0x00,0x00,0x00,0x00,0x0A,0x99,0x99,0x99,0x99,0x99,0x99,0x99,0x99,0x99,0x99,0x99,0x99,0x93,0x99,0x99,0x99,0x99,0x99,
	0x99,0x99,0x93,0x99,0x66,0x99,0x99,0x69,0x99,0x69,0x69,0x66,0x66,0x99,0x99,0x69,0x99,0x99,0x99,0x99,0x99,0x66,0x66,0x66,
	0x66,0x66,0x66,0x66,0x66,0x66,0x66,0x99,0x99,0x99,0x66,0x66,0x69,0x99,0x99,0x99,0x99,0x99,0x99,0x90,0x00,0xFF,0x99,0x66,
	0x69,0x99,0x96,0x66,0x96,0x66,0x66,0x66,0x96,0x69,0x99,0x66,0x99,0x99,0x99,0x66,0x66,0x66,0x66,0x66,0x66,0x66,0x69,0x66,
	0x66,0x66,0x66,0x66,0x66,0x66,0x66,0x66,0x66,0x66,0x66,0x66,0x66,0x66,0x66,0x66,0x69,0x99,0x99,0x99,0x99,0x99,0x99,0x99,
	0x99,0x99,0x99,0x99,0x99,0x96,0x66,0x66,0x66,0x66,0x66,0x66,0x66,0x66,0x66,0x66,0x99,0x99,0x99,0x99,0x96,0x66,0x66,0x66,
	0x66,0x66,0x66,0x69,0x66,0x99,0x96,0x9A,0x99,0x9A,0xA4,0xAA,0x44,0x44,0x44,0x44,0x44,0x4A,0x44,0x4A,0x44,0x44,0xA4,0x44,
	0x44,0x4A,0x44,0x44,0x44,0x44,0x44,0x44,0xA4,0x44,0x44,0xAA,0xA4,0x4A,0x44,0x4A,0x44,0x49,0x99,0x99,0x99,0x99,0x99,0x99,
	0x99,0x4A,0x99,0x99,0x99,0x90,0x00,0xCA,0x99,0x99,0x99,0x99,0x96,0x66,0x66,0x66,0x60,0x00,0x08,0x99,0x99,0x99,0x06,0x99,
	0x96,0x09,0x99,0x99,0x99,0x99,0x99,0x99,0x99,0x99,0x99,0x99,0x99,0x99,0x99,0x99,0x99,0x9A,0x09,0x99,0x99,0x69,0x99,0x99,
	0x99,0x99,0x99,0x99,0x99,0x99,0x99,0x96,0x99,0x39,0x99,0x99,0x69,0x99,0x94,0x00,0x00,0x00,0x49,0x99,0x99,0x99,0x99,0x99,
	0x99,0x99,0x99,0x99,0x99,0x99,0x99,0x99,0x99,0x99,0x99,0x99,0x99,0x99,0x99,0x99,0x98,0x00,0x00,0x69,0x99,0x99,0x99,0x99,
	0x99,0x99,0x99,0x99,0x99,0x99,0x99,0x99,0x99,0x93,0x93,0x33,0x36,0x00,0x00,0x00,0x00,0xFF,0x00,0x06,0x66,0x00,0x00,0x00,
	0x00,0x00,0x00,0x00,0x00,0x00,0x00,0x00,0x00,0x46,0x00,0x00,0x00,0x00,0x06,0x69,0x99,0x60,0x00,0x00,0x00,0x00,0x06,0x60,
	0x00,0x00,0x00,0x00,0x00,0x00,0x66,0x99,0x96,0x66,0x6A,0x00,0x00,0x00,0x06,0x96,0x69,0x69,0x93,0x60,0x00,0x00,0x99,0x96,
	0x99,0x99,0x99,0x99,0x96,0x9A,0x80,0x00,0x00,0x00,0x00,0x00,0x0A,0x99,0x99,0x99,0x99,0x99,0x99,0x99,0x99,0x99,0x99,0x99,
	0x99,0x39,0x93,0x93,0x39,0x99,0x99,0x99,0x99,0x99,0x66,0x69,0x99,0x99,0x99,0x99,0x96,0x66,0x66,0x99,0x99,0x99,0x99,0x69,
	0x99,0x99,0x96,0x96,0x66,0x66,0x96,0x66,0x96,0x66,0x66,0x66,0x66,0x69,0x99,0x99,0x66,0x66,0x66,0x99,0x99,0x93,0x33,0x39,
	0x99,0x90,0x00,0xFF,0x99,0x99,0x66,0x66,0x69,0x66,0x66,0x96,0x99,0x66,0x66,0x66,0x66,0x66,0x66,0x99,0x69,0x66,0x66,0x66,
	0x66,0x66,0x66,0x66,0x64,0x66,0x66,0x66,0x66,0x66,0x66,0x66,0x99,0x99,0x99,0x99,0x69,0x99,0x66,0x66,0x66,0x66,0x99,0x93,
	0x99,0x99,0x99,0x99,0x99,0x99,0x39,0x99,0x99,0x93,0x39,0x69,0x96,0x66,0x66,0x66,0x66,0x66,0x66,0x66,0x66,0x69,0x99,0x99,
	0x99,0x99,0x66,0x69,0x66,0x66,0x66,0x69,0x99,0x36,0x93,0x96,0x96,0x96,0x96,0x99,0x99,0x96,0x64,0xAA,0xAA,0x44,0x46,0x6A,
	0xA4,0xA4,0x44,0x44,0x46,0x44,0x46,0x44,0x44,0xA4,0x44,0x46,0xA4,0xA4,0xA4,0xAA,0xA4,0x44,0xA4,0xAA,0x44,0xAA,0x4A,0x49,
	0x99,0x99,0x99,0x99,0x99,0x66,0x99,0x90,0x69,0x99,0x99,0x90,0x00,0xCA,0x99,0x99,0x99,0x99,0x96,0x96,0x66,0x66,0x69,0x94,
	0x00,0x08,0x99,0x99,0x09,0x99,0x80,0x99,0x99,0x69,0x99,0x99,0x99,0x99,0x99,0x99,0x99,0x99,0x99,0x99,0x96,0x99,0x99,0x90,
	0x93,0x39,0x99,0x96,0x99,0x99,0x99,0x99,0x99,0x99,0x99,0x93,0x99,0x99,0x39,0x69,0x99,0x33,0x99,0x99,0x69,0x96,0x00,0x00,
	0x00,0x00,0x69,0x39,0x99,0x99,0x99,0x99,0x99,0x99,0x33,0x99,0x99,0x9A,0x86,0x99,0x99,0x99,0x99,0x99,0x99,0x40,0x00,0x00,
	0x49,0x99,0x99,0x99,0x99,0x99,0x99,0x99,0x99,0x99,0x99,0x99,0x99,0x99,0x99,0x99,0x99,0x93,0x36,0x00,0x00,0x00,0x00,0xFF,
	0x00,0x06,0x66,0x60,0x00,0x00,0x00,0x00,0x00,0x00,0x00,0x00,0x00,0x00,0x00,0x00,0x00,0x00,0x00,0x00,0x06,0x66,0x66,0x60,
	0x00,0x00,0x00,0x00,0x00,0x60,0x00,0x00,0x00,0x00,0x00,0x00,0x99,0x96,0x96,0x66,0x66,0xA0,0x00,0x00,0x06,0x69,0x66,0x96,
	0x69,0x60,0x00,0x00,0x09,0x99,0x99,0x96,0x96,0x99,0x99,0x99,0x99,0x66,0x00,0x00,0x00,0x00,0x00,0x99,0x99,0x99,0x99,0x99,
	0x99,0x94,0xA6,0x66,0x66,0x99,0x99,0x99,0x99,0x99,0x99,0x99,0x99,0x99,0x99,0x99,0x66,0x69,0x69,0x99,0x66,0x99,0x66,0x66,
	0x69,0x99,0x99,0x99,0x99,0x93,0x99,0x99,0x66,0x66,0x66,0x66,0x66,0x66,0x66,0x66,0x66,0x66,0x96,0x69,0x99,0x99,0x66,0x66,
	0x66,0x93,0x33,0x39,0x99,0x99,0x99,0x90,0x00,0xFF,0x99,0x93,0x66,0x66,0x66,0x66,0x66,0x66,0x66,0x66,0x66,0x66,0x66,0x66,
	0x66,0x66,0x66,0x96,0x66,0x66,0x66,0x66,0x66,0x66,0x66,0x66,0x66,0x66,0x66,0x66,0x66,0x69,0x99,0x99,0x99,0x99,0x99,0x66,
	0x66,0x66,0x66,0x66,0x69,0x99,0x99,0x99,0x93,0x99,0x39,0x99,0x99,0x99,0x99,0x99,0x99,0x66,0x99,0x96,0x66,0x66,0x66,0x66,
	0x66,0x66,0x66,0x99,0x99,0x69,0x99,0x99,0x66,0x66,0x66,0x66,0x66,0x66,0x66,0x69,0x66,0x99,0x66,0x99,0x99,0x69,0x96,0x99,
	0x99,0x99,0x99,0x64,0x4A,0xAA,0x46,0x4A,0xA4,0x4A,0x44,0x46,0xA4,0xAA,0x44,0x44,0x44,0xA4,0x4A,0x44,0x4A,0x4A,0x44,0xA4,
	0xAA,0xA4,0x46,0x6A,0xA4,0x49,0x99,0x99,0x93,0x33,0x33,0x33,0x33,0x34,0x09,0x33,0x33,0x90,0x00,0xCA,0x99,0x33,0x99,0x99,
	0x66,0x69,0x99,0x69,0x99,0x99,0x94,0x00,0x09,0x33,0x09,0x33,0x09,0x39,0x93,0x39,0x69,0x99,0x99,0x99,0x99,0x99,0x93,0x33,
	0x99,0x99,0x99,0x99,0x99,0x48,0x96,0x99,0x99,0x99,0x99,0x99,0x99,0x99,0x99,0x99,0x99,0x93,0x39,0x99,0x69,0x99,0x99,0x99,
	0x99,0x99,0x99,0x99,0x99,0xA0,0x00,0x00,0x00,0x69,0x99,0x99,0x33,0x93,0x39,0x99,0x93,0x33,0x94,0x00,0x00,0x99,0x99,0x99,
	0x99,0x99,0x80,0x00,0x00,0x49,0x99,0x99,0x33,0x39,0x39,0x99,0x99,0x99,0x99,0x99,0x99,0x99,0x99,0x99,0x99,0x99,0x99,0x99,
	0x96,0x00,0x00,0x00,0x00,0xFF,0x00,0x06,0x96,0x66,0x00,0x00,0x00,0x00,0x00,0x00,0x00,0x00,0x00,0x00,0x00,0x00,0x00,0x00,
	0x00,0x00,0x06,0x69,0x66,0x60,0x00,0x00,0x00,0x00,0x00,0x09,0x00,0x00,0x00,0x00,0x00,0x00,0x66,0x99,0x99,0x99,0x99,0x96,
	0xAA,0xAA,0x69,0x99,0x99,0x99,0x99,0x9A,0x00,0x00,0x09,0x99,0x99,0x96,0x99,0x99,0x99,0x99,0x99,0x99,0x99,0x9A,0x00,0x00,
	0x00,0x69,0x99,0x99,0x99,0x99,0x96,0x00,0x00,0x00,0x00,0x00,0x00,0x00,0x00,0x00,0x00,0x00,0x00,0x00,0x00,0x00,0x00,0x66,
	0x66,0x66,0x66,0x66,0x66,0x66,0x69,0x99,0x99,0x99,0x99,0x99,0x33,0x39,0x99,0x69,0x66,0x66,0x96,0x66,0x66,0x66,0x66,0x66,
	0x69,0x66,0x99,0x93,0x99,0x66,0x66,0x99,0x99,0x99,0x99,0x99,0x99,0x90,0x00,0xFF,0x99,0x99,0x99,0x66,0x66,0x66,0x66,0x96,
	0x66,0x66,0x66,0x66,0x66,0x66,0x66,0x69,0x99,0x96,0x66,0x69,0x66,0x66,0x66,0x66,0x66,0x66,0x66,0x66,0x96,0x69,0x96,0x69,
	0x69,0x99,0x99,0x99,0x66,0x99,0x66,0x66,0x66,0x66,0x69,0x99,0x99,0x99,0x93,0x99,0x99,0x99,0x99,0x99,0x99,0x99,0x66,0x66,
	0x66,0x66,0x66,0x66,0x69,0x96,0x66,0x66,0x66,0x99,0x39,0x99,0x99,0x99,0x66,0x96,0x96,0x99,0x66,0x96,0x99,0x99,0x33,0x99,
	0x39,0x99,0x99,0x99,0x96,0x99,0x99,0x93,0x99,0x99,0x99,0x99,0x99,0x33,0x66,0x64,0xAA,0x44,0x44,0x4A,0x44,0x44,0x44,0xAA,
	0x4A,0x44,0x4A,0x44,0xA4,0xA4,0x44,0x44,0xA4,0x4A,0x6A,0x43,0x39,0x33,0x99,0x33,0x93,0x39,0x99,0x93,0x00,0x93,0x99,0x30,
	0x00,0xCA,0x99,0x33,0x39,0x99,0x99,0x99,0x96,0x96,0x69,0x96,0x99,0x99,0x00,0x06,0x09,0x90,0x99,0x39,0x99,0x33,0x33,0x99,
	0x99,0x99,0x99,0x93,0x93,0x39,0x33,0x39,0x99,0x99,0x99,0x09,0x99,0x99,0x99,0x99,0x33,0x99,0x99,0x69,0x93,0x39,0x99,0x99,
	0x99,0x39,0x99,0x99,0x99,0x99,0x99,0x99,0x99,0x99,0x99,0x99,0x96,0x00,0x00,0x00,0x00,0x49,0x99,0x99,0x33,0x99,0x99,0xA0,
	0x00,0x00,0x00,0xA9,0x99,0x99,0x9A,0x00,0x00,0x00,0x69,0x99,0x99,0x99,0x99,0x93,0x93,0x99,0x39,0x99,0x99,0x99,0x99,0x99,
	0x99,0x99,0x99,0x99,0x99,0x99,0x96,0x00,0x00,0x00,0x00,0xFF,0x00,0x06,0x66,0x66,0x60,0x00,0x00,0x00,0x00,0x00,0x00,0x00,
	0x00,0x00,0x00,0x00,0x00,0x00,0x00,0x00,0x06,0x96,0x66,0x60,0x00,0x00,0x00,0x00,0x00,0x00,0x66,0x00,0x00,0x00,0x00,0x00,
	0x00,0x66,0x99,0x96,0x99,0x96,0x99,0x96,0x99,0x99,0x99,0x69,0x96,0x66,0x00,0x00,0x09,0x96,0x99,0x96,0x99,0x99,0x99,0x99,
	0x99,0x99,0x99,0x99,0x00,0x00,0x00,0x69,0x99,0x99,0x99,0x99,0x94,0x00,0x00,0x00,0x00,0x00,0x00,0x00,0x00,0x00,0x00,0x00,
	0x00,0x00,0x00,0x00,0x00,0x66,0x66,0x66,0x66,0x66,0x66,0x66,0x99,0x99,0x99,0x99,0x99,0x99,0x93,0x99,0x96,0x69,0x99,0x66,
	0x66,0x66,0x66,0x66,0x66,0x66,0x69,0x66,0x99,0x99,0x99,0x66,0x66,0x99,0x99,0x99,0x99,0x99,0x99,0x90,0x00,0xFF,0x99,0x99,
	0x99,0x99,0x66,0x66,0x66,0x69,0x66,0x66,0x66,0x66,0x66,0x66,0x66,0x66,0x96,0x66,0x66,0x66,0x66,0x66,0x66,0x66,0x66,0x66,
	0x66,0x66,0x66,0x99,0x96,0x96,0x99,0x99,0x99,0x99,0x99,0x99,0x66,0x66,0x66,0x66,0x69,0x99,0x99,0x99,0x93,0x99,0x99,0x99,
	0x99,0x99,0x99,0x99,0x66,0x66,0x66,0x96,0x66,0x66,0x66,0x99,0x69,0x99,0x66,0x93,0x93,0x39,0x99,0x39,0x96,0x66,0x99,0x66,
	0x99,0x66,0x66,0x69,0x93,0x99,0x99,0x99,0x99,0x99,0x99,0x99,0x99,0x93,0x99,0x99,0x99,0x99,0x99,0x39,0x99,0x99,0x99,0x96,
	0x4A,0x9A,0xA4,0x44,0x44,0x44,0xAA,0x44,0x64,0x4A,0x44,0x44,0xAA,0x44,0xA4,0x44,0x44,0x43,0x33,0x33,0x39,0x99,0x93,0x99,
	0x99,0x99,0x90,0x99,0x99,0x30,0x00,0xCA,0x99,0x93,0x33,0x99,0x99,0x99,0x99,0x99,0x99,0x96,0x69,0x99,0x99,0x80,0x09,0x04,
	0x39,0x93,0x39,0x39,0x33,0x99,0x99,0x99,0x99,0x99,0x69,0x99,0x99,0x39,0x93,0x39,0x30,0x09,0x93,0x99,0x99,0x99,0x99,0x99,
	0x99,0x99,0x99,0x93,0x39,0x99,0x99,0x39,0x99,0x99,0x99,0x99,0x99,0x99,0x99,0x99,0x99,0x99,0x99,0x99,0xA0,0x00,0x00,0x00,
	0x0A,0x66,0x66,0x66,0x00,0x00,0x00,0x00,0x00,0x49,0x64,0x00,0x00,0x00,0x08,0x69,0x99,0x99,0x99,0x99,0x99,0x99,0x93,0x33,
	0x39,0x33,0x99,0x99,0x99,0x99,0x99,0x99,0x99,0x99,0x99,0x99,0x96,0x00,0x00,0x00,0x00,0xFF,0x00,0x06,0x66,0x66,0x60,0x00,
	0x00,0x00,0x00,0x00,0x00,0x00,0x00,0x00,0x00,0x00,0x00,0x00,0x00,0x00,0x06,0x66,0x96,0x60,0x00,0x00,0x00,0x00,0x00,0x00,
	0x69,0x66,0x00,0x00,0x00,0x00,0x00,0x00,0x00,0xA6,0x69,0x96,0x99,0x99,0x99,0x99,0x69,0x96,0x99,0x99,0x00,0x00,0x06,0x99,
	0x96,0x99,0x99,0x99,0x96,0x99,0x99,0x99,0x99,0x60,0x00,0x00,0x00,0x99,0x99,0x99,0x99,0x99,0x99,0x00,0x00,0x00,0x00,0x00,
	0x00,0x88,0xAA,0xA6,0x66,0x66,0x66,0x66,0x66,0xA4,0x46,0x66,0x66,0x66,0x66,0x66,0x66,0x69,0x99,0x99,0x99,0x99,0x99,0x99,
	0x99,0x66,0x66,0x66,0x66,0x66,0x69,0x66,0x66,0x66,0x96,0x66,0x66,0x66,0x69,0x99,0x99,0x96,0x66,0x96,0x99,0x99,0x99,0x99,
	0x99,0x90,0x00,0xFF,0x99,0x99,0x99,0x99,0x66,0x66,0x66,0x66,0x66,0x66,0x66,0x66,0x66,0x66,0x66,0x66,0x69,0x66,0x66,0x66,
	0x66,0x66,0x66,0x66,0x66,0x66,0x66,0x66,0x99,0x99,0x99,0x96,0x69,0x69,0x69,0x69,0x99,0x66,0x66,0x66,0x66,0x66,0x69,0x99,
	0x99,0x99,0x93,0x99,0x69,0x99,0x99,0x99,0x99,0x99,0x66,0x69,0x96,0x69,0x66,0x66,0x66,0x66,0x66,0x69,0x99,0x66,0x99,0x93,
	0x99,0x96,0x96,0x66,0x66,0x96,0x69,0x66,0x66,0x69,0x99,0x99,0x99,0x39,0x99,0x99,0x99,0x39,0x99,0x99,0x99,0x99,0x99,0x99,
	0x99,0x39,0x39,0x39,0x99,0x39,0x99,0x99,0x96,0x66,0x44,0xA4,0x6A,0x44,0x44,0x44,0x44,0x44,0x4A,0xAA,0x4A,0x64,0x4A,0x43,
	0x33,0x33,0x33,0x99,0x99,0x99,0x99,0x99,0x96,0x09,0x93,0x90,0x00,0xCA,0x99,0x33,0x99,0x99,0x99,0x69,0x99,0x99,0x99,0x99,
	0x99,0x99,0x99,0x96,0x00,0x09,0x99,0x93,0x99,0x99,0x33,0x33,0x33,0x33,0x99,0x99,0x99,0x99,0x99,0x93,0x99,0x99,0x40,0x99,
	0x93,0x99,0x99,0x99,0x99,0x99,0x99,0x96,0x99,0x99,0x99,0x99,0x99,0x99,0x99,0x99,0x99,0x99,0x99,0x99,0x99,0x99,0x99,0x99,
	0x99,0x99,0x99,0x40,0x00,0x00,0x00,0x00,0x00,0x00,0x00,0x00,0x00,0x00,0x00,0x00,0x00,0x00,0x00,0x0A,0x99,0x99,0x99,0x99,
	0x99,0x99,0x99,0x99,0x99,0x93,0x33,0x93,0x39,0x99,0x99,0x99,0x99,0x99,0x99,0x99,0x99,0x99,0x96,0x00,0x00,0x00,0x00,0xFF,
	0x00,0x04,0x96,0x69,0x99,0x00,0x00,0x00,0x00,0x60,0x00,0x00,0x00,0x00,0x00,0x00,0x00,0x00,0x00,0x00,0x00,0x96,0x69,0x66,
	0x00,0x00,0x00,0x00,0x00,0x00,0x00,0x99,0x69,0x60,0x00,0x00,0x00,0x00,0x00,0x00,0x00,0x00,0x00,0x00,0x89,0x99,0x99,0x69,
	0x69,0x99,0x00,0x00,0x00,0x99,0x66,0x99,0x99,0x99,0x99,0x99,0x99,0x99,0x60,0x00,0x00,0x00,0x00,0x99,0x99,0x99,0x99,0x99,
	0x99,0x99,0x99,0x99,0x99,0x99,0x99,0x99,0x99,0x99,0x99,0x99,0x99,0x99,0x99,0x66,0x66,0x66,0x66,0x66,0x66,0x66,0x66,0x69,
	0x99,0x99,0x99,0x99,0x99,0x99,0x66,0x66,0x66,0x99,0x96,0x66,0x99,0x99,0x66,0x96,0x69,0x66,0x99,0x96,0x69,0x99,0x66,0x66,
	0x66,0x99,0x99,0x99,0x99,0x99,0x99,0x90,0x00,0xFF,0x99,0x99,0x99,0x99,0x66,0x66,0x66,0x66,0x66,0x66,0x66,0x66,0x66,0x66,
	0x66,0x66,0x69,0x66,0x66,0x66,0x66,0x66,0x66,0x66,0x66,0x66,0x66,0x66,0x66,0x99,0x99,0x99,0x99,0x99,0x96,0x96,0x99,0x99,
	0x66,0x66,0x66,0x00,0x00,0x08,0x46,0x66,0x66,0x39,0x99,0x99,0x99,0x99,0x99,0x66,0x66,0x69,0x66,0x96,0x66,0x66,0x66,0x66,
	0x66,0x99,0x39,0x33,0x93,0x99,0x99,0x96,0x69,0x66,0x99,0x66,0x66,0x66,0x66,0x99,0x99,0x99,0x99,0x99,0x99,0x99,0x99,0x99,
	0x99,0x93,0x99,0x99,0x99,0x99,0x99,0x93,0x33,0x33,0x99,0x99,0x99,0x99,0x99,0x99,0x39,0x93,0x39,0x96,0x64,0xA4,0x4A,0x44,
	0x4A,0x4A,0x44,0x44,0x44,0x69,0x93,0x99,0x99,0x99,0x99,0x99,0x39,0x39,0x99,0xA0,0x39,0x30,0x00,0xCA,0x39,0x99,0x99,0x99,
	0x99,0x69,0x69,0x99,0x99,0x99,0x99,0x99,0x99,0x99,0x08,0xA0,0x06,0x99,0x99,0x99,0x39,0x33,0x33,0x33,0x39,0x39,0x99,0x99,
	0x99,0x99,0x99,0x99,0x09,0x99,0x99,0x99,0x99,0x99,0x99,0x99,0x99,0x99,0x99,0x99,0x99,0x93,0x99,0x99,0x99,0x99,0x99,0x99,
	0x99,0x99,0x99,0x99,0x99,0x99,0x99,0x99,0x99,0x99,0x99,0x96,0x00,0x00,0x00,0x00,0x00,0x00,0x00,0x00,0x00,0x00,0x00,0x00,
	0xA9,0x99,0x39,0x99,0x39,0x99,0x93,0x99,0x93,0x93,0x33,0x99,0x33,0x33,0x39,0x99,0x99,0x93,0x99,0x99,0x39,0x93,0x99,0x99,
	0x96,0x00,0x00,0x00,0x00,0xFF,0x00,0x00,0x66,0x66,0x66,0x40,0x00,0x00,0x00,0x44,0x00,0x00,0x00,0x00,0x00,0x00,0x00,0x00,
	0x00,0x00,0x00,0x66,0x66,0x96,0x00,0x00,0x00,0x00,0x00,0x00,0x00,0x09,0x99,0x99,0x00,0x00,0x00,0x00,0x00,0x00,0x00,0x00,
	0x00,0x00,0x09,0x99,0x88,0x8A,0x88,0x69,0xA0,0x00,0x00,0x99,0x99,0x99,0x99,0x99,0x99,0x99,0x99,0x9A,0x00,0x00,0x00,0x00,
	0x89,0x99,0x99,0x99,0x99,0x99,0x99,0x99,0x99,0x99,0x99,0x99,0x99,0x99,0x99,0x99,0x99,0x99,0x99,0x99,0x99,0x66,0x66,0x66,
	0x66,0x66,0x66,0x66,0x66,0x69,0x99,0x99,0x99,0x99,0x99,0x99,0x66,0x66,0x66,0x66,0x66,0x66,0x66,0x69,0x66,0x69,0x96,0x66,
	0x66,0x99,0x69,0x99,0x99,0x66,0x66,0x69,0x99,0x99,0x99,0x99,0x99,0x90,0x00,0xFF,0x99,0x99,0x99,0x96,0x66,0x66,0x66,0x66,
	0x66,0x66,0x66,0x66,0x66,0x66,0x69,0x66,0x66,0x66,0x66,0x66,0x66,0x66,0x66,0x66,0x66,0x66,0x99,0x99,0x96,0x69,0x69,0x99,
	0x96,0x99,0x66,0x99,0x69,0x99,0x66,0x66,0x68,0x00,0x00,0x00,0x00,0x00,0x00,0x00,0x00,0x00,0x00,0x00,0x00,0x00,0x00,0x00,
	0x00,0x00,0x00,0x00,0x00,0x00,0x00,0x00,0x00,0x00,0x00,0x08,0x99,0x66,0x69,0x66,0x69,0x99,0x69,0x66,0x99,0x66,0x93,0x99,
	0x39,0x99,0x93,0x99,0x99,0x99,0x99,0x99,0x99,0x99,0x99,0x99,0x99,0x33,0x33,0x39,0x39,0x99,0x99,0x99,0x99,0x99,0x99,0x99,
	0x99,0x33,0x33,0x99,0x99,0x64,0xA8,0xAA,0xAA,0x44,0x44,0x69,0x33,0x39,0x99,0x99,0x69,0x99,0x39,0x39,0x99,0x3A,0x09,0x90,
	0x00,0xCA,0x39,0x99,0x99,0x99,0x99,0x69,0x99,0x99,0x99,0x99,0x99,0x94,0x99,0x99,0x09,0x99,0xA0,0x09,0x99,0x99,0x39,0x93,
	0x33,0x33,0x33,0x39,0x99,0x99,0x99,0x99,0x99,0x90,0x69,0x99,0x99,0x99,0x99,0x99,0x99,0x99,0x33,0x99,0x99,0x99,0x99,0x93,
	0x39,0x99,0x99,0x99,0x99,0x99,0x99,0x99,0x99,0x99,0x99,0x99,0x99,0x99,0x99,0x99,0x99,0x99,0x94,0x00,0x00,0x00,0x00,0x00,
	0x00,0x00,0x00,0x84,0x69,0x99,0x99,0x99,0x33,0x33,0x33,0x39,0x93,0x39,0x93,0x99,0x93,0x39,0x93,0x33,0x33,0x33,0x39,0x99,
	0x99,0x99,0x99,0x39,0x39,0x99,0x96,0x00,0x00,0x00,0x00,0xFF,0x00,0x00,0x66,0x66,0x96,0x60,0x00,0x00,0x00,0x69,0x00,0x00,
	0x00,0x00,0x00,0x00,0x04,0x69,0x60,0x00,0x00,0x99,0x69,0x66,0x00,0x00,0x00,0x00,0x00,0x00,0x00,0x00,0x99,0x96,0x00,0x00,
	0x04,0x00,0x00,0x00,0x00,0x00,0x00,0x00,0x09,0x99,0x00,0x00,0x00,0x00,0x80,0x00,0x00,0x69,0x99,0x69,0x99,0x99,0x99,0x99,
	0x6A,0x00,0x00,0x00,0x00,0x00,0xAA,0xA4,0x66,0x66,0x99,0x99,0x99,0x99,0x99,0x99,0x99,0x99,0x99,0x99,0x99,0x99,0x66,0x99,
	0x99,0x99,0x96,0x66,0x66,0x66,0x66,0x66,0x66,0x66,0x66,0x99,0x99,0x99,0x99,0x99,0x99,0x96,0x66,0x66,0x66,0x69,0x66,0x66,
	0x69,0x66,0x99,0x66,0x69,0x66,0x66,0x99,0x96,0x99,0x96,0x99,0x96,0x69,0x99,0x99,0x99,0x99,0x99,0x90,0x00,0xFF,0x99,0x99,
	0x96,0x66,0x66,0x66,0x66,0x66,0x66,0x66,0x66,0x66,0x66,0x66,0x66,0x96,0x66,0x66,0x96,0x66,0x66,0x96,0x66,0x66,0x66,0x69,
	0x99,0x96,0x69,0x69,0x66,0x99,0x96,0x99,0x99,0x96,0x66,0x96,0x66,0x66,0x60,0x00,0x00,0x00,0x00,0x00,0x00,0x00,0x00,0x00,
	0x00,0x00,0x00,0x00,0x00,0x00,0x00,0x00,0x00,0x00,0x00,0x00,0x00,0x00,0x00,0x00,0x00,0x00,0x69,0x96,0x66,0x96,0x66,0x69,
	0x69,0x99,0x99,0x99,0x99,0x99,0x99,0x99,0x99,0x99,0x93,0x99,0x99,0x99,0x99,0x99,0x99,0x99,0x99,0x93,0x33,0x39,0x99,0x93,
	0x99,0x99,0x33,0x93,0x99,0x99,0x39,0x99,0x99,0x93,0x96,0x93,0x99,0x99,0x96,0x4A,0xAA,0x99,0x93,0x39,0x99,0x99,0x96,0x99,
	0x99,0x99,0x39,0x93,0x00,0x90,0x00,0xCA,0x33,0x99,0x99,0x99,0x99,0x99,0x99,0x99,0x99,0x99,0x99,0x00,0x99,0x9A,0x09,0x99,
	0x99,0xA0,0x99,0x99,0x93,0x93,0x39,0x99,0x33,0x99,0x93,0x93,0x99,0x99,0x99,0x00,0x99,0x99,0x99,0x99,0x99,0x99,0x99,0x99,
	0x33,0x99,0x99,0x99,0x93,0x99,0x99,0x99,0x99,0x99,0x99,0x99,0x99,0x99,0x99,0x99,0x99,0x99,0x99,0x99,0x99,0x99,0x99,0x99,
	0x99,0x99,0x6A,0xA8,0x08,0x0A,0x66,0x99,0x39,0x39,0x99,0x99,0x99,0x99,0x99,0x99,0x99,0x39,0x39,0x99,0x99,0x99,0x99,0x93,
	0x99,0x33,0x33,0x33,0x33,0x33,0x33,0x93,0x39,0x99,0x93,0x99,0x96,0x00,0x00,0x00,0x00,0xFF,0x00,0x00,0x66,0x96,0x96,0x66,
	0x00,0x00,0x00,0x46,0xA0,0x00,0x00,0x00,0x00,0x00,0x00,0x08,0x60,0x00,0x00,0x49,0x66,0x66,0x00,0x00,0x00,0x00,0x00,0x00,
	0x00,0x00,0x06,0x99,0x00,0x00,0x09,0x99,0x99,0x99,0x99,0x6A,0xAA,0xAA,0xA6,0x69,0x00,0x00,0x00,0x00,0x00,0x00,0x00,0x49,
	0x99,0x99,0x99,0x99,0x99,0x40,0x00,0x00,0x00,0x00,0x00,0x00,0x00,0x00,0x00,0x00,0x00,0x00,0x00,0x00,0x00,0x00,0x00,0x00,
	0x00,0x00,0x00,0x00,0x00,0x00,0x00,0x99,0x96,0x96,0x66,0x66,0x66,0x66,0x66,0x66,0x66,0x99,0x99,0x99,0x99,0x99,0x96,0x66,
	0x66,0x66,0x66,0x66,0x66,0x66,0x69,0x96,0x66,0x66,0x66,0x96,0x96,0x69,0x96,0x99,0x96,0x99,0x96,0x66,0x99,0x99,0x99,0x99,
	0x99,0x90,0x00,0xFF,0x99,0x96,0x66,0x66,0x66,0x66,0x66,0x66,0x66,0x66,0x66,0x66,0x66,0x66,0x66,0x66,0x66,0x66,0x66,0x66,
	0x66,0x66,0x66,0x66,0x69,0x99,0x99,0x66,0x96,0x96,0x96,0x69,0x99,0x96,0x99,0x69,0x99,0x99,0x66,0x66,0x66,0x00,0x00,0x00,
	0x00,0x08,0x4A,0x46,0x69,0x99,0x99,0x66,0x66,0x66,0x69,0x66,0x99,0x96,0x66,0x96,0x66,0x96,0x66,0x99,0x99,0x99,0x99,0x99,
	0x99,0x69,0x99,0x96,0x69,0x96,0x99,0x69,0x99,0x99,0x93,0x39,0x33,0x99,0x39,0x93,0x93,0x99,0x99,0x93,0x99,0x99,0x99,0x99,
	0x99,0x93,0x99,0x99,0x39,0x93,0x39,0x39,0x99,0x93,0x93,0x99,0x99,0x99,0x39,0x93,0x39,0x69,0x99,0x93,0x99,0x93,0x93,0x33,
	0x33,0x39,0x39,0x99,0x99,0x99,0x93,0x33,0x33,0x99,0x94,0x00,0x00,0xCA,0x69,0x99,0x99,0x99,0x96,0x99,0x99,0x99,0x99,0x99,
	0x90,0x89,0x99,0x34,0x49,0x99,0x99,0x99,0x93,0x99,0x93,0x99,0x99,0x93,0x39,0x93,0x99,0x99,0x99,0x99,0x90,0x83,0x99,0x99,
	0x99,0x99,0x99,0x99,0x99,0x99,0x93,0x99,0x99,0x99,0x93,0x39,0x99,0x99,0x99,0x99,0x99,0x99,0x99,0x99,0x99,0x99,0x99,0x99,
	0x99,0x99,0x99,0x99,0x99,0x99,0x99,0x99,0x99,0x99,0x99,0x99,0x99,0x99,0x39,0x39,0x99,0x99,0x99,0x99,0x99,0x99,0x99,0x99,
	0x99,0x99,0x99,0x99,0x99,0x99,0x39,0x39,0x93,0x33,0x33,0x33,0x33,0x33,0x93,0x99,0x99,0x99,0x96,0x00,0x00,0x00,0x00,0xFF,
	0x00,0x00,0xA6,0x66,0x66,0x66,0xA0,0x00,0x00,0x49,0x60,0x00,0x00,0x06,0x00,0x00,0x00,0x00,0x00,0x00,0x00,0x06,0x66,0x66,
	0x00,0x00,0x00,0x00,0x09,0x00,0x00,0x00,0x00,0x49,0x00,0x00,0x09,0x99,0x99,0x99,0x69,0x99,0x99,0x99,0x96,0x99,0x80,0x00,
	0x00,0x00,0x00,0x00,0x00,0x09,0x99,0x69,0x99,0x99,0x40,0x00,0x00,0x00,0x00,0x08,0x00,0x00,0x00,0x00,0x00,0x00,0x00,0x00,
	0x00,0x00,0x00,0x00,0x00,0x00,0x00,0x00,0x00,0x00,0x00,0x00,0x08,0x99,0x66,0x66,0x66,0x66,0x66,0x66,0x66,0x66,0x69,0x99,
	0x99,0x99,0x99,0x99,0x96,0x66,0x66,0x66,0x66,0x66,0x96,0x69,0x66,0x69,0x66,0x96,0x66,0x66,0x66,0x69,0x96,0x69,0x96,0x69,
	0x99,0x99,0x99,0x99,0x99,0x99,0x99,0x90,0x00,0xFF,0x99,0x96,0x66,0x66,0x66,0x66,0x66,0x66,0x66,0x66,0x66,0x66,0x66,0x66,
	0x66,0x66,0x66,0x66,0x66,0x66,0x66,0x66,0x66,0x69,0x99,0x99,0x99,0x69,0x99,0x69,0x99,0x69,0x99,0x99,0x69,0x99,0x99,0x99,
	0x66,0x66,0x66,0x66,0x99,0x99,0x99,0x99,0x99,0x99,0x99,0x99,0x99,0x96,0x66,0x69,0x66,0x66,0x99,0x96,0x66,0x66,0x96,0x66,
	0x99,0x99,0x99,0x99,0x93,0x99,0x96,0x66,0x66,0x66,0x66,0x66,0x69,0x69,0x99,0x99,0x99,0x33,0x99,0x99,0x93,0x99,0x99,0x99,
	0x93,0x39,0x99,0x99,0x99,0x99,0x99,0x99,0x99,0x93,0x33,0x93,0x39,0x93,0x39,0x39,0x33,0x39,0x99,0x99,0x93,0x33,0x99,0x96,
	0x4A,0x93,0x39,0x99,0x93,0x33,0x33,0x33,0x93,0x39,0x99,0x93,0x99,0x93,0x99,0x99,0x99,0x60,0x00,0xCA,0x06,0x99,0x99,0x99,
	0x96,0x99,0x96,0x69,0x99,0x99,0x80,0x99,0x99,0x39,0x99,0x99,0x99,0x99,0x99,0x93,0x99,0x99,0x99,0x93,0x33,0x99,0x99,0x33,
	0x33,0x99,0xA0,0x93,0x93,0x99,0x99,0x39,0x99,0x99,0x99,0x99,0x93,0x99,0x99,0x99,0x93,0x33,0x99,0x99,0x99,0x99,0x99,0x99,
	0x99,0x99,0x99,0x99,0x99,0x99,0x99,0x99,0x99,0x99,0x99,0x99,0x99,0x99,0x99,0x93,0x99,0x99,0x99,0x99,0x99,0x93,0x99,0x99,
	0x99,0x99,0x99,0x99,0x99,0x99,0x99,0x99,0x99,0x99,0x99,0x99,0x99,0x33,0x99,0x99,0x33,0x33,0x33,0x39,0x33,0x93,0x39,0x99,
	0x96,0x00,0x00,0x00,0x00,0xFF,0x00,0x00,0x06,0x66,0x66,0x69,0x60,0x00,0x00,0x06,0x64,0x00,0x00,0x00,0x6A,0x00,0x00,0x00,
	0x00,0x00,0x00,0x09,0x96,0x96,0x00,0x00,0x00,0x00,0x09,0x9A,0x00,0x00,0x00,0x00,0x00,0x00,0x09,0x99,0x99,0x99,0x99,0x69,
	0x99,0x99,0x99,0x96,0x99,0x99,0xA0,0x00,0x00,0x00,0x00,0x09,0x96,0x99,0x96,0x00,0x00,0x00,0x00,0x00,0x06,0x99,0x90,0x00,
	0x00,0xAA,0xA4,0x66,0x66,0x99,0x99,0x99,0x99,0x99,0x99,0x99,0x99,0x99,0x99,0x99,0x99,0x99,0x99,0x99,0x66,0x66,0x66,0x66,
	0x66,0x66,0x60,0x86,0x69,0x99,0x99,0x99,0x99,0x96,0x66,0x66,0x66,0x66,0x96,0x96,0x66,0x66,0x66,0x96,0x66,0x66,0x66,0x66,
	0x69,0x66,0x96,0x66,0x96,0x66,0x66,0x69,0x99,0x99,0x99,0x99,0x99,0x90,0x00,0xFF,0x96,0x66,0x66,0x66,0x66,0x66,0x66,0x66,
	0x66,0x96,0x69,0x66,0x66,0x66,0x66,0x66,0x66,0x66,0x66,0x66,0x66,0x66,0x66,0x66,0x69,0x99,0x69,0x99,0x99,0x96,0x69,0x99,
	0x99,0x99,0x99,0x99,0x99,0x66,0x66,0x66,0x66,0x66,0x99,0x99,0x99,0x99,0x99,0x99,0x99,0x99,0x96,0x66,0x69,0x96,0x66,0x66,
	0x96,0x69,0x66,0x66,0x69,0x96,0x69,0x99,0x99,0x99,0x99,0x99,0x99,0x69,0x66,0x69,0x99,0x66,0x96,0x66,0x69,0x99,0x99,0x93,
	0x39,0x93,0x99,0x33,0x99,0x99,0x99,0x99,0x99,0x99,0x99,0x99,0x99,0x33,0x33,0x99,0x93,0x99,0x93,0x39,0x39,0x99,0x99,0x33,
	0x33,0x33,0x99,0x33,0x39,0x6A,0x00,0x00,0x04,0x93,0x99,0x99,0x33,0x33,0x99,0x99,0x99,0x99,0x99,0x99,0x99,0x93,0x39,0x60,
	0x00,0xCA,0x60,0x09,0x99,0x99,0x96,0x69,0x99,0x99,0x99,0x98,0x09,0x99,0x39,0x99,0x99,0x99,0x99,0x99,0x99,0x99,0x99,0x99,
	0x99,0x33,0x33,0x33,0x39,0x99,0x93,0x90,0x09,0x99,0x33,0x99,0x99,0x99,0x33,0x99,0x99,0x99,0x33,0x99,0x99,0x99,0x93,0x33,
	0x99,0x99,0x99,0x99,0x99,0x99,0x99,0x99,0x99,0x99,0x99,0x99,0x99,0x99,0x99,0x99,0x99,0x99,0x99,0x93,0x99,0x99,0x99,0x99,
	0x99,0x99,0x99,0x93,0x39,0x99,0x99,0x99,0x99,0x99,0x99,0x99,0x99,0x99,0x99,0x99,0x99,0x99,0x99,0x93,0x33,0x99,0x99,0x33,
	0x33,0x33,0x39,0x99,0x99,0x99,0x96,0x00,0x00,0x00,0x00,0xFF,0x00,0x00,0x08,0x66,0x66,0x69,0x60,0x00,0x00,0x06,0x96,0x00,
	0x00,0x00,0x66,0x60,0x00,0x00,0x00,0x00,0x00,0x04,0x69,0x96,0x00,0x00,0x00,0x00,0x09,0x66,0x40,0x00,0x00,0x00,0x00,0x00,
	0x09,0x69,0x99,0x99,0x39,0x99,0x99,0x99,0x96,0x99,0x99,0x99,0x99,0x68,0x00,0x00,0x00,0x09,0x99,0x98,0x00,0x00,0x00,0x00,
	0x00,0x06,0x99,0x99,0x99,0x99,0x99,0x99,0x99,0x99,0x99,0x99,0x99,0x99,0x99,0x99,0x99,0x99,0x99,0x99,0x99,0x99,0x99,0x99,
	0x99,0x96,0x66,0x66,0x66,0x66,0x66,0x66,0xA0,0x06,0x69,0x99,0x99,0x99,0x99,0x66,0x66,0x66,0x66,0x66,0x66,0x66,0x66,0x96,
	0x66,0x66,0x66,0x66,0x66,0x66,0x69,0x69,0x69,0x66,0x66,0x69,0x66,0x66,0x99,0x99,0x99,0x99,0x99,0x90,0x00,0xFF,0x69,0x66,
	0x66,0x69,0x96,0x66,0x66,0x66,0x66,0x66,0x66,0x99,0x66,0x96,0x66,0x66,0x66,0x66,0x66,0x66,0x66,0x66,0x66,0x66,0x66,0x99,
	0x99,0x99,0x99,0x99,0x99,0x99,0x99,0x66,0x99,0x99,0x99,0x96,0x66,0x66,0x66,0x66,0x69,0x99,0x99,0x99,0x99,0x99,0x99,0x99,
	0x96,0x96,0x66,0x64,0xA8,0x88,0x00,0x00,0x66,0x66,0x69,0x69,0x99,0x99,0x99,0x99,0x3A,0x09,0x99,0x69,0x96,0x66,0x96,0x66,
	0x69,0x66,0x69,0x69,0x99,0x99,0x39,0x99,0x99,0x99,0x93,0x33,0x33,0x99,0x99,0x99,0x99,0x99,0x99,0x33,0x33,0x39,0x93,0x93,
	0x99,0x93,0x39,0x33,0x39,0x33,0x99,0x33,0x99,0x33,0x99,0x00,0x00,0x00,0x00,0x00,0xA6,0x33,0x33,0x33,0x39,0x96,0x96,0x99,
	0x99,0x99,0x99,0x33,0x39,0x60,0x00,0xCA,0x69,0x00,0x49,0x99,0x99,0x99,0x99,0x99,0x99,0x90,0x69,0x69,0x39,0x99,0x99,0x99,
	0x99,0x99,0x99,0x93,0x99,0x99,0x99,0x93,0x33,0x99,0x93,0x39,0x93,0x80,0x99,0x99,0x33,0x39,0x93,0x33,0x33,0x99,0x33,0x99,
	0x33,0x99,0x99,0x39,0x33,0x33,0x39,0x99,0x99,0x99,0x99,0x99,0x99,0x99,0x99,0x99,0x99,0x99,0x99,0x99,0x99,0x99,0x99,0x99,
	0x99,0x99,0x99,0x99,0x99,0x99,0x99,0x99,0x99,0x93,0x99,0x99,0x99,0x99,0x99,0x99,0x99,0x99,0x99,0x99,0x99,0x99,0x99,0x99,
	0x99,0x99,0x93,0x99,0x99,0x33,0x39,0x33,0x39,0x99,0x93,0x39,0x96,0x00,0x00,0x00,0x00,0xFF,0x00,0x00,0x00,0x66,0x66,0x66,
	0x60,0x00,0x00,0x04,0x66,0x40,0x00,0x00,0x69,0x99,0x60,0x00,0x00,0x00,0x00,0x00,0x99,0x96,0x00,0x00,0x00,0x00,0x09,0x96,
	0x66,0x00,0x00,0x00,0x00,0x00,0x06,0x96,0x99,0x99,0x96,0x99,0x69,0x99,0x96,0x66,0x99,0x66,0x99,0x96,0x60,0x00,0x00,0x09,
	0x60,0x00,0x00,0x00,0x00,0x00,0x06,0x99,0x99,0x99,0x99,0x99,0x99,0x99,0x99,0x99,0x99,0x99,0x99,0x99,0x99,0x99,0x99,0x99,
	0x99,0x99,0x99,0x99,0x99,0x99,0x99,0x96,0x69,0x66,0x66,0x66,0x66,0x66,0x60,0x00,0x99,0x99,0x99,0x99,0x96,0x66,0x66,0x66,
	0x66,0x66,0x66,0x66,0x96,0x69,0x66,0x66,0x66,0x63,0x99,0x66,0x66,0x66,0x69,0x96,0x66,0x66,0x66,0x69,0x99,0x99,0x99,0x99,
	0x99,0x90,0x00,0xFF,0x99,0x66,0x66,0x69,0x99,0x66,0x96,0x96,0x66,0x66,0x66,0x66,0x96,0x96,0x66,0x66,0x66,0x66,0x66,0x66,
	0x66,0x66,0x69,0x66,0x66,0x99,0x99,0x99,0x99,0x99,0x96,0x99,0x99,0x99,0x99,0x99,0x39,0x96,0x66,0x66,0x66,0x66,0x69,0x99,
	0x99,0x99,0x80,0x00,0x00,0x00,0x00,0x00,0x00,0x00,0x00,0x00,0x00,0x00,0x06,0x66,0x66,0x66,0x99,0x99,0x99,0x99,0x60,0x06,
	0x69,0x66,0x66,0x69,0x66,0x96,0x96,0x96,0x66,0x00,0x69,0x99,0x99,0x93,0x39,0x39,0x96,0x93,0x99,0x39,0x39,0x99,0x39,0x99,
	0x99,0x39,0x39,0x99,0x69,0x93,0x33,0x99,0x39,0x33,0x33,0x99,0x99,0x39,0x99,0x99,0x99,0x40,0x00,0x00,0x00,0x00,0x00,0x00,
	0x0A,0x63,0x33,0x39,0x99,0x99,0x99,0x99,0x99,0x99,0x99,0x60,0x00,0xCA,0x69,0x94,0x00,0x99,0x96,0x99,0x99,0x99,0x99,0x88,
	0x99,0x99,0x99,0x99,0x99,0x99,0x93,0x99,0x99,0x99,0x39,0x96,0x99,0x93,0x39,0x93,0x99,0x99,0x3A,0x09,0x99,0x93,0x93,0x39,
	0x99,0x93,0x93,0x99,0x93,0x93,0x39,0x99,0x99,0x99,0x93,0x33,0x33,0x33,0x68,0x00,0x06,0x99,0x99,0x99,0x99,0x99,0x99,0x99,
	0x99,0x99,0x99,0x99,0x33,0x99,0x99,0x93,0x99,0x99,0x99,0x99,0x93,0x99,0x99,0x93,0x99,0x99,0x99,0x99,0x99,0x99,0x99,0x99,
	0x99,0x99,0x99,0x99,0x99,0x99,0x99,0x99,0x99,0x99,0x99,0x33,0x33,0x33,0x39,0x99,0x39,0x99,0x96,0x00,0x00,0x00,0x00,0xFF,
	0x80,0x00,0x00,0xA6,0x66,0x69,0x60,0x00,0x00,0x00,0x96,0x90,0x00,0x00,0x09,0x96,0x96,0x60,0x00,0x00,0x00,0x00,0x96,0x90,
	0x00,0x00,0x00,0x00,0x06,0x99,0x69,0x60,0x00,0x00,0x00,0x00,0x06,0x99,0x96,0x99,0x99,0x98,0x00,0x00,0x00,0x06,0x99,0x96,
	0x99,0x99,0x99,0x66,0x66,0x00,0x00,0x00,0x00,0x00,0x00,0x69,0x99,0x99,0x99,0x99,0x99,0x99,0x99,0x99,0x99,0x99,0x99,0x99,
	0x99,0x99,0x99,0x99,0x99,0x99,0x99,0x99,0x99,0x99,0x99,0x99,0x99,0x96,0x80,0x00,0x06,0x66,0x66,0x96,0x68,0x00,0x06,0x99,
	0x99,0x99,0x66,0x66,0x66,0x66,0x66,0x66,0x66,0x66,0x66,0x66,0x66,0x66,0x66,0x69,0x99,0x96,0x99,0x69,0x99,0x99,0x66,0x66,
	0x66,0x99,0x99,0x99,0x99,0x99,0x99,0x90,0x00,0xFF,0x99,0x99,0x96,0x66,0x99,0x99,0x96,0x99,0x66,0x66,0x66,0x66,0x66,0x66,
	0x66,0x66,0x66,0x66,0x68,0x80,0x86,0x66,0x66,0xA0,0x66,0x66,0x99,0x99,0x99,0x99,0x96,0x66,0x99,0x96,0x96,0x99,0x99,0x96,
	0x66,0x66,0x96,0x66,0x69,0x99,0x99,0x99,0x80,0x00,0x00,0x00,0x00,0x00,0x00,0x00,0x00,0x00,0x00,0x00,0x0A,0x66,0x66,0x69,
	0x39,0x39,0x93,0x99,0x00,0xA6,0x66,0x69,0x99,0x66,0x69,0x69,0x66,0x96,0x6A,0x0A,0x93,0x39,0x33,0x99,0x39,0x93,0x99,0x99,
	0x93,0x33,0x33,0x99,0x99,0x99,0x99,0x39,0x33,0x39,0x99,0x39,0x33,0x93,0x99,0x93,0x99,0x40,0x00,0x46,0x39,0x93,0x99,0x94,
	0x00,0x00,0x00,0x00,0x00,0x00,0x00,0x00,0x00,0x09,0x96,0x33,0x39,0x33,0x99,0x96,0x99,0x90,0x00,0xCA,0x69,0x39,0x94,0x00,
	0x66,0x99,0x99,0x99,0x96,0x09,0x99,0x99,0x99,0x99,0x99,0x99,0x99,0x99,0x99,0x99,0x93,0x33,0x99,0x93,0x33,0x93,0x33,0x33,
	0x08,0x33,0x99,0x99,0x93,0x39,0x93,0x99,0x93,0x33,0x93,0x99,0x93,0x99,0x99,0x99,0x33,0x33,0x33,0x90,0x00,0x00,0x00,0x00,
	0x89,0x99,0x99,0x99,0x99,0x99,0x99,0x99,0x99,0x99,0x99,0x99,0x99,0x99,0x99,0x99,0x99,0x99,0x33,0x93,0x99,0x33,0x33,0x99,
	0x99,0x99,0x99,0x99,0x99,0x99,0x99,0x99,0x99,0x99,0x99,0x99,0x99,0x99,0x99,0x99,0x93,0x33,0x33,0x33,0x39,0x99,0x39,0x99,
	0x96,0x00,0x00,0x00,0x00,0xFF,0x60,0x00,0x00,0x06,0x66,0x66,0x60,0x00,0x00,0x00,0x66,0x60,0x00,0x00,0x06,0x99,0x96,0x60,
	0x00,0x00,0x00,0x00,0x96,0x90,0x00,0x00,0x00,0x00,0x09,0x99,0x96,0x96,0x00,0x00,0x00,0x00,0x06,0x99,0x69,0x99,0x9A,0x00,
	0x00,0x00,0x00,0x06,0x99,0x69,0x96,0x99,0x99,0x9A,0x80,0x00,0x00,0x00,0x00,0x00,0x69,0x99,0x99,0x99,0x99,0x99,0x96,0x99,
	0x99,0x99,0x99,0x99,0x99,0x99,0x99,0x99,0x99,0x99,0x99,0x99,0x99,0x99,0x99,0x99,0x99,0x64,0x80,0x00,0x00,0x00,0x06,0x66,
	0x66,0x66,0x66,0x00,0x00,0x49,0x99,0x66,0x66,0x66,0x66,0x96,0x69,0x96,0x66,0x66,0x66,0x66,0x69,0x66,0x69,0x69,0x69,0x96,
	0x66,0x66,0x69,0x96,0x66,0x66,0x96,0x66,0x69,0x99,0x99,0x96,0x96,0x60,0x00,0xFF,0x66,0x69,0x66,0x66,0x66,0x66,0x66,0x99,
	0x96,0x99,0x99,0x96,0x96,0x64,0xA0,0x00,0x00,0x00,0x00,0x00,0x06,0x66,0x66,0x00,0xA6,0x66,0x69,0x96,0x96,0x96,0x96,0x99,
	0x69,0x99,0x99,0x99,0x96,0x96,0x96,0x66,0x66,0x66,0x69,0x99,0x99,0x99,0x99,0x93,0x99,0x66,0x66,0xAA,0xA8,0x00,0x00,0x00,
	0x00,0x00,0x06,0x66,0x66,0x63,0x93,0x99,0x99,0x99,0x00,0x66,0x69,0x66,0x66,0x96,0x69,0x66,0x66,0x66,0x90,0x06,0x99,0x93,
	0x99,0x39,0x99,0x99,0x39,0x39,0x99,0x93,0x99,0x93,0x99,0x99,0x93,0x93,0x33,0x33,0x93,0x33,0x33,0x93,0x39,0x99,0x99,0x00,
	0x00,0x00,0x00,0x49,0x99,0x99,0x99,0x66,0x4A,0x08,0xA0,0x00,0x00,0x00,0x00,0x09,0x39,0x99,0x93,0x33,0x96,0x99,0x99,0x60,
	0x00,0xCA,0x66,0x93,0x69,0x90,0x00,0x66,0x99,0x99,0x98,0x09,0x99,0x99,0x99,0x99,0x99,0x39,0x93,0x99,0x99,0x93,0x93,0x39,
	0x99,0x93,0x33,0x93,0x33,0x60,0x43,0x93,0x39,0x99,0x39,0x99,0x99,0x99,0x93,0x33,0x33,0x93,0x33,0x33,0x99,0x99,0x33,0x99,
	0x33,0x00,0x00,0x00,0x00,0x00,0x00,0x84,0x99,0x99,0x99,0x99,0x99,0x99,0x99,0x99,0x99,0x99,0x99,0x99,0x99,0x99,0x99,0x99,
	0x33,0x93,0x33,0x33,0x39,0x99,0x99,0x99,0x99,0x99,0x99,0x99,0x99,0x99,0x99,0x99,0x99,0x99,0x99,0x99,0x99,0x99,0x93,0x33,
	0x33,0x33,0x39,0x99,0x99,0x99,0x96,0x00,0x00,0x00,0x00,0xFF,0x60,0x00,0x00,0x09,0x66,0x66,0x60,0x00,0x00,0x00,0x69,0x64,
	0x00,0x00,0x0A,0x66,0x96,0x60,0x00,0x00,0x00,0x00,0xA9,0x90,0x00,0x00,0x00,0x00,0x09,0x69,0x99,0x9A,0x00,0x00,0x00,0x00,
	0x00,0x99,0x69,0x99,0xA0,0x00,0x00,0x00,0x00,0x09,0x96,0x99,0x99,0x99,0x9A,0x00,0x00,0x00,0x00,0x00,0x00,0x00,0x00,0x0A,
	0x49,0x99,0x99,0x99,0x99,0x99,0x99,0x99,0x99,0x99,0x99,0x99,0x99,0x99,0x99,0x99,0x99,0x99,0x99,0x99,0x96,0x68,0x00,0x00,
	0x00,0x00,0x08,0x80,0x06,0x66,0x66,0x66,0x66,0x00,0x00,0x00,0x69,0x66,0x66,0x66,0x96,0x66,0x66,0x66,0x66,0x69,0x66,0x66,
	0x69,0x99,0x66,0x99,0x96,0x66,0x66,0x99,0x66,0x66,0x66,0x66,0x66,0x66,0x66,0x69,0x99,0x96,0x66,0x60,0x00,0xFF,0x66,0x66,
	0x66,0x66,0x66,0x66,0x66,0x66,0x66,0x80,0x00,0x00,0x00,0x00,0x00,0x00,0x00,0x00,0x00,0x00,0x06,0x66,0x66,0x00,0x06,0x66,
	0x69,0x99,0x99,0x99,0x99,0x69,0x99,0x99,0x40,0x69,0x96,0x99,0x66,0x66,0x66,0x66,0x69,0x99,0x99,0x99,0x99,0x93,0x99,0x66,
	0x66,0x99,0x96,0x66,0x66,0x66,0x66,0x64,0x69,0x69,0x66,0x69,0x99,0x99,0x39,0x39,0x00,0x96,0x69,0x96,0x66,0x69,0x99,0x69,
	0x96,0x96,0x60,0x09,0x99,0x33,0x93,0x99,0x99,0x99,0x39,0x33,0x39,0x99,0x99,0x93,0x33,0x39,0x93,0x93,0x33,0x99,0x93,0x93,
	0x99,0x99,0x99,0x33,0x99,0x00,0x00,0x00,0x00,0x00,0x00,0xAA,0x49,0x99,0x99,0x93,0x93,0x39,0x96,0x80,0x00,0x89,0x33,0x93,
	0x99,0x99,0x99,0x69,0x66,0x60,0x00,0xCA,0x66,0x69,0x99,0x39,0x60,0x00,0x69,0x99,0x90,0xA9,0x99,0x39,0x99,0x99,0x99,0x99,
	0x99,0x99,0x99,0x99,0x99,0x33,0x39,0x93,0x33,0x93,0x3A,0x06,0x33,0x33,0x33,0x33,0x33,0x93,0x39,0x99,0x99,0x99,0x39,0x33,
	0x33,0x93,0x39,0x99,0x93,0x39,0x96,0x00,0x00,0x00,0x00,0x00,0x00,0x00,0x06,0x99,0x99,0x6A,0xA9,0x99,0x99,0x99,0x99,0x99,
	0x99,0x99,0x99,0x99,0x99,0x99,0x99,0x99,0x33,0x33,0x39,0x99,0x99,0x99,0x99,0x99,0x99,0x99,0x99,0x99,0x99,0x99,0x99,0x99,
	0x99,0x99,0x99,0x99,0x33,0x33,0x33,0x33,0x39,0x99,0x39,0x99,0x96,0x00,0x00,0x00,0x00,0xFF,0x60,0x00,0x00,0x00,0x96,0x66,
	0x60,0x00,0x00,0x00,0x06,0x99,0x00,0x00,0x00,0x66,0x99,0x60,0x00,0x00,0x00,0x00,0x09,0x60,0x00,0x00,0x00,0x00,0x06,0x99,
	0x99,0xA0,0x00,0x00,0x00,0x00,0x00,0x99,0x99,0x90,0x00,0x00,0x00,0x0A,0x69,0x96,0x69,0x99,0x99,0xA0,0x00,0x00,0x00,0x00,
	0x00,0xA9,0x00,0x00,0x00,0x00,0x00,0x00,0x66,0x99,0x99,0x99,0x99,0x99,0x99,0x99,0x99,0x99,0x99,0x99,0x99,0x99,0x64,0x08,
	0x00,0x00,0x00,0x00,0x00,0x84,0x66,0x66,0x66,0x00,0x86,0x66,0x66,0x66,0x66,0x60,0x09,0x00,0x00,0x06,0x66,0x66,0x69,0x69,
	0x99,0x96,0x66,0x66,0x66,0x66,0x66,0x66,0x66,0x93,0x39,0x96,0x69,0x96,0x60,0x08,0xAA,0x66,0x66,0x99,0x96,0x99,0x66,0x66,
	0x96,0x60,0x00,0xFF,0x4A,0xA8,0x80,0x00,0x00,0x00,0x00,0x00,0x00,0x00,0x00,0x00,0x00,0x08,0x84,0x44,0x66,0x66,0x66,0x60,
	0x06,0x66,0x66,0x00,0x66,0x66,0x66,0x66,0x66,0x66,0x66,0x96,0x66,0x99,0x40,0x09,0x99,0x99,0x66,0x66,0x96,0x66,0x99,0x39,
	0x99,0x69,0x99,0x96,0x96,0x66,0x66,0x66,0x66,0x66,0x66,0x69,0x99,0x99,0x99,0x99,0x99,0x93,0x33,0x93,0x69,0x60,0x00,0x66,
	0x66,0x96,0x69,0x96,0x69,0x66,0x66,0x66,0x60,0x03,0x99,0x93,0x93,0x39,0x39,0x39,0x99,0x96,0x99,0x33,0x99,0x39,0x99,0x93,
	0x33,0x33,0x39,0x93,0x99,0x33,0x99,0x93,0x99,0x93,0x33,0x00,0x00,0x00,0x00,0x00,0x00,0x00,0x00,0x00,0x00,0x00,0x46,0x93,
	0x33,0x99,0x33,0x39,0x33,0x33,0x33,0x96,0x66,0x69,0x66,0x60,0x00,0xCA,0x69,0x96,0x66,0x99,0x99,0x96,0x00,0x00,0x60,0x99,
	0x93,0x39,0x93,0x99,0x39,0x66,0x99,0x99,0x99,0x99,0x99,0x99,0x99,0x99,0x33,0x33,0x08,0x33,0x93,0x93,0x33,0x99,0x93,0x33,
	0x33,0x99,0x99,0x93,0x33,0x93,0x66,0x69,0x33,0x39,0x69,0x93,0x3A,0x00,0x00,0x00,0x00,0x00,0x00,0x00,0x00,0x00,0x00,0x00,
	0x00,0x09,0x99,0x99,0x99,0x99,0x99,0x99,0x99,0x99,0x99,0x99,0x33,0x39,0x99,0x99,0x93,0x99,0x99,0x99,0x99,0x99,0x99,0x99,
	0x99,0x99,0x99,0x99,0x99,0x99,0x99,0x99,0x99,0x99,0x33,0x33,0x33,0x99,0x33,0x99,0x96,0x99,0x96,0x00,0x00,0x00,0x00,0xFF,
	0x66,0x00,0x00,0x00,0x66,0x69,0x60,0x00,0x00,0x00,0x06,0x66,0x40,0x00,0x00,0x86,0x66,0x90,0x00,0x00,0x00,0x00,0x09,0x00,
	0x00,0x00,0x00,0x00,0x09,0x96,0x68,0x00,0x00,0x00,0x00,0x00,0x00,0x69,0x96,0x00,0x00,0x00,0x00,0xA6,0x69,0x99,0x99,0x96,
	0x00,0x00,0x00,0x00,0x00,0x00,0x49,0x96,0x94,0x00,0x00,0x00,0x00,0x00,0x00,0xA4,0x4A,0x46,0x66,0x66,0x66,0x69,0x99,0x96,
	0x6A,0xAA,0x00,0x00,0x00,0x00,0x00,0x00,0x08,0x46,0x99,0x99,0x96,0x69,0x66,0x00,0xA6,0x66,0x66,0x66,0x66,0x90,0x06,0x9A,
	0x00,0x00,0x08,0x66,0x69,0x99,0x66,0x99,0x96,0x96,0x96,0x66,0x66,0x66,0x99,0x99,0x99,0x96,0x66,0x69,0x60,0x00,0x00,0x00,
	0x00,0x00,0x00,0x00,0x00,0x00,0x00,0x00,0x00,0xFF,0x00,0x00,0x00,0x00,0x00,0x00,0x00,0x00,0x00,0xAA,0x66,0x66,0x66,0x69,
	0x69,0x66,0x66,0x66,0x66,0x60,0x06,0x66,0x66,0x00,0x66,0x66,0x66,0x66,0x66,0x96,0x96,0x99,0x66,0x99,0x60,0x00,0x99,0x96,
	0x66,0x66,0x66,0x66,0x69,0x66,0x99,0x96,0x99,0x36,0x69,0x96,0x66,0x66,0x66,0x96,0x99,0x69,0x93,0x99,0x99,0x99,0x99,0x69,
	0x33,0x99,0x99,0x00,0x00,0x66,0x66,0x69,0x66,0x69,0x66,0x69,0x66,0x69,0x60,0x09,0x99,0x99,0x99,0x99,0x93,0x99,0x99,0x99,
	0x99,0x99,0x39,0x39,0x99,0x93,0x33,0x33,0x33,0x93,0x33,0x33,0x39,0x93,0x39,0x39,0x33,0x3A,0x00,0x00,0x00,0x00,0x00,0x00,
	0x00,0x00,0x00,0x00,0x00,0x00,0x00,0x84,0x93,0x33,0x33,0x33,0x93,0x66,0x66,0x63,0x93,0x90,0x00,0xCA,0x99,0x99,0x96,0x99,
	0x66,0x66,0x69,0x68,0x00,0x00,0x8A,0xA8,0x80,0x00,0x00,0x00,0x09,0x99,0x99,0x99,0x99,0x99,0x66,0x66,0x93,0x60,0xA3,0x93,
	0x33,0x33,0x33,0x33,0x99,0x33,0x33,0x39,0x99,0x99,0x93,0x93,0x33,0x69,0x33,0x33,0x99,0x93,0x34,0x00,0x00,0x00,0x00,0x00,
	0x00,0x00,0x00,0x00,0x00,0x00,0x00,0x09,0x99,0x99,0x99,0x99,0x99,0x99,0x99,0x99,0x99,0x99,0x33,0x33,0xAA,0x99,0x99,0x99,
	0x99,0x96,0x99,0x99,0x99,0x99,0x99,0x99,0x99,0x99,0x99,0x99,0x99,0x99,0x99,0x99,0x33,0x33,0x39,0x33,0x93,0x39,0x99,0x99,
	0x96,0x00,0x00,0x00,0x00,0xFF,0x66,0x60,0x00,0x00,0x09,0x66,0x60,0x00,0x00,0x00,0x08,0x69,0x90,0x00,0x00,0x09,0x99,0x90,
	0x00,0x00,0x00,0x00,0x00,0x00,0x00,0x00,0x00,0x00,0x06,0x96,0x00,0x00,0x00,0x00,0x60,0x00,0x00,0x66,0xA0,0x00,0x00,0x00,
	0x49,0x99,0x99,0x99,0x60,0x00,0x00,0x00,0x00,0x00,0x06,0x99,0x96,0x99,0x99,0x99,0x66,0xA0,0x00,0x00,0x00,0x00,0x00,0x00,
	0x00,0x00,0x00,0x00,0x00,0x00,0x00,0x00,0x00,0x00,0x84,0x66,0x63,0x39,0x99,0x93,0x99,0x33,0x36,0x96,0x99,0x00,0x66,0x66,
	0x66,0x66,0x69,0x96,0x00,0x66,0x40,0x00,0x00,0x00,0x04,0x66,0x66,0x66,0x96,0x99,0x66,0x99,0x96,0x96,0x66,0x99,0x99,0x96,
	0x66,0x66,0x80,0x00,0x00,0x00,0x00,0x00,0x00,0x00,0x00,0x00,0x00,0x00,0x00,0xFF,0x00,0x84,0xA6,0x69,0x99,0x96,0x66,0x69,
	0x66,0x66,0x66,0x66,0x66,0x66,0x66,0x99,0x99,0x99,0x99,0x60,0x06,0x96,0x69,0x00,0x69,0x66,0x66,0x66,0x66,0x99,0x99,0x99,
	0x39,0x99,0x38,0x00,0x06,0x96,0x96,0x69,0x66,0x99,0x93,0x99,0x93,0x39,0x39,0x99,0x66,0x99,0x96,0x66,0x96,0x69,0x66,0x66,
	0x96,0x99,0x99,0x99,0x99,0x99,0x69,0x33,0x38,0x00,0x08,0x66,0x66,0x96,0x66,0x66,0x96,0x66,0x96,0x64,0x80,0x66,0x99,0x99,
	0x99,0x39,0x93,0x93,0x39,0x99,0x99,0x99,0x99,0x99,0x99,0x99,0x33,0x99,0x33,0x99,0x99,0x33,0x33,0x93,0x99,0x99,0x99,0x33,
	0x99,0x33,0x99,0x39,0x39,0x33,0x39,0x4A,0x80,0x00,0x00,0x00,0x00,0x00,0x00,0x00,0x06,0x99,0x39,0x96,0x99,0x99,0x99,0x90,
	0x00,0xCA,0x99,0x99,0x99,0x99,0x99,0x99,0x96,0x66,0x60,0x64,0xA8,0x00,0x00,0x00,0x00,0x08,0x99,0x99,0x99,0x99,0x99,0x99,
	0x99,0x99,0x80,0x03,0x39,0x99,0x33,0x33,0x33,0x33,0x33,0x93,0x33,0x33,0x33,0x33,0x99,0x93,0x33,0x33,0x33,0x33,0x64,0xA0,
	0x00,0x00,0x00,0x00,0x00,0x00,0x00,0x00,0x00,0x00,0x00,0x00,0x00,0x00,0x00,0x44,0x99,0x99,0x99,0x99,0x99,0x99,0x99,0x93,
	0x99,0x96,0x00,0x04,0x99,0x99,0x00,0x00,0x00,0x09,0x99,0x99,0x99,0x99,0x99,0x99,0x99,0x99,0x99,0x99,0x99,0x99,0x93,0x33,
	0x33,0x93,0x99,0x99,0x99,0x99,0x96,0x00,0x00,0x00,0x00,0xFF,0x66,0x90,0x00,0x00,0x06,0x99,0x60,0x00,0x00,0x00,0x00,0x66,
	0x60,0x00,0x00,0x06,0x69,0x90,0x00,0x00,0x00,0x00,0x00,0x00,0x00,0x06,0x00,0x00,0x09,0x40,0x00,0x00,0x00,0x09,0x90,0x00,
	0x00,0x96,0x00,0x00,0x00,0x04,0x99,0x99,0x39,0x99,0x00,0x00,0x00,0x00,0x00,0x86,0x99,0x99,0x99,0x99,0x69,0x96,0x99,0x96,
	0x99,0x66,0x64,0x80,0x00,0x00,0x8A,0xA8,0x80,0x00,0x00,0x00,0xAA,0x46,0x66,0x99,0x99,0x99,0x99,0x99,0x99,0x99,0x99,0x99,
	0x99,0x99,0x99,0x00,0x99,0x98,0x99,0x99,0x63,0x33,0x00,0x96,0x00,0xA9,0x40,0x00,0x00,0x00,0x86,0x66,0x66,0x66,0x66,0x66,
	0x66,0x66,0x69,0x99,0x99,0x99,0x66,0x66,0x00,0x44,0x00,0x00,0x00,0xA6,0x66,0x99,0x69,0x99,0x99,0x90,0x00,0xFF,0x99,0x96,
	0x66,0x66,0x66,0x66,0x66,0x66,0x66,0x69,0x66,0x66,0x66,0x66,0x66,0x69,0x66,0x96,0x69,0x40,0x06,0x99,0x99,0x00,0x69,0x99,
	0x69,0x69,0x66,0x99,0x99,0x99,0x99,0x99,0x99,0x00,0x00,0x66,0x66,0x66,0x69,0x69,0x99,0x99,0x93,0x99,0x99,0x99,0x96,0x99,
	0x99,0x96,0x96,0x66,0x66,0x66,0x66,0x69,0x99,0x99,0x99,0x93,0x39,0x99,0x90,0x08,0x04,0x66,0x66,0x69,0x99,0x66,0x99,0x66,
	0x99,0x99,0x00,0x93,0x33,0x33,0x33,0x33,0x33,0x33,0x39,0x33,0x33,0x33,0x93,0x33,0x33,0x33,0x33,0x39,0x93,0x39,0x39,0x33,
	0x33,0x93,0x93,0x33,0x99,0x99,0x33,0x33,0x33,0x33,0x99,0x93,0x99,0x39,0x99,0x66,0x4A,0x00,0x00,0x00,0x00,0x00,0x08,0x93,
	0x99,0x99,0x66,0x66,0x66,0x60,0x00,0xCA,0x66,0x69,0x99,0x99,0x99,0x96,0x66,0x69,0x90,0x99,0x93,0x99,0x93,0x99,0x99,0x99,
	0x99,0x99,0x39,0x99,0x99,0x39,0x99,0x60,0x86,0x96,0x93,0x33,0x93,0x33,0x33,0x33,0x33,0x33,0x39,0x39,0x33,0x33,0x33,0x39,
	0x99,0x93,0x90,0x00,0x00,0x00,0x00,0x00,0x00,0x00,0x00,0x00,0x00,0x00,0x00,0x00,0x00,0x00,0x00,0x00,0x00,0x00,0x00,0x04,
	0x39,0x99,0x99,0x99,0x93,0x99,0x99,0x96,0x00,0x00,0xA9,0xA0,0x00,0x00,0x00,0x00,0x69,0x99,0x99,0x33,0x99,0x99,0x99,0x99,
	0x99,0x99,0x99,0x96,0x93,0x93,0x33,0x99,0x99,0x99,0x93,0x99,0x96,0x00,0x00,0x00,0x00,0xFF,0x99,0x64,0x00,0x00,0x00,0x96,
	0x90,0x00,0x00,0x00,0x00,0x99,0x66,0x00,0x00,0x08,0x96,0x90,0x00,0x00,0x90,0x00,0x00,0x00,0x00,0x06,0x00,0x00,0x00,0x00,
	0x00,0x00,0x08,0x66,0x60,0x00,0x00,0x60,0x00,0x00,0x00,0x46,0x99,0x99,0x69,0x99,0x00,0x00,0x00,0x00,0xA9,0x93,0x99,0x93,
	0x99,0x99,0x99,0x99,0x99,0x99,0x39,0x93,0x33,0x99,0x60,0x00,0x00,0x86,0x99,0x99,0x99,0x99,0x99,0x99,0x99,0x99,0x99,0x99,
	0x99,0x99,0x99,0x99,0x99,0x99,0x66,0x66,0x66,0x00,0x96,0x00,0x66,0x99,0x93,0x39,0x00,0x90,0x00,0x99,0x99,0x68,0x00,0x00,
	0x00,0x08,0xA6,0x66,0x66,0x66,0x66,0x66,0x69,0x99,0x99,0x99,0x66,0x66,0x00,0x66,0x66,0x80,0x00,0x00,0x04,0x66,0x66,0x66,
	0x66,0x60,0x00,0xFF,0x66,0x66,0x66,0x66,0x66,0x66,0x66,0x66,0x66,0x66,0x66,0x66,0x66,0x66,0x66,0x66,0x66,0x66,0x66,0x00,
	0x86,0x66,0x66,0x00,0x66,0x66,0x66,0x66,0x66,0x69,0x99,0x96,0x69,0x66,0x99,0x00,0x00,0x0A,0x66,0x66,0x66,0x66,0x99,0x99,
	0x99,0x99,0x66,0x66,0x66,0x66,0x66,0x66,0x66,0x08,0x66,0x60,0x04,0x66,0x99,0x99,0x99,0x93,0x33,0x33,0x00,0xA0,0x03,0x96,
	0x69,0x69,0x99,0x99,0x99,0x33,0x99,0x93,0x00,0x33,0x33,0x33,0x33,0x33,0x33,0x33,0x33,0x33,0x33,0x33,0x33,0x33,0x33,0x33,
	0x33,0x33,0x33,0x33,0x39,0x33,0x33,0x33,0x33,0x33,0x33,0x33,0x33,0x33,0x39,0x33,0x33,0x99,0x99,0x99,0x99,0x99,0x99,0x99,
	0x39,0x66,0x00,0x00,0x08,0x33,0x99,0x96,0x66,0x66,0x66,0x60,0x00,0xCA,0x66,0x66,0x99,0x99,0x99,0x99,0x96,0x66,0x90,0x43,
	0x99,0x33,0x39,0x33,0x99,0x93,0x33,0x39,0x99,0x99,0x93,0x33,0x60,0x06,0x33,0x39,0x99,0x33,0x33,0x33,0x93,0x33,0x33,0x93,
	0x99,0x99,0x33,0x33,0x33,0x33,0x39,0x96,0x00,0x00,0x00,0x00,0x00,0x00,0x00,0x00,0x00,0x00,0x00,0x00,0x00,0x00,0x00,0x00,
	0x00,0x00,0x00,0x00,0x00,0x00,0x00,0xA4,0x99,0x99,0x93,0x39,0x99,0x99,0x00,0x00,0x00,0x00,0x00,0x96,0x6A,0x00,0x06,0x33,
	0x39,0x93,0x39,0x99,0x99,0x99,0x99,0x99,0x93,0x39,0x69,0x99,0x39,0x99,0x99,0x99,0x99,0x99,0x96,0x00,0x00,0x00,0x00,0xFF,
	0x99,0x66,0x00,0x00,0x00,0x46,0x60,0x00,0x00,0x00,0x00,0x06,0x99,0x00,0x00,0x00,0x99,0x90,0x00,0x00,0x90,0x00,0x00,0x00,
	0x00,0x66,0x00,0x00,0x00,0x00,0x00,0x00,0x46,0x66,0x90,0x00,0x00,0x00,0x00,0x00,0x06,0x99,0x69,0x69,0x69,0x69,0x00,0x00,
	0x08,0x69,0x99,0x99,0x99,0x99,0x99,0x99,0x99,0x99,0x99,0x99,0x99,0x99,0x99,0x69,0x99,0x96,0x00,0x00,0x00,0x04,0x69,0x99,
	0x99,0x99,0x69,0x99,0x69,0x99,0x99,0x99,0x99,0x99,0x99,0x96,0x66,0x66,0x68,0x08,0x66,0x80,0xA6,0x66,0x96,0x66,0x00,0x00,
	0x06,0x66,0x66,0x66,0x66,0x6A,0x80,0x00,0x00,0x00,0x00,0x00,0x88,0xAA,0x66,0x66,0x66,0xA0,0x06,0x66,0x00,0x66,0x66,0x66,
	0x64,0x00,0x00,0x00,0x04,0x66,0x66,0x60,0x00,0xFF,0x66,0x66,0x66,0x66,0x66,0x69,0x66,0x66,0x66,0x66,0x66,0x66,0x66,0x99,
	0x96,0x66,0x66,0x66,0x66,0x00,0x66,0x66,0x66,0x00,0x66,0x66,0x66,0x66,0x66,0x66,0x66,0x96,0x66,0x66,0x66,0x60,0x06,0x00,
	0x06,0x66,0x66,0x66,0x96,0x69,0x96,0x66,0x66,0x66,0x66,0x66,0x66,0x66,0x60,0x08,0x66,0x80,0x04,0x96,0x66,0x66,0x66,0x69,
	0x93,0x34,0x00,0x30,0x09,0x99,0x33,0x66,0x99,0x99,0x99,0x66,0x99,0x99,0x00,0x99,0x33,0x39,0x99,0x93,0x33,0x39,0x99,0x69,
	0x99,0x93,0x99,0x99,0x99,0x99,0x99,0x99,0x99,0x99,0x99,0x99,0x99,0x33,0x33,0x33,0x33,0x33,0x33,0x33,0x33,0x93,0x39,0x99,
	0x93,0x99,0x99,0x99,0x99,0x99,0x99,0x99,0x93,0x93,0x93,0x99,0x99,0x66,0x66,0x66,0x66,0x60,0x00,0xCA,0x66,0x66,0x66,0x66,
	0x99,0x99,0x99,0x99,0x98,0x09,0x93,0x33,0x99,0x99,0x39,0x96,0x66,0x66,0x99,0x99,0x99,0xA0,0x09,0x99,0x93,0x33,0x39,0x99,
	0x99,0x99,0x99,0x99,0x99,0x99,0x33,0x39,0x99,0x99,0x99,0x99,0x99,0x30,0x00,0x00,0x00,0x00,0x00,0x00,0x00,0x00,0x00,0x46,
	0x66,0x80,0x00,0x00,0x00,0x00,0x00,0x00,0x00,0x00,0x00,0x00,0x00,0x00,0x00,0x0A,0x99,0x99,0x93,0x39,0x36,0x00,0x00,0x04,
	0x99,0x99,0x99,0x98,0x00,0x96,0x99,0x93,0x33,0x99,0x99,0x99,0x99,0x99,0x96,0x33,0x99,0x99,0x39,0x93,0x99,0x99,0x9A,0x00,
	0x96,0x00,0x00,0x00,0x00,0xFF,0x66,0x66,0x40,0x00,0x00,0x06,0xA0,0x00,0x00,0x00,0x00,0x06,0x99,0x00,0x00,0x00,0x89,0x90,
	0x00,0x00,0x60,0x00,0x00,0x00,0x04,0x6A,0x00,0x00,0x00,0x00,0x00,0x09,0x69,0x69,0x60,0x00,0x00,0x00,0x00,0x00,0x66,0x96,
	0x96,0x99,0x69,0x66,0x64,0x44,0x69,0x69,0x96,0x96,0x99,0x99,0x69,0x96,0x96,0x99,0x99,0x99,0x99,0x99,0x99,0x00,0xA6,0x99,
	0x99,0x40,0x00,0x00,0x0A,0x69,0x99,0x99,0x99,0x99,0x99,0x99,0x99,0x99,0x99,0x99,0x69,0x96,0x66,0x66,0x60,0x06,0x66,0x40,
	0x86,0x66,0x66,0x66,0xA0,0x00,0x66,0x66,0x66,0x66,0x66,0x66,0x66,0x64,0x80,0x00,0x00,0x00,0x00,0x00,0x00,0x00,0x00,0x00,
	0x06,0x66,0x00,0x66,0x66,0x66,0x66,0x66,0xA0,0x00,0x00,0x00,0xA6,0x60,0x00,0xFF,0x66,0x66,0x66,0x66,0x46,0x66,0x66,0x66,
	0x66,0x66,0x66,0x66,0x69,0x99,0x96,0x96,0x66,0x66,0x6A,0x00,0x66,0x66,0x66,0x00,0x66,0x66,0x66,0x66,0x66,0x66,0x69,0x96,
	0x66,0x66,0x66,0x90,0x0A,0x60,0x00,0x86,0x66,0x66,0x96,0x99,0x66,0x66,0x66,0x66,0x66,0x66,0x66,0x66,0x60,0x06,0x66,0x80,
	0xA6,0x66,0x66,0x66,0x66,0x69,0x99,0x90,0x0A,0x60,0x06,0x69,0x96,0x66,0x66,0x66,0x66,0x66,0x66,0x99,0x00,0x99,0x99,0x33,
	0x99,0x99,0x99,0x96,0x66,0x00,0x99,0x93,0x99,0x99,0x99,0x99,0x99,0x99,0x99,0x99,0x99,0x99,0x99,0x99,0x33,0x33,0x99,0x93,
	0x99,0x99,0x96,0x00,0xA6,0x96,0x99,0x99,0x99,0x99,0x99,0x99,0x99,0x99,0x99,0x99,0x99,0x96,0x96,0x66,0x66,0x66,0x66,0x60,
	0x00,0xCA,0x66,0x66,0x66,0x66,0x66,0x69,0x66,0x99,0x93,0x09,0x99,0x93,0x33,0x33,0x33,0x33,0x33,0x39,0x93,0x96,0x00,0x89,
	0x39,0x99,0x99,0x93,0x39,0x33,0x33,0x33,0x39,0x33,0x33,0x99,0x99,0x99,0x99,0x99,0x99,0x99,0x99,0x90,0x00,0x00,0x00,0x00,
	0x00,0x8A,0x49,0x93,0x33,0x39,0x93,0x93,0x99,0x39,0x99,0x99,0x94,0x00,0x00,0x00,0x00,0x00,0x00,0x00,0x00,0x00,0x00,0xA9,
	0x99,0x39,0x33,0x30,0x00,0x00,0x99,0x99,0x99,0x99,0x00,0x09,0x99,0x99,0x39,0x99,0x99,0x99,0x33,0x33,0x39,0x33,0x99,0x99,
	0x99,0x99,0x99,0x96,0x00,0x00,0x96,0x00,0x00,0x00,0x00,0xFF,0x66,0x66,0x60,0x00,0x00,0x0A,0xA0,0x00,0x00,0x00,0x00,0x06,
	0x66,0x60,0x00,0x00,0x06,0x98,0x00,0x00,0x06,0x00,0x00,0x00,0x88,0xAA,0x00,0x00,0x00,0x00,0x00,0x69,0x66,0x66,0x60,0x00,
	0x00,0x00,0x00,0x04,0x66,0x96,0x69,0x96,0x66,0x66,0x66,0x69,0x66,0x99,0x69,0x99,0x99,0x99,0x99,0x99,0x96,0x69,0x99,0x99,
	0x99,0x99,0x96,0x00,0x00,0x06,0x99,0x69,0x96,0x80,0x00,0x00,0x49,0x99,0x99,0x69,0x99,0x96,0x96,0x69,0x99,0x99,0x99,0x96,
	0x66,0x66,0x60,0x06,0x66,0x40,0x09,0x66,0x66,0x66,0x60,0x06,0x66,0x66,0x66,0x66,0x66,0x66,0x66,0x66,0x66,0x66,0x48,0x80,
	0x00,0x00,0x00,0x00,0x00,0x00,0x69,0x64,0x00,0x66,0x66,0x66,0x66,0x66,0x66,0x6A,0x00,0x00,0x00,0x00,0x00,0xFF,0xA6,0x66,
	0x66,0x66,0x66,0x96,0x66,0x66,0x66,0x66,0x69,0x99,0x99,0x69,0x99,0x99,0x99,0x99,0x60,0x06,0x96,0x66,0x66,0x00,0x66,0x66,
	0x66,0x66,0x66,0x66,0x66,0x66,0x69,0x69,0x66,0x64,0x00,0x96,0x00,0x00,0x66,0x66,0x96,0x66,0x66,0x66,0x66,0x66,0x66,0x66,
	0x66,0x66,0xA0,0x06,0x66,0x00,0xA6,0x66,0x66,0x69,0x66,0x69,0x99,0x60,0x09,0x60,0x86,0x66,0x66,0x66,0x66,0x66,0x69,0x66,
	0x66,0x66,0x00,0x99,0x99,0x93,0x99,0x99,0x66,0x96,0x60,0x00,0x89,0x99,0x99,0x99,0x99,0x99,0x99,0x99,0x99,0x99,0x99,0x99,
	0x99,0x99,0x99,0x90,0x06,0x99,0x99,0x99,0x40,0x00,0x00,0x00,0x00,0x00,0x00,0x00,0x00,0x00,0x99,0x69,0x99,0x99,0x96,0x66,
	0x66,0x66,0x66,0x66,0x66,0x60,0x00,0xCA,0x66,0x66,0x66,0x66,0x66,0x66,0x99,0x99,0x93,0x90,0x33,0x99,0x99,0x33,0x33,0x93,
	0x33,0x33,0x9A,0x00,0x43,0x33,0x33,0x33,0x99,0x99,0x99,0x99,0x99,0x39,0x99,0x99,0x99,0x99,0x99,0x99,0x99,0x99,0x99,0x99,
	0x99,0x90,0x00,0x00,0x00,0x00,0x0A,0x63,0x33,0x33,0x33,0x33,0x33,0x33,0x33,0x33,0x33,0x33,0x33,0x33,0x96,0x80,0x00,0x00,
	0x00,0x00,0x00,0x00,0x00,0x00,0x99,0x93,0x33,0x60,0x00,0x00,0x06,0x39,0x99,0x99,0x90,0x04,0x99,0x99,0x33,0x33,0x33,0x94,
	0x63,0x33,0x33,0x33,0x99,0x33,0x39,0x99,0x96,0x00,0x00,0x00,0x96,0x00,0x00,0x00,0x00,0xFF,0x66,0x66,0x66,0x00,0x00,0x00,
	0xA0,0x00,0x00,0x00,0x00,0x00,0x66,0x68,0x00,0x00,0x09,0x68,0x00,0x00,0x06,0xA0,0x00,0x00,0x08,0xA0,0x00,0x00,0x00,0x00,
	0x66,0x66,0x69,0x66,0xA0,0x00,0x00,0x00,0x00,0xA6,0x66,0x99,0x66,0x66,0x64,0x66,0x66,0x66,0x66,0x99,0x69,0x69,0x96,0x96,
	0x99,0x66,0x99,0x66,0x96,0x69,0x99,0x99,0x99,0x90,0x00,0x00,0x00,0x46,0x99,0x99,0x64,0x00,0x00,0x06,0x99,0x99,0x99,0x99,
	0x99,0x99,0x90,0x00,0xA9,0x66,0x66,0x66,0x80,0x06,0x66,0x60,0x06,0x99,0x99,0x99,0x00,0x04,0x66,0x66,0x66,0x66,0x66,0x66,
	0x66,0x66,0x66,0x66,0x66,0x66,0x69,0x99,0x99,0xA0,0x00,0x00,0x00,0x68,0x08,0x96,0x66,0x66,0x66,0x69,0x96,0x66,0x66,0x64,
	0x00,0x00,0x00,0xFF,0x00,0x00,0x86,0x66,0x66,0x66,0x66,0x66,0x69,0x69,0x66,0x99,0x99,0x99,0x99,0x99,0x99,0x66,0x60,0x06,
	0x66,0x66,0x66,0x00,0x66,0x66,0x66,0x66,0x66,0x66,0x66,0x99,0x66,0x66,0x99,0x96,0x00,0x66,0x66,0x00,0x00,0x46,0x69,0x99,
	0x66,0x66,0x66,0x66,0x66,0x66,0x66,0x69,0x00,0x46,0x66,0x00,0xA6,0x69,0x66,0x66,0x69,0x69,0x99,0x00,0x99,0x00,0x46,0x66,
	0x66,0x66,0x66,0x66,0x66,0x66,0x66,0x98,0x00,0x96,0x99,0x99,0x99,0x66,0x66,0x66,0x60,0x00,0x09,0x99,0x99,0x99,0x99,0x99,
	0x99,0x99,0x99,0x99,0x99,0x99,0x99,0x99,0x99,0x00,0x04,0x99,0x99,0x99,0xA4,0x00,0x00,0x00,0x00,0x00,0x00,0x00,0x00,0x00,
	0x0A,0x00,0x86,0x99,0x66,0x66,0x66,0x66,0x66,0x66,0x66,0x60,0x00,0xCA,0x66,0x66,0x66,0x66,0x66,0x66,0x66,0x66,0x99,0x96,
	0x08,0x69,0x99,0x99,0x99,0x96,0x48,0x00,0x06,0x99,0x99,0x33,0x33,0x33,0x39,0x99,0x99,0x99,0x99,0x99,0x99,0x99,0x99,0x99,
	0x99,0x99,0x99,0x99,0x99,0x99,0x99,0x99,0xA0,0x00,0x00,0x00,0x00,0x00,0x00,0x49,0x99,0x39,0x99,0x99,0x99,0x99,0x99,0x99,
	0x99,0x39,0x99,0x99,0x39,0x94,0x00,0x00,0x00,0x00,0x00,0x00,0x09,0x99,0x33,0x00,0x03,0x60,0x00,0x06,0x33,0x39,0x94,0x00,
	0x33,0x33,0x39,0x33,0x33,0x60,0x03,0x33,0x33,0x33,0x99,0x99,0x33,0x94,0x00,0x00,0xAA,0x00,0x96,0x00,0x00,0x00,0x00,0xFF,
	0x66,0x69,0x66,0x00,0x00,0x00,0x00,0x00,0x06,0x00,0x00,0x00,0x66,0x66,0x00,0x00,0x06,0x66,0x00,0x00,0x06,0x60,0x00,0x00,
	0x08,0x80,0x00,0x00,0x00,0x08,0x46,0x66,0x66,0x99,0x90,0x00,0x00,0x00,0x0A,0x66,0x69,0x96,0x69,0x66,0x64,0x4A,0x64,0x66,
	0x66,0x66,0x99,0x66,0x66,0x66,0x96,0x66,0x96,0x96,0x99,0x99,0x96,0x99,0x99,0x99,0x00,0x00,0x00,0x00,0x06,0x99,0x99,0x96,
	0x00,0x00,0x0A,0x96,0x99,0x99,0x99,0x99,0xA0,0x00,0x00,0x66,0x66,0x66,0x00,0x46,0x66,0x60,0x06,0x66,0x69,0x9A,0x00,0x08,
	0x66,0x66,0x66,0x66,0x66,0x66,0x66,0x66,0x66,0x66,0x99,0x96,0x99,0x99,0x99,0x99,0x90,0x00,0x00,0x00,0x00,0x88,0x66,0x66,
	0x66,0x69,0x96,0x66,0x96,0x66,0x69,0xA0,0x00,0xFF,0x00,0x00,0x00,0x0A,0x69,0x66,0x66,0x66,0x96,0x66,0x99,0x99,0x69,0x99,
	0x99,0x99,0x99,0x99,0x60,0x06,0x66,0x66,0x66,0x00,0x66,0x66,0x66,0x66,0x69,0x66,0x66,0x60,0x06,0x66,0x99,0x99,0x60,0x06,
	0x96,0x68,0x00,0x00,0x66,0x69,0x99,0x96,0x66,0x66,0x66,0x69,0x66,0x66,0x00,0x66,0x96,0x00,0x46,0x66,0x66,0x69,0x96,0x69,
	0x90,0x08,0x99,0x00,0x66,0x66,0x66,0x66,0x66,0x66,0x66,0x66,0x66,0x90,0x0A,0x99,0x99,0x99,0x96,0x66,0x66,0x66,0x60,0x00,
	0x09,0x99,0x99,0x99,0x99,0x99,0x99,0x99,0x99,0x99,0x99,0x99,0x99,0x99,0x96,0x00,0x09,0x99,0x99,0x99,0x60,0x00,0x00,0x00,
	0x00,0x00,0x00,0x00,0x00,0x00,0x98,0x00,0x00,0x04,0x66,0x66,0x66,0x66,0x66,0x69,0x69,0x90,0x00,0xCA,0x96,0x66,0x66,0x66,
	0x66,0x66,0x66,0x66,0x99,0x99,0x38,0x00,0x00,0x00,0x00,0x00,0x0A,0x69,0x99,0x99,0x99,0x99,0x99,0x99,0x99,0x99,0x99,0x99,
	0x99,0x99,0x99,0x99,0x99,0x99,0x99,0x99,0x99,0x99,0x99,0x99,0x99,0x99,0x96,0x00,0x00,0x00,0x00,0x00,0x00,0x00,0x00,0xA6,
	0x99,0x39,0x99,0x99,0x99,0x99,0x99,0x99,0x99,0x99,0x99,0x99,0x99,0x94,0x00,0x00,0x00,0x00,0x08,0x99,0x99,0x00,0x43,0x30,
	0x00,0x00,0x09,0x99,0x99,0x00,0x69,0x99,0x00,0x99,0x99,0x00,0x89,0x99,0x99,0x33,0x33,0x39,0x9A,0x00,0x00,0x63,0x90,0x00,
	0x36,0x00,0x00,0x00,0x00,0xFF,0x66,0x66,0x69,0x60,0x00,0x00,0x00,0x00,0x04,0x60,0x00,0x00,0x06,0x69,0x00,0x00,0x00,0x69,
	0x66,0x66,0x66,0x66,0x00,0x00,0x04,0x80,0x00,0x00,0x08,0x0A,0x44,0x66,0x99,0x99,0x90,0x00,0x00,0x00,0x89,0x66,0x99,0x66,
	0x66,0x40,0xA8,0xA0,0x8A,0xA6,0x46,0x66,0x96,0x99,0x69,0x99,0x99,0x99,0x99,0x99,0x99,0x99,0x99,0x96,0x69,0x99,0x90,0x00,
	0x66,0x80,0x00,0x00,0x86,0x99,0x99,0x60,0x00,0x00,0x86,0x69,0x99,0x99,0x60,0x00,0x00,0x0A,0x66,0x66,0x00,0x66,0x66,0x60,
	0x06,0x96,0x66,0x60,0x06,0x00,0x66,0x66,0x66,0x66,0x66,0x66,0x66,0x66,0x66,0x66,0x66,0x69,0x99,0x99,0x99,0x99,0x90,0x09,
	0x96,0x80,0x00,0x00,0x00,0x00,0x00,0x00,0x08,0xA4,0x66,0x99,0x96,0x60,0x00,0xFF,0x68,0x00,0x00,0x00,0x00,0x0A,0x66,0x66,
	0x66,0x69,0x99,0x99,0x99,0x99,0x99,0x99,0x99,0x99,0x00,0x46,0x66,0x66,0x66,0x00,0x69,0x66,0x96,0x96,0x99,0x66,0x66,0x68,
	0x00,0x69,0x99,0x99,0x90,0x04,0x66,0x66,0x66,0x00,0x00,0x66,0x66,0x66,0x66,0x66,0x69,0x69,0x96,0x64,0x00,0x69,0x66,0x00,
	0x46,0x93,0x69,0x66,0x66,0x69,0xA0,0x09,0x99,0x00,0x66,0x66,0x66,0x69,0x66,0x66,0x63,0x69,0x69,0x90,0x04,0x99,0x93,0x99,
	0x66,0x66,0x66,0x66,0x60,0x00,0x89,0x99,0x99,0x99,0x99,0x99,0x99,0x99,0x99,0x99,0x99,0x99,0x99,0x96,0x64,0x00,0x69,0x99,
	0x99,0x96,0x00,0x00,0x00,0xAA,0x69,0x60,0x00,0x99,0x33,0x99,0x99,0x00,0x00,0x00,0x00,0x49,0x96,0x66,0x66,0x66,0x66,0x60,
	0x00,0xCA,0x99,0x96,0x99,0x96,0x66,0x66,0x66,0x99,0x99,0x99,0x39,0x99,0x99,0x99,0x99,0x99,0x99,0x99,0x99,0x99,0x99,0x99,
	0x99,0x99,0x99,0x99,0x99,0x99,0x99,0x99,0x99,0x99,0x99,0x99,0x99,0x99,0x99,0x99,0x99,0x99,0x99,0x99,0x99,0x99,0x60,0x00,
	0x00,0x00,0x00,0x00,0x00,0x00,0x00,0x00,0x00,0xA6,0x69,0x99,0x93,0x33,0x33,0x99,0x99,0x99,0x66,0x44,0x00,0x00,0x00,0x00,
	0x00,0x99,0x90,0x0A,0x99,0x90,0x06,0x00,0x00,0x04,0x99,0x00,0x09,0x99,0x00,0x49,0x99,0x00,0x69,0x99,0x99,0x99,0x99,0x00,
	0x00,0x00,0x63,0x33,0x30,0x04,0x96,0x00,0x00,0x00,0x00,0xFF,0x69,0x66,0x66,0x60,0x00,0x00,0x00,0x00,0x06,0x60,0x00,0x00,
	0x06,0x66,0x00,0x00,0x00,0x69,0x96,0x69,0x96,0x96,0x6A,0x88,0x88,0x00,0x00,0x00,0x00,0x00,0xA4,0x66,0x99,0x99,0x96,0x69,
	0x99,0x99,0x99,0x99,0x69,0x66,0x64,0x88,0x88,0x88,0x08,0x8A,0x46,0x66,0x96,0x69,0x99,0x66,0x69,0x66,0x99,0x99,0x99,0x99,
	0x99,0x99,0x69,0x99,0x99,0x40,0x04,0x99,0x60,0x00,0x00,0x0A,0x69,0x99,0x6A,0x00,0x00,0xA6,0x99,0x99,0x94,0x80,0x00,0x00,
	0x86,0x66,0x00,0x66,0x66,0x60,0x06,0x66,0x66,0x00,0x86,0x00,0x66,0x66,0x66,0x66,0x66,0x66,0x66,0x66,0x66,0x66,0x66,0x99,
	0x99,0x99,0x99,0x99,0x60,0x09,0x99,0x98,0x04,0x48,0x00,0x00,0x00,0x00,0x00,0x00,0x00,0x00,0x00,0x00,0x00,0xFF,0x80,0x00,
	0x00,0x00,0x00,0x00,0x00,0x86,0x66,0x99,0x99,0x99,0x99,0x99,0x99,0x99,0x99,0x99,0x00,0x96,0x66,0x99,0x66,0x00,0x69,0x96,
	0x96,0x96,0x69,0x96,0x66,0x66,0x00,0x06,0x99,0x96,0x66,0x00,0x66,0x66,0x66,0x68,0x00,0x08,0x66,0x66,0x66,0x66,0x66,0x66,
	0x64,0x88,0x00,0x66,0x66,0x00,0x46,0x63,0x69,0x69,0x99,0x69,0x00,0x49,0x93,0x00,0x69,0x69,0x66,0x99,0x99,0x96,0x96,0x66,
	0x69,0x90,0x04,0x99,0x69,0x99,0x96,0x66,0x66,0x66,0x90,0x00,0x89,0x93,0x33,0x99,0x99,0x99,0x99,0x99,0x99,0x99,0x39,0x99,
	0x39,0x66,0x60,0x00,0x99,0x99,0x36,0x00,0x00,0x00,0x89,0x99,0x99,0x60,0x04,0x99,0x93,0x39,0x93,0x80,0x00,0x00,0x00,0x00,
	0x06,0x99,0x69,0x66,0x96,0x90,0x00,0xCA,0x96,0x96,0x66,0x99,0x99,0x99,0x99,0x99,0x99,0x99,0x39,0x99,0x99,0x99,0x99,0x99,
	0x99,0x99,0x99,0x99,0x99,0x99,0x99,0x99,0x99,0x99,0x99,0x99,0x99,0x99,0x99,0x99,0x99,0x99,0x99,0x99,0x99,0x99,0x99,0x99,
	0x99,0x99,0x99,0x99,0x99,0x60,0x00,0x00,0x00,0x00,0x00,0x00,0x00,0x00,0x00,0x00,0x00,0x00,0x00,0x00,0x00,0x80,0x00,0x00,
	0x00,0x00,0x00,0x00,0x00,0x00,0x04,0x99,0x90,0x06,0x99,0x90,0x06,0x99,0x00,0x00,0x08,0x80,0x09,0x99,0x00,0x69,0x99,0x00,
	0x99,0x99,0x99,0x96,0x00,0x00,0x00,0x69,0x99,0x99,0x90,0x09,0x96,0x00,0x00,0x00,0x00,0xFF,0x69,0x66,0x69,0x96,0x00,0x00,
	0x00,0x00,0x09,0x90,0x00,0x00,0x09,0x66,0xA0,0x00,0x00,0x66,0x69,0x99,0x66,0x66,0x4A,0xAA,0xAA,0x88,0x08,0x88,0x00,0x08,
	0x8A,0x66,0x99,0x99,0x99,0x99,0x99,0x99,0x99,0x99,0x96,0x66,0xA4,0x8A,0x00,0x08,0x00,0x8A,0x86,0x66,0x69,0x99,0x99,0x96,
	0x69,0x99,0x99,0x99,0x69,0x96,0x99,0x69,0x99,0x99,0x99,0x98,0x00,0x99,0x99,0x96,0x00,0x00,0x00,0xA6,0x99,0x94,0x00,0x00,
	0xA9,0x99,0x99,0x96,0x00,0x00,0x08,0x68,0x08,0x66,0x66,0x60,0x06,0x66,0x6A,0x00,0x66,0x00,0x69,0x66,0x66,0x66,0x66,0x66,
	0x66,0x66,0x66,0x66,0x69,0x99,0x99,0x99,0x99,0x99,0xA0,0x69,0x99,0x90,0x06,0x99,0x66,0x66,0x66,0xA8,0x80,0x00,0x00,0x00,
	0x00,0x00,0x00,0xFF,0x00,0x00,0x00,0x00,0x00,0x00,0x00,0x00,0x04,0x99,0x99,0x99,0x99,0x99,0x99,0x99,0x99,0x96,0x00,0x96,
	0x66,0x66,0x69,0x00,0x66,0x66,0x66,0x66,0x66,0x66,0x66,0x66,0x60,0x00,0xA9,0x99,0x99,0x00,0x46,0x66,0x66,0x66,0x60,0x00,
	0x08,0x66,0x66,0x66,0x66,0x96,0x40,0x08,0x00,0x66,0x66,0x00,0x69,0x99,0x66,0x99,0x66,0x96,0x00,0x99,0x99,0x00,0x69,0x69,
	0x66,0x96,0x66,0x66,0x66,0x66,0x99,0x90,0x06,0x99,0x36,0x66,0x96,0x66,0x66,0x66,0x60,0x00,0x83,0x99,0x99,0x39,0x99,0x93,
	0x39,0x99,0x99,0x96,0x99,0x99,0x96,0x69,0x90,0x00,0x99,0x9A,0x00,0x00,0x00,0x89,0x39,0x99,0x99,0x60,0x06,0x99,0x99,0x39,
	0x93,0x90,0x00,0x00,0x00,0x00,0x00,0x08,0x69,0x66,0x66,0x60,0x00,0xCA,0x66,0x66,0x69,0x66,0x66,0x99,0x69,0x99,0x99,0x99,
	0x99,0x99,0x99,0x39,0x99,0x93,0x33,0x99,0x99,0x96,0x80,0x84,0x99,0x99,0x99,0x99,0x99,0x99,0x99,0x99,0x99,0x99,0x99,0x99,
	0x99,0x99,0x99,0x99,0x33,0x33,0x39,0x99,0x99,0x99,0x99,0x99,0x96,0x00,0x00,0x00,0x00,0x00,0x00,0x00,0x00,0x00,0x00,0x00,
	0x00,0x00,0x00,0x00,0x00,0x00,0x00,0x00,0x00,0x00,0x00,0x00,0x09,0x96,0x60,0x09,0x99,0x90,0x06,0x99,0x96,0x00,0x00,0x00,
	0x06,0x69,0x00,0x49,0x90,0x00,0x99,0x96,0x40,0x00,0x00,0x00,0x69,0x99,0x99,0x99,0x90,0x09,0x96,0x00,0x00,0x00,0x00,0xFF,
	0x96,0x69,0x69,0x66,0x60,0x00,0x00,0x00,0x06,0x66,0x00,0x00,0x09,0x96,0x96,0x64,0x49,0x96,0x66,0x69,0x96,0x66,0x68,0x88,
	0xAA,0x80,0x00,0x00,0x00,0x08,0x0A,0x66,0x69,0x69,0x99,0x99,0x69,0x96,0x99,0x96,0x96,0x94,0x88,0xA8,0x00,0x00,0x0A,0x0A,
	0x8A,0x46,0x66,0x66,0x69,0x96,0x99,0x96,0x99,0x96,0x99,0x99,0x99,0x99,0x99,0x99,0x99,0x99,0x40,0x06,0x99,0x99,0x99,0x6A,
	0x00,0x00,0x00,0xA4,0x99,0xA0,0x00,0x06,0x99,0x99,0x66,0x00,0x00,0x00,0x06,0x66,0x66,0x60,0x06,0x66,0x60,0x08,0x66,0x00,
	0x86,0x66,0x66,0x66,0x96,0x66,0x66,0x66,0x66,0x66,0x99,0x99,0x99,0x99,0x99,0x99,0x00,0x99,0x99,0x90,0x06,0x66,0x66,0x96,
	0x66,0x66,0x69,0x66,0x66,0x66,0x66,0x40,0x00,0xFF,0x80,0x00,0x00,0x66,0x68,0x00,0x00,0x00,0x00,0x00,0x04,0x69,0x99,0x99,
	0x99,0x99,0x99,0x90,0x04,0x99,0x96,0x66,0x66,0x00,0x66,0x66,0x66,0x66,0x66,0x66,0x66,0x66,0x66,0x60,0x00,0x99,0x99,0x80,
	0x06,0x66,0x69,0x66,0x66,0x60,0x00,0x0A,0x66,0x66,0x69,0x99,0x80,0x00,0x0A,0x66,0x66,0x00,0x99,0x99,0x99,0x66,0x99,0x90,
	0x06,0x99,0x96,0x00,0x66,0x66,0x66,0x66,0x66,0x66,0x66,0x66,0x99,0x90,0x09,0x99,0x99,0x96,0x96,0x66,0x69,0x66,0x60,0x00,
	0x63,0x39,0x99,0x99,0x99,0x39,0x99,0x99,0x99,0x99,0x99,0x48,0x46,0x66,0x00,0x08,0x00,0x00,0x00,0x00,0x69,0x93,0x99,0x39,
	0x99,0x60,0x04,0x99,0x99,0x99,0x93,0x36,0x00,0x00,0x00,0x00,0x00,0x00,0x00,0x06,0x66,0x60,0x00,0xCA,0x96,0x99,0x96,0x69,
	0x99,0x69,0x49,0x99,0x99,0x99,0x99,0x99,0x99,0x39,0x99,0x99,0x99,0x99,0x99,0x60,0x04,0x80,0x09,0x99,0x99,0x99,0x99,0x99,
	0x99,0x99,0x99,0x99,0x33,0x39,0x99,0x99,0x99,0x99,0x99,0x93,0x33,0x99,0x99,0x39,0x99,0x99,0x99,0x33,0x39,0x68,0x40,0x00,
	0x00,0x00,0x00,0x00,0x00,0x00,0x00,0x00,0x00,0x00,0x00,0x00,0x00,0x00,0x00,0x00,0x00,0x06,0x99,0x99,0x00,0x43,0x99,0x90,
	0x08,0x99,0x99,0x99,0x40,0x00,0x00,0x00,0x00,0x09,0x60,0x00,0x00,0x00,0x00,0x00,0x46,0x99,0x99,0x99,0x99,0x99,0x60,0x09,
	0x96,0x00,0x00,0x00,0x00,0xFF,0x66,0x66,0x66,0x66,0x90,0x00,0x00,0x00,0x06,0x96,0x00,0x00,0x09,0x99,0x99,0x99,0x99,0x99,
	0x66,0x66,0x99,0x66,0x48,0x08,0xA8,0x00,0x00,0x00,0x00,0x08,0x08,0x66,0x99,0x96,0x99,0x96,0x99,0x99,0x99,0x99,0x96,0x64,
	0x88,0x80,0x00,0x80,0x00,0x08,0x88,0x06,0x66,0x66,0x99,0x69,0x69,0x99,0x99,0x99,0x99,0x99,0x99,0x99,0x99,0x99,0x99,0x99,
	0x94,0x00,0x69,0x99,0x99,0x99,0x96,0xA0,0x00,0x00,0x00,0x49,0xA0,0x00,0x09,0x99,0x66,0x60,0x00,0x00,0x06,0x66,0x66,0x60,
	0x06,0x66,0x00,0x06,0x66,0x00,0x06,0x66,0x66,0x66,0x66,0x66,0x66,0x66,0x66,0x66,0x99,0x99,0x99,0x99,0x99,0x96,0x00,0x99,
	0x99,0x90,0x06,0x69,0x66,0x69,0x96,0x66,0x66,0x66,0x66,0x66,0x66,0x60,0x00,0xFF,0x64,0x00,0x00,0x46,0x66,0x66,0x80,0x00,
	0x00,0x00,0x00,0x00,0x49,0x99,0x99,0x99,0x99,0x90,0x09,0x99,0x99,0x66,0x66,0x00,0x66,0x66,0x66,0x66,0x66,0x66,0x66,0x66,
	0x66,0x66,0x00,0x09,0x99,0x60,0x06,0x66,0x66,0x66,0x66,0x66,0x60,0x00,0x06,0x66,0x66,0x66,0x80,0x00,0x06,0x66,0x66,0x00,
	0x99,0x99,0x66,0x66,0x99,0x80,0x09,0x99,0x96,0x00,0x66,0x66,0x66,0x66,0x66,0x66,0x66,0x66,0x99,0x90,0x09,0x99,0x66,0x96,
	0x96,0x69,0x99,0x99,0x60,0x00,0x69,0x93,0x39,0x99,0x99,0x99,0x99,0x99,0x99,0x99,0x99,0x00,0x00,0x86,0x00,0x00,0x00,0x00,
	0x00,0x63,0x99,0x99,0x99,0x39,0x99,0x60,0x04,0x99,0x99,0x99,0x99,0x96,0x90,0x00,0x00,0x09,0x40,0x00,0x00,0x00,0x89,0x90,
	0x00,0xCA,0x99,0x99,0x99,0x66,0x66,0x69,0x09,0x93,0x99,0x99,0x33,0x39,0x99,0x93,0x99,0x99,0x39,0x99,0x96,0x00,0x00,0x00,
	0x06,0x99,0x93,0x33,0x93,0x99,0x99,0x99,0x39,0x99,0x96,0x39,0x99,0x99,0x99,0x99,0x99,0x99,0x99,0x99,0x99,0x99,0x99,0x99,
	0x99,0x99,0x93,0x99,0x99,0x96,0xA0,0x00,0x00,0x00,0x00,0x00,0x00,0x00,0x00,0x00,0x00,0x00,0x00,0x00,0x00,0x00,0x49,0x99,
	0x99,0x99,0x00,0x63,0x39,0x90,0x00,0x99,0x99,0x99,0x99,0x90,0x00,0x00,0x00,0x09,0x90,0x00,0x00,0x00,0x04,0x69,0x99,0x99,
	0x99,0x99,0x99,0x99,0x00,0x49,0x96,0x00,0x00,0x00,0x00,0xFF,0x96,0x66,0x99,0x69,0x66,0x00,0x00,0x00,0x06,0x96,0x4A,0x08,
	0x06,0x66,0x66,0x66,0x99,0x96,0x99,0x69,0x99,0x66,0x48,0x08,0x0A,0x00,0x80,0x00,0x00,0x00,0x08,0x46,0x69,0x99,0x99,0x96,
	0x99,0x99,0x69,0x99,0x66,0x6A,0x88,0x00,0x00,0x00,0x00,0x00,0x08,0x8A,0x66,0x69,0x69,0x99,0x96,0x99,0x99,0x99,0x69,0x99,
	0x99,0x99,0x99,0x99,0x99,0x99,0x99,0x00,0x09,0x99,0x99,0x99,0x99,0x99,0x64,0x00,0x00,0x00,0x04,0x00,0x00,0xA9,0x66,0x66,
	0xA0,0x00,0x06,0x66,0x66,0x60,0x06,0x66,0x00,0x66,0x66,0xA0,0x06,0x66,0x66,0x66,0x66,0x66,0x66,0x66,0x66,0x69,0x99,0x99,
	0x99,0x99,0x99,0x98,0x04,0x99,0x99,0x60,0x06,0x99,0x96,0x69,0x99,0x66,0x66,0x66,0x66,0x66,0xA8,0x00,0x00,0xFF,0x00,0x00,
	0x06,0x66,0x66,0x96,0x69,0x96,0x48,0x00,0x00,0x00,0x00,0x06,0x99,0x99,0x8A,0x60,0x09,0x99,0x99,0x96,0x66,0x00,0x66,0x96,
	0x66,0x66,0x66,0x66,0x66,0x66,0x66,0x66,0x60,0x00,0x99,0x60,0x08,0x66,0x66,0x66,0x66,0x66,0x66,0x80,0x00,0xA6,0x66,0x66,
	0x00,0x00,0x06,0x66,0x66,0x00,0x99,0x99,0x66,0x66,0x99,0x00,0x99,0x99,0x96,0x00,0x66,0x96,0x66,0x66,0x66,0x66,0x66,0x66,
	0x99,0x90,0x09,0x99,0x66,0x66,0x66,0x66,0x66,0x96,0x80,0x00,0x69,0x99,0x99,0x69,0x99,0x99,0x99,0x99,0x99,0x99,0x9A,0x00,
	0x00,0x00,0x00,0x00,0x00,0x00,0x09,0x93,0x39,0x93,0x39,0x99,0x99,0x60,0x04,0x99,0x99,0x99,0xA0,0x46,0x99,0x00,0x00,0x09,
	0x99,0x68,0x00,0x00,0x00,0x00,0x00,0xCA,0x96,0x66,0x66,0x69,0x69,0x99,0x09,0x93,0x99,0x33,0x33,0x39,0x33,0x33,0x39,0x93,
	0x33,0x99,0x99,0x00,0x00,0x80,0x04,0x99,0x99,0x33,0x33,0x33,0x99,0x99,0x93,0x39,0x96,0x99,0x93,0x99,0x99,0x99,0x99,0x99,
	0x99,0x99,0x93,0x99,0x99,0x99,0x99,0x99,0x99,0x99,0x99,0x99,0x99,0x99,0x96,0x40,0x00,0x00,0x00,0x00,0x00,0x00,0x00,0x00,
	0x0A,0xA6,0x69,0x99,0x99,0x99,0x99,0x99,0x00,0x93,0x39,0x94,0x00,0x99,0x99,0x99,0x99,0x90,0x09,0x96,0x00,0x49,0x90,0x0A,
	0x00,0x00,0x09,0x99,0x99,0x99,0x99,0x99,0x99,0x99,0x00,0x99,0x96,0x00,0x00,0x00,0x00,0xFF,0x66,0x66,0x66,0x66,0x69,0xA0,
	0x00,0x00,0x06,0x66,0x99,0x99,0x96,0x69,0x99,0x69,0x96,0x69,0x69,0x99,0x69,0x66,0x60,0x88,0x88,0x80,0x00,0x00,0x00,0x00,
	0x8A,0x66,0x99,0x99,0x99,0x99,0x69,0x99,0x99,0x99,0x66,0x48,0xA0,0x00,0x00,0x00,0x00,0x00,0xA8,0x8A,0x66,0x99,0x99,0x99,
	0x99,0x99,0x99,0x99,0x99,0x99,0x99,0x99,0x99,0x99,0x99,0x99,0x99,0x90,0x00,0x99,0x99,0x99,0x99,0x99,0x99,0x99,0x96,0x80,
	0x00,0x00,0x00,0x00,0x06,0x66,0x69,0x00,0x00,0x66,0x96,0x60,0x06,0x60,0x04,0x66,0x66,0x60,0x06,0x66,0x66,0x66,0x66,0x66,
	0x66,0x66,0x69,0x99,0x99,0x99,0x99,0x99,0x99,0x90,0x09,0x99,0x96,0x90,0x06,0x69,0x96,0x66,0x96,0x96,0x99,0x6A,0x00,0x00,
	0x00,0x00,0x00,0xFF,0x00,0x60,0x00,0x66,0x66,0x99,0x99,0x99,0x99,0x99,0x94,0x00,0x00,0x00,0x00,0x6A,0x00,0x00,0x00,0x00,
	0xA6,0x69,0x96,0x00,0x66,0x69,0x66,0x66,0x66,0x66,0x66,0x66,0x66,0x66,0x99,0x00,0x0A,0x66,0x00,0x66,0x66,0x66,0x66,0x66,
	0x66,0x66,0x80,0x00,0xA6,0x64,0x00,0x00,0x06,0x66,0x69,0x00,0x99,0x69,0x96,0x66,0x90,0x0A,0x33,0x99,0x6A,0x00,0x66,0x66,
	0x66,0x66,0x66,0x66,0x66,0x69,0x99,0x90,0x09,0x66,0x66,0x66,0x66,0x66,0x66,0x66,0x00,0x06,0x69,0x9A,0x00,0x00,0x99,0x99,
	0x99,0x99,0x99,0x99,0x98,0x00,0x00,0x00,0x00,0x00,0x00,0x06,0x99,0x99,0x99,0x99,0x93,0x33,0x99,0x60,0x04,0x99,0x39,0x90,
	0x00,0x06,0x69,0x60,0x00,0x06,0x99,0x99,0x96,0x80,0x00,0x00,0x00,0xCA,0x0A,0x96,0x96,0x93,0x99,0x99,0x09,0x93,0x99,0x99,
	0x99,0x99,0x99,0x99,0x33,0x33,0x33,0x99,0x94,0x00,0x00,0x00,0x00,0x99,0x39,0x93,0x33,0x33,0x33,0x33,0x99,0x33,0x33,0x99,
	0x33,0x99,0x99,0x99,0x99,0x99,0x99,0x99,0x39,0x99,0x99,0x99,0x99,0x99,0x93,0x99,0x99,0x99,0x99,0x99,0x99,0x99,0x99,0x99,
	0x99,0x99,0x99,0x99,0x99,0x99,0x99,0x99,0x99,0x99,0x99,0x99,0x99,0x99,0x00,0x93,0x39,0x96,0x00,0x33,0x33,0x39,0x99,0x60,
	0x09,0x90,0x00,0x49,0x60,0x09,0x99,0x00,0x00,0x06,0x99,0x99,0x99,0x39,0x99,0x94,0x00,0x99,0x96,0x00,0x00,0x00,0x00,0xFF,
	0x66,0x96,0x69,0x96,0x69,0x60,0x00,0x00,0x69,0x96,0x99,0x69,0x66,0x66,0x99,0x69,0x69,0x96,0x69,0x69,0x66,0x96,0x60,0xA8,
	0x80,0x80,0x00,0x00,0x00,0x00,0x0A,0x66,0x99,0x99,0x69,0x99,0x99,0x69,0x99,0x96,0x6A,0xAA,0x00,0x08,0x00,0x00,0x00,0x00,
	0x0A,0x8A,0x66,0x69,0x99,0x99,0x99,0x99,0x99,0x99,0x99,0x99,0x99,0x99,0x99,0x99,0x99,0x99,0x99,0x99,0x00,0x09,0x99,0x99,
	0x99,0x99,0x99,0x99,0x99,0x99,0x68,0x00,0x00,0x00,0x00,0xA6,0x66,0x00,0x00,0x06,0x66,0x60,0x06,0x00,0x06,0x66,0x66,0x60,
	0x06,0x66,0x66,0x66,0x66,0x66,0x66,0x66,0x69,0x99,0x99,0x99,0x99,0x99,0x99,0x60,0x09,0x99,0x66,0x60,0x03,0x66,0x96,0x96,
	0x99,0x9A,0x00,0x00,0x00,0x00,0x0A,0x60,0x00,0xFF,0x66,0x66,0x00,0x66,0x66,0x99,0x99,0x99,0x99,0x99,0x99,0x96,0xA0,0x00,
	0x00,0x00,0x00,0x00,0x00,0x00,0x00,0x00,0x00,0x00,0x00,0x88,0x86,0x66,0x66,0x66,0x66,0x66,0x66,0x66,0x69,0x90,0x00,0x86,
	0x00,0x86,0x66,0x66,0x66,0x66,0x66,0x66,0x64,0x00,0x00,0x60,0x00,0x00,0x06,0x66,0x99,0x00,0x99,0x99,0x96,0x66,0x60,0x09,
	0x93,0x96,0x68,0x08,0x66,0x66,0x66,0x66,0x66,0x66,0x66,0x69,0x99,0x60,0x09,0x66,0x66,0x69,0x66,0x66,0x66,0x64,0x00,0x06,
	0x64,0x00,0x00,0xA9,0x99,0x99,0x99,0x99,0x99,0x99,0x96,0x00,0x00,0x00,0x00,0x00,0x00,0x00,0x00,0x00,0xA4,0x99,0x99,0x33,
	0x99,0x60,0x04,0x99,0x93,0x90,0x00,0x08,0x99,0x60,0x00,0x08,0x96,0x99,0x96,0x66,0x00,0x00,0x00,0xCA,0x00,0x66,0x93,0x99,
	0x99,0x99,0x09,0x33,0x99,0x99,0x99,0x99,0x99,0x99,0x93,0x33,0x99,0x93,0x96,0x00,0x00,0x00,0x00,0xA9,0x33,0x99,0x33,0x33,
	0x33,0x33,0x33,0x33,0x93,0x33,0x93,0x99,0x99,0x99,0x99,0x99,0x99,0x99,0x99,0x93,0x99,0x99,0x99,0x99,0x99,0x99,0x99,0x99,
	0x99,0x93,0x93,0x99,0x99,0x99,0x99,0x99,0x99,0x99,0x99,0x99,0x99,0x99,0x99,0x99,0x99,0x93,0x99,0x96,0x00,0x99,0x33,0x39,
	0x00,0x33,0x90,0x06,0x99,0x60,0x09,0x90,0x00,0x49,0x40,0x09,0x99,0x96,0x00,0x00,0xA9,0x99,0x99,0x99,0x99,0x90,0x00,0x99,
	0x96,0x00,0x00,0x00,0x00,0xFF,0x66,0x69,0x96,0x66,0x66,0x66,0x96,0x69,0x66,0x69,0x96,0x66,0x69,0x66,0x66,0x69,0x99,0x99,
	0x99,0x69,0x99,0x96,0x68,0x88,0xA0,0x00,0x00,0x00,0x00,0x00,0x06,0x66,0x99,0x99,0x99,0x96,0x69,0x66,0x99,0x99,0xAA,0x00,
	0x00,0x00,0x00,0x00,0x00,0x00,0x08,0x8A,0x69,0x66,0x99,0x96,0x99,0x99,0x99,0x99,0x99,0x99,0x99,0x99,0x99,0x99,0x99,0x99,
	0x99,0x99,0x90,0x00,0x99,0x99,0x99,0x99,0x99,0x99,0x99,0x99,0x99,0x99,0x68,0x00,0x00,0x00,0x00,0x00,0x60,0x00,0x09,0x60,
	0x06,0x00,0x66,0x66,0x66,0x60,0x06,0x66,0x66,0x66,0x66,0x69,0x66,0x69,0x99,0x99,0x99,0x99,0x99,0x99,0x99,0x80,0x09,0x66,
	0x66,0x60,0x06,0x99,0x48,0x00,0x00,0x00,0x00,0x00,0x46,0x66,0x99,0x60,0x00,0xFF,0x66,0x66,0x60,0x06,0x99,0x99,0x99,0x99,
	0x99,0x99,0x99,0x93,0x99,0x96,0x40,0x00,0x00,0x00,0x89,0x96,0x4A,0x00,0x00,0x00,0x00,0x00,0x00,0x00,0x00,0x00,0x00,0x08,
	0xAA,0x66,0x66,0x99,0x60,0x00,0xA0,0x06,0x66,0x66,0x66,0x66,0x66,0x66,0x66,0x6A,0x00,0x00,0x80,0x00,0x06,0x69,0x99,0x00,
	0x99,0x99,0x99,0x96,0x00,0xA9,0x96,0x36,0x68,0x0A,0x66,0x66,0x66,0x66,0x4A,0x66,0x66,0x99,0x99,0x60,0x06,0x66,0x66,0x69,
	0x66,0x66,0x69,0x60,0x00,0x68,0x00,0x08,0x99,0x99,0x99,0x99,0x99,0x99,0x99,0x66,0x66,0x66,0xA0,0x00,0x00,0x00,0x00,0x00,
	0x00,0x00,0x00,0x00,0x09,0x33,0x99,0x40,0x06,0x99,0x99,0x90,0x00,0x08,0x99,0x98,0x00,0x00,0x66,0x66,0x66,0x66,0x69,0x00,
	0x00,0xCA,0x00,0x06,0x99,0x99,0x99,0x99,0x09,0x99,0x39,0x99,0x99,0x99,0x99,0x99,0x99,0x93,0x33,0x39,0x36,0x00,0x00,0x00,
	0x00,0x89,0x99,0x39,0x39,0x99,0x93,0x33,0x33,0x33,0x46,0x93,0x93,0x99,0x39,0x99,0x99,0x99,0x99,0x99,0x99,0x99,0x99,0x99,
	0x99,0x99,0x99,0x99,0x99,0x99,0x99,0x93,0x39,0x99,0x39,0x99,0x99,0x99,0x99,0x99,0x99,0x99,0x99,0x99,0x99,0x99,0x99,0x99,
	0x39,0x98,0x08,0x99,0x99,0x99,0x00,0x99,0x40,0x00,0x99,0x60,0x09,0x90,0x00,0x49,0x00,0x49,0x99,0x99,0x99,0x00,0x00,0x49,
	0x99,0x99,0x99,0x90,0x09,0x99,0x96,0x00,0x00,0x00,0x00,0xFF,0x66,0x69,0x69,0x66,0x66,0x66,0x96,0x69,0x66,0x69,0x66,0x69,
	0x96,0x66,0x66,0x69,0x99,0x99,0x96,0x99,0x66,0x99,0x6A,0x00,0x80,0x00,0x00,0x00,0x00,0x00,0x89,0x99,0x99,0x99,0x96,0x99,
	0x99,0x99,0x99,0x90,0x40,0x00,0x00,0x00,0x00,0x80,0x00,0x80,0xA8,0x8A,0x66,0x66,0x96,0x69,0x99,0x99,0x99,0x99,0x99,0x99,
	0x99,0x99,0x99,0x99,0x99,0x99,0x99,0x99,0x96,0x00,0x69,0x99,0x99,0x99,0x99,0x99,0x99,0x99,0x99,0x99,0x69,0x96,0x80,0x00,
	0x00,0x08,0x66,0x00,0x08,0x68,0x00,0x00,0x66,0x66,0x66,0x68,0x08,0x66,0x66,0x66,0x66,0x66,0x69,0x99,0x99,0x99,0x99,0x99,
	0x99,0x99,0x99,0x00,0xA9,0x66,0x66,0x60,0x00,0x00,0x00,0x00,0x00,0x00,0x66,0x66,0x66,0x66,0x66,0x90,0x00,0xFF,0x99,0x66,
	0x60,0x04,0x99,0x99,0x99,0x99,0x99,0x99,0x99,0x99,0x39,0x99,0x99,0x90,0x00,0x00,0x00,0x69,0x99,0x99,0x93,0x00,0x66,0x88,
	0x00,0x00,0x00,0x00,0x00,0x00,0x00,0x00,0x00,0x08,0xAA,0x00,0x00,0x06,0x66,0x66,0x66,0x66,0x69,0x66,0x66,0x66,0x60,0x00,
	0x40,0x00,0x86,0x99,0x99,0x00,0x99,0x99,0x99,0x98,0x00,0x69,0x39,0x99,0x60,0x06,0x66,0x66,0x66,0x68,0x00,0x00,0x00,0x66,
	0x99,0xA0,0x06,0x66,0x66,0x69,0x66,0x66,0x66,0x60,0x00,0x00,0x00,0x69,0x99,0x99,0x99,0x99,0x99,0x99,0x99,0x99,0x66,0x99,
	0x66,0x60,0x00,0x66,0x69,0x48,0x80,0x00,0x00,0x00,0x00,0x93,0x99,0x80,0x06,0x99,0x96,0x60,0x00,0x08,0x9A,0x00,0x00,0x00,
	0x66,0x66,0x66,0x66,0x66,0x00,0x00,0xCA,0x00,0x09,0x99,0x99,0x99,0x99,0x09,0x99,0x33,0x99,0x99,0x99,0x99,0x99,0x99,0x93,
	0x99,0x33,0x33,0x60,0x00,0x00,0x00,0x09,0x39,0x99,0x93,0x33,0x33,0x33,0x33,0xA0,0x00,0xA3,0x93,0x99,0x99,0x99,0x99,0x99,
	0x99,0x99,0x99,0x99,0x99,0x99,0x99,0x99,0x99,0x99,0x99,0x99,0x99,0x93,0x39,0x99,0x39,0x99,0x99,0x99,0x99,0x99,0x99,0x99,
	0x99,0x99,0x99,0x99,0x99,0x99,0x99,0x90,0x04,0x90,0x00,0x69,0x00,0x99,0x40,0x00,0x09,0xA0,0x09,0x60,0x00,0x49,0x00,0x69,
	0x99,0x99,0x99,0x96,0x00,0x00,0x69,0x99,0x99,0x90,0x09,0x99,0x96,0x00,0x00,0x00,0x00,0xFF,0x66,0x66,0x96,0x66,0x66,0x69,
	0x69,0x69,0x96,0x99,0x69,0x99,0x69,0x96,0x66,0x96,0x69,0x66,0x99,0x96,0x99,0x69,0x64,0x88,0x80,0x00,0x00,0x00,0x00,0x00,
	0x46,0x99,0x99,0x99,0x99,0x99,0x99,0x99,0x96,0xAA,0x80,0x00,0x00,0x00,0x00,0x00,0x80,0x00,0x80,0x8A,0x49,0x99,0x69,0x96,
	0x96,0x99,0x99,0x99,0x99,0x99,0x99,0x99,0x99,0x99,0x99,0x99,0x99,0x99,0x99,0x40,0x09,0x99,0x99,0x99,0x99,0x99,0x99,0x99,
	0x99,0x96,0x99,0x66,0x66,0x40,0x00,0x04,0x66,0x68,0x00,0x04,0x00,0x06,0x66,0x66,0x66,0x6A,0x00,0x96,0x66,0x66,0x66,0x66,
	0x99,0x99,0x99,0x99,0x99,0x99,0x99,0x99,0x99,0x00,0x96,0x64,0x80,0x00,0x00,0x00,0x00,0x88,0x46,0x69,0x99,0x96,0x66,0x66,
	0x66,0x60,0x00,0xFF,0x66,0x66,0x66,0x00,0x99,0x99,0x99,0x99,0x99,0x99,0x93,0x99,0x99,0x99,0x99,0x99,0x66,0x00,0x00,0x00,
	0x99,0x99,0x99,0x00,0x69,0x66,0x66,0x66,0x66,0x64,0xA0,0x00,0x00,0x00,0x00,0x00,0x00,0x00,0x00,0x08,0x66,0x66,0x66,0x66,
	0x66,0x66,0x66,0x66,0x60,0x00,0x00,0x00,0xA9,0x99,0x99,0x00,0x99,0x99,0x96,0x90,0x08,0x99,0x93,0x96,0x60,0x06,0x66,0x66,
	0x66,0x60,0x00,0x00,0x00,0x00,0x00,0x00,0x04,0x69,0x66,0x69,0x66,0x69,0x66,0xA0,0x00,0x00,0xA6,0x99,0x99,0x99,0x99,0x99,
	0x99,0x99,0x99,0x96,0x69,0x66,0x69,0xA0,0x0A,0x69,0x99,0x99,0x99,0x99,0x60,0x00,0x00,0x93,0x39,0xA0,0x06,0x39,0x66,0x60,
	0x00,0x09,0x00,0x00,0x00,0x00,0x96,0x96,0x66,0x66,0x00,0x00,0x00,0xCA,0x00,0x69,0x99,0x99,0x99,0x99,0x03,0x39,0x99,0x39,
	0x99,0x99,0x99,0x99,0x99,0x99,0x99,0x93,0x33,0x3A,0x00,0x00,0x00,0x06,0x39,0x99,0x99,0x99,0x93,0x93,0x30,0x00,0x00,0x09,
	0x99,0x39,0x99,0x99,0x99,0x99,0x99,0x99,0x99,0x99,0x99,0x99,0x99,0x99,0x99,0x99,0x99,0x99,0x99,0x93,0x93,0x99,0x39,0x99,
	0x99,0x99,0x99,0x99,0x99,0x99,0x99,0x99,0x99,0x99,0x99,0x99,0x99,0x90,0x06,0x00,0x00,0x06,0x00,0x99,0x90,0x00,0x04,0x00,
	0x09,0x60,0x00,0x49,0x00,0x99,0x99,0x99,0x99,0x99,0x90,0x00,0x06,0x99,0x99,0x60,0x09,0x99,0x96,0x00,0x00,0x00,0x00,0xFF,
	0x66,0x66,0x69,0x66,0x66,0x66,0x66,0x69,0x66,0x69,0x96,0x99,0x99,0x66,0x99,0x66,0x66,0x96,0x66,0x96,0x99,0x96,0x98,0x8A,
	0x80,0x00,0x00,0x00,0x00,0x00,0x66,0x69,0x99,0x99,0x99,0x99,0x99,0x99,0x60,0x00,0x00,0x00,0x00,0x00,0x00,0x00,0x00,0x0A,
	0x08,0x0A,0x69,0x69,0x99,0x99,0x99,0x99,0x99,0x99,0x99,0x99,0x99,0x99,0x99,0x99,0x99,0x99,0x99,0x99,0x99,0x96,0x00,0x99,
	0x99,0x99,0x99,0x99,0x99,0x99,0x99,0xAA,0x99,0x66,0x96,0x66,0x60,0x06,0x66,0x66,0x60,0x00,0x00,0x69,0x66,0x66,0x66,0x66,
	0x00,0x66,0x66,0x66,0x66,0x69,0x99,0x99,0x99,0x99,0x99,0x99,0x96,0x4A,0x00,0x00,0x00,0x00,0x00,0x00,0x08,0xA9,0x69,0x66,
	0x66,0x69,0x96,0x66,0x96,0x66,0x66,0x60,0x00,0xFF,0x66,0x66,0x99,0x40,0x09,0x99,0x99,0x39,0x99,0x99,0x93,0x93,0x99,0x99,
	0x96,0x06,0x99,0x99,0x60,0x00,0x00,0x69,0x96,0x00,0x69,0x66,0x66,0x66,0x66,0x66,0x66,0x66,0x66,0x66,0x69,0x66,0x44,0x00,
	0x00,0x00,0x66,0x66,0x66,0x66,0x66,0x69,0x99,0x66,0x00,0x06,0x00,0x00,0x69,0x99,0x99,0x00,0x99,0x99,0x96,0x80,0x06,0x99,
	0x99,0x99,0x90,0x06,0x66,0x66,0x66,0x60,0x00,0x00,0x00,0x00,0x00,0x00,0x00,0x00,0x00,0x00,0x00,0x00,0x08,0x00,0x00,0x86,
	0x66,0x99,0x99,0x99,0x99,0x99,0x99,0x96,0x66,0x66,0x66,0x66,0x66,0x00,0x06,0x99,0x66,0x99,0x99,0x39,0x99,0x00,0x09,0x99,
	0x33,0x80,0x06,0x93,0x66,0x60,0x00,0x00,0x00,0x00,0x00,0x00,0x96,0x69,0x60,0x00,0x00,0x00,0x00,0xCA,0x09,0x99,0x99,0x99,
	0x99,0x99,0x09,0x99,0x99,0x99,0x99,0x99,0x99,0x99,0x99,0x99,0x99,0x99,0x93,0x39,0x00,0x00,0x00,0x06,0x39,0x99,0x33,0x93,
	0x99,0x39,0x00,0x00,0x00,0x09,0x93,0x39,0x99,0x99,0x99,0x99,0x99,0x99,0x99,0x99,0x99,0x99,0x99,0x99,0x99,0x99,0x99,0x99,
	0x93,0x99,0x99,0x99,0x99,0x99,0x99,0x99,0x99,0x99,0x99,0x99,0x99,0x99,0x99,0x99,0x99,0x99,0x99,0x90,0x04,0xA0,0x00,0x00,
	0x00,0x69,0x99,0x00,0x00,0x00,0x69,0x40,0x00,0x6A,0x00,0x8A,0x69,0x99,0x99,0x99,0x99,0x90,0x00,0x06,0x99,0xA0,0x09,0x99,
	0x96,0x00,0x00,0x00,0x00,0xFF,0x66,0x66,0x66,0x96,0x96,0x99,0x69,0x66,0x96,0x96,0x69,0x99,0x99,0x69,0x66,0x69,0x66,0x66,
	0x69,0x99,0x99,0x66,0x9A,0x80,0x00,0x00,0x00,0x00,0x00,0x00,0x69,0x99,0x99,0x99,0x96,0x99,0x99,0x94,0x88,0x80,0x00,0x00,
	0x00,0x00,0x00,0x00,0x00,0x80,0x80,0x46,0x66,0x99,0x99,0x99,0x69,0x99,0x99,0x99,0x99,0x99,0x99,0x99,0x99,0x99,0x99,0x99,
	0x99,0x99,0x66,0x99,0x00,0xA9,0x99,0x99,0x99,0x99,0x99,0x99,0x99,0x00,0xA9,0x66,0x96,0x66,0x69,0x69,0x66,0x66,0x66,0x00,
	0x00,0x66,0x66,0x66,0x69,0x66,0x00,0x66,0x66,0x66,0x66,0x99,0x99,0x99,0x99,0x96,0x4A,0x00,0x00,0x00,0x00,0x00,0x00,0x00,
	0x86,0x60,0x06,0x66,0x66,0x96,0x66,0x66,0x66,0x66,0x66,0x66,0x66,0x90,0x00,0xFF,0x66,0x99,0x99,0x90,0x06,0x99,0x93,0x93,
	0x99,0x99,0x33,0x99,0x99,0x99,0x30,0x00,0x66,0x99,0x93,0x60,0x00,0x00,0xA3,0x00,0x33,0x39,0x99,0x99,0x99,0x99,0x66,0x66,
	0x66,0x66,0x69,0x99,0x99,0x66,0x66,0x00,0xA6,0x66,0x99,0x66,0x69,0x66,0x69,0x60,0x00,0x66,0x80,0x00,0x99,0x99,0x93,0x00,
	0x99,0x99,0x39,0x00,0x66,0x66,0x99,0x66,0x60,0x06,0x66,0x66,0x66,0x66,0x80,0x00,0x00,0x00,0x00,0x00,0x00,0x00,0x00,0x00,
	0x00,0x00,0x00,0x00,0x00,0x00,0x00,0x00,0x0A,0x44,0x66,0x99,0x99,0x66,0x66,0x66,0x66,0x66,0x66,0x00,0x09,0x99,0x69,0x99,
	0x99,0x99,0x96,0x00,0x89,0x99,0x99,0x80,0x06,0x69,0x66,0x40,0x00,0x00,0x00,0x49,0x00,0x00,0x49,0x60,0x00,0x00,0x00,0x00,
	0x00,0xCA,0x99,0x99,0x99,0x99,0x99,0x99,0x09,0x99,0x99,0x93,0x99,0x99,0x99,0x99,0x99,0x99,0x99,0x99,0x99,0x99,0x00,0x00,
	0x00,0x00,0x99,0x99,0x33,0x99,0x99,0x30,0x00,0x00,0x00,0x09,0x93,0x99,0x99,0x99,0x99,0x99,0x99,0x99,0x99,0x99,0x99,0x99,
	0x99,0x99,0x99,0x99,0x99,0x39,0x99,0x39,0x99,0x99,0x99,0x99,0x99,0x99,0x99,0x99,0x99,0x99,0x99,0x99,0x99,0x99,0x99,0x90,
	0x09,0x90,0x06,0x34,0x00,0x00,0x00,0x49,0x99,0x90,0x00,0x00,0x99,0x80,0x00,0x6A,0x00,0x00,0x00,0x08,0xA6,0x99,0x99,0x99,
	0x40,0x00,0x69,0x80,0x09,0x99,0x96,0x00,0x00,0x00,0x00,0xFF,0x66,0x96,0x69,0x66,0x66,0x66,0x66,0x66,0x66,0x96,0x69,0x69,
	0x69,0x66,0x66,0x66,0x66,0x96,0x96,0x99,0x96,0x69,0x64,0xA8,0xA0,0x00,0x00,0x00,0x00,0x00,0x69,0x99,0x69,0x99,0x69,0x99,
	0x66,0x48,0x88,0x00,0x00,0x00,0x00,0x00,0x00,0x00,0x00,0x00,0x0A,0x46,0x69,0x96,0x69,0x96,0x99,0x99,0x96,0x99,0x99,0x99,
	0x99,0x99,0x99,0x99,0x99,0x99,0x99,0x99,0x99,0x96,0x60,0x06,0x99,0x99,0x99,0x99,0x99,0x99,0x99,0x00,0x06,0x66,0x96,0x66,
	0x66,0x66,0x66,0x66,0x66,0x60,0x00,0xA6,0x66,0x66,0x66,0x66,0x80,0x86,0x66,0x66,0x69,0x66,0x64,0x88,0x00,0x00,0x00,0x00,
	0x00,0x00,0x88,0x0A,0x99,0x66,0x66,0x60,0x06,0x66,0x66,0x66,0x66,0x66,0x66,0x64,0x66,0x66,0x69,0x90,0x00,0xFF,0x99,0x93,
	0x99,0x90,0x00,0x99,0x99,0x99,0x39,0x93,0x39,0x99,0x93,0x99,0x90,0x00,0x06,0x99,0x99,0x99,0xA0,0x00,0x00,0x00,0x33,0x99,
	0x99,0x66,0x99,0x99,0x99,0x99,0x69,0x66,0x99,0x93,0x99,0x66,0x99,0x60,0x06,0x96,0x69,0x99,0x99,0x69,0x96,0x40,0x0A,0x96,
	0x90,0x00,0x93,0x33,0x33,0x00,0x39,0x39,0x30,0x00,0x99,0x66,0x96,0x66,0x60,0x06,0x69,0x66,0x66,0x66,0x66,0x66,0x99,0x99,
	0x96,0x00,0x06,0x66,0x66,0x66,0x4A,0x88,0x00,0x00,0x00,0x00,0x00,0x00,0x00,0x00,0x00,0x00,0x00,0x00,0x8A,0x46,0x66,0x69,
	0x60,0x00,0xA9,0x99,0x96,0x99,0x99,0x99,0x90,0x00,0x69,0x99,0x99,0x00,0x06,0x69,0x66,0x80,0x00,0x00,0x09,0x96,0x00,0x00,
	0x00,0x00,0x00,0x00,0x86,0x90,0x00,0xCA,0x99,0x99,0x99,0x99,0x99,0x99,0x09,0x99,0x99,0x99,0x99,0x99,0x99,0x99,0x99,0x93,
	0x39,0x99,0x99,0x39,0x40,0x00,0x00,0x00,0x99,0x99,0x99,0x99,0x39,0xA0,0x00,0x00,0x00,0x33,0x99,0x99,0x99,0x99,0x99,0x99,
	0x99,0x99,0x99,0x99,0x99,0x99,0x99,0x99,0x99,0x99,0x99,0x99,0x99,0x39,0x39,0x99,0x99,0x99,0x99,0x99,0x99,0x99,0x99,0x99,
	0x99,0x99,0x99,0x99,0x99,0x00,0x06,0x90,0x04,0x93,0x3A,0x00,0x00,0x09,0x99,0x99,0x00,0x00,0x99,0x00,0x00,0x40,0x00,0x00,
	0x00,0x00,0x00,0x00,0x86,0x99,0x94,0x00,0x0A,0x00,0x09,0x99,0x96,0x00,0x00,0x00,0x00,0xFF,0x96,0x66,0x66,0x66,0x69,0x66,
	0x66,0x96,0x99,0x96,0x66,0x99,0x96,0x96,0x64,0x86,0x46,0x99,0x66,0x66,0x66,0x96,0x94,0xAA,0x80,0x00,0x00,0x00,0x00,0x00,
	0x99,0x99,0x99,0x99,0x96,0x99,0x6A,0xA8,0x00,0x00,0x00,0x00,0x00,0x00,0x00,0x00,0x08,0x88,0x84,0x66,0x99,0x99,0x99,0x99,
	0x96,0x99,0x99,0x99,0x99,0x99,0x99,0x99,0x99,0x99,0x99,0x99,0x99,0x99,0x99,0x99,0x96,0x00,0x69,0x99,0x99,0x99,0x39,0x99,
	0x99,0x00,0x04,0x66,0x99,0x96,0x66,0x69,0x66,0x66,0x66,0x00,0x00,0x00,0x66,0x66,0x66,0x96,0x40,0x06,0x66,0x66,0x90,0x00,
	0x00,0x00,0x00,0x00,0x00,0x46,0x69,0x99,0x90,0x06,0x99,0x99,0x99,0x60,0x09,0x99,0x66,0x66,0x66,0x66,0x96,0x99,0x69,0x99,
	0x99,0x90,0x00,0xFF,0x99,0x33,0x33,0x33,0x00,0x49,0x99,0x99,0x93,0x99,0x99,0x33,0x33,0x39,0x30,0x00,0x00,0x99,0x99,0x99,
	0x99,0x60,0x00,0x00,0x00,0xA6,0x66,0x66,0x96,0x96,0x66,0x69,0x99,0x66,0x69,0x99,0x99,0x66,0x69,0x60,0x0A,0x66,0x66,0x66,
	0x66,0x69,0x9A,0x00,0x69,0x99,0x96,0x00,0x93,0x99,0x99,0x00,0x99,0x93,0xA0,0x09,0x99,0x99,0x39,0x99,0x90,0x06,0x66,0x66,
	0x66,0x69,0x96,0x69,0x99,0x99,0x96,0x00,0x06,0x99,0x96,0x99,0x69,0x66,0x00,0x09,0x99,0x96,0x99,0x99,0x96,0x44,0xA0,0x00,
	0x00,0x00,0x00,0x00,0x00,0x00,0x00,0x00,0x08,0x46,0x69,0x99,0x99,0x99,0x40,0x00,0x99,0x99,0x99,0x00,0x00,0x99,0x66,0x00,
	0x00,0x09,0x99,0x68,0x00,0x00,0x00,0x00,0x00,0x66,0x69,0x90,0x00,0xCA,0x99,0x99,0x99,0x99,0x99,0x99,0x09,0x99,0x99,0x99,
	0x99,0x99,0x99,0x99,0x99,0x99,0x66,0x99,0x99,0x39,0x90,0x00,0x00,0x00,0x99,0x99,0x99,0x99,0x9A,0x00,0x00,0x00,0x93,0x33,
	0x93,0x99,0x99,0x99,0x99,0x99,0x99,0x99,0x39,0x99,0x99,0x99,0x99,0x99,0x99,0x99,0x99,0x99,0x39,0x39,0x99,0x99,0x99,0x99,
	0x99,0x99,0x99,0x99,0x99,0x99,0x99,0x99,0x99,0x99,0x90,0x00,0x89,0x90,0x0A,0x93,0x39,0x60,0x00,0x09,0x99,0x99,0xA0,0x00,
	0x69,0x00,0x00,0x90,0x09,0x00,0xA9,0xAA,0x80,0x00,0x00,0x00,0x00,0x48,0x00,0x00,0x89,0x99,0x96,0x00,0x00,0x00,0x00,0xFF,
	0x66,0x66,0x66,0x66,0x66,0x66,0x69,0x66,0x96,0x66,0x96,0x69,0x66,0x6A,0x66,0x84,0x0A,0x04,0x96,0x69,0x96,0x66,0x9A,0xA0,
	0x80,0x00,0x00,0x00,0x00,0x00,0x99,0x96,0x69,0x96,0x96,0x60,0x88,0x80,0x00,0x00,0x00,0x00,0x00,0x00,0x00,0x00,0x08,0x80,
	0x66,0x66,0x69,0x99,0x99,0x99,0x99,0x99,0x99,0x99,0x99,0x99,0x99,0x99,0x99,0x99,0x99,0x99,0x99,0x99,0x99,0x99,0x99,0x00,
	0x09,0x99,0x99,0x99,0x99,0x99,0x99,0x00,0x00,0x66,0x66,0x99,0x66,0x66,0x96,0x66,0x68,0x00,0x00,0x00,0x06,0x96,0x99,0x96,
	0x60,0x09,0x96,0x99,0x94,0x00,0x00,0x00,0x00,0x00,0x00,0x00,0x00,0x00,0x00,0x08,0xAA,0x4A,0x46,0x60,0x09,0x99,0x99,0x99,
	0x99,0x99,0x66,0x69,0x99,0x99,0x96,0x60,0x00,0xFF,0x99,0x99,0x99,0x99,0x90,0x09,0x99,0x99,0x99,0x99,0x99,0x99,0x99,0x33,
	0x90,0x06,0x00,0x69,0x99,0x96,0x66,0x66,0xA0,0x00,0x00,0x00,0x0A,0x66,0x66,0x66,0x66,0x66,0x66,0x66,0x69,0x99,0x99,0x66,
	0x66,0x60,0x00,0x66,0x66,0x66,0x66,0x66,0x60,0x0A,0x96,0x66,0x96,0x00,0x99,0x99,0x96,0x00,0x69,0x99,0x00,0x86,0x69,0x99,
	0x39,0x99,0x90,0x06,0x66,0x66,0x66,0x66,0x66,0x99,0x39,0x99,0x66,0x00,0x06,0x99,0x99,0x96,0x66,0x90,0x00,0x99,0x99,0x99,
	0x66,0x99,0x99,0x99,0x99,0x99,0x66,0x64,0xA8,0x00,0x00,0x00,0x00,0x00,0x00,0x00,0x00,0x69,0x99,0x99,0x00,0x09,0x99,0x44,
	0x49,0x00,0x08,0x69,0x66,0x00,0x00,0x68,0x00,0x00,0x00,0x00,0x00,0x08,0x66,0x66,0x99,0x90,0x00,0xCA,0x99,0x99,0x99,0x99,
	0x99,0x99,0x09,0x99,0x99,0x99,0x99,0x99,0x99,0x99,0x99,0x93,0xA0,0x06,0x99,0x99,0x90,0x00,0x00,0x00,0x99,0x93,0x99,0x39,
	0x60,0x00,0x00,0x06,0x33,0x33,0x39,0x39,0x99,0x99,0x99,0x99,0x99,0x99,0x99,0x99,0x99,0x99,0x99,0x99,0x99,0x99,0x99,0x99,
	0x99,0x93,0x39,0x99,0x99,0x99,0x99,0x99,0x99,0x99,0x99,0x99,0x08,0x06,0x99,0x99,0x00,0x06,0x99,0x90,0x08,0x33,0x00,0x90,
	0x00,0x09,0x99,0x99,0x00,0x00,0x09,0x00,0x00,0x90,0x09,0x60,0x09,0x99,0x99,0x96,0x80,0x00,0x00,0x00,0x00,0x00,0x89,0x99,
	0x96,0x00,0x00,0x00,0x00,0xFF,0x66,0x96,0x96,0x69,0x69,0x66,0x96,0x96,0x96,0x99,0x96,0x66,0x66,0x84,0xA8,0x00,0x8A,0x00,
	0x66,0x69,0x66,0x69,0x60,0x08,0x80,0x00,0x00,0x00,0x00,0x00,0x66,0x69,0x69,0x66,0x60,0x08,0x00,0x00,0x00,0x00,0x00,0x00,
	0x00,0x00,0x00,0x88,0x80,0xA6,0x69,0x96,0x69,0x99,0x99,0x99,0x99,0x99,0x99,0x99,0x99,0x99,0x99,0x99,0x99,0x99,0x93,0x99,
	0x99,0x99,0x39,0x99,0x99,0x90,0x0A,0x99,0x99,0x99,0x99,0x99,0x39,0x00,0x00,0xA6,0x96,0x66,0x66,0x66,0x66,0x99,0x90,0x0A,
	0x00,0x60,0x00,0x86,0x99,0x99,0x90,0x09,0x99,0x99,0x99,0x33,0x33,0x39,0x33,0x33,0x66,0x48,0x00,0x00,0x00,0x00,0x00,0x00,
	0x00,0x00,0x00,0x00,0x00,0x00,0x00,0x00,0x00,0x8A,0xA4,0x66,0x66,0x90,0x00,0xFF,0x99,0x99,0x99,0x99,0x94,0x00,0x99,0x99,
	0x99,0x99,0x99,0x99,0x99,0x96,0x60,0x06,0xA0,0x06,0x66,0x66,0x66,0x66,0x66,0x00,0x6A,0x00,0x00,0x00,0x0A,0x66,0x66,0x66,
	0x66,0x66,0x66,0x99,0x99,0x66,0x66,0x66,0x00,0x66,0x66,0x66,0x66,0x64,0x00,0x06,0x66,0x69,0x99,0x00,0x99,0x99,0x94,0x00,
	0x69,0x98,0x00,0x96,0x66,0x66,0x99,0x99,0x90,0x09,0x99,0x99,0x99,0x99,0x99,0x69,0x99,0x66,0x66,0x00,0x06,0x66,0x66,0x99,
	0x96,0x00,0x09,0x96,0x99,0x99,0x66,0x99,0x99,0x99,0x99,0x96,0x99,0x66,0x69,0x66,0x66,0x66,0x00,0x00,0xAA,0x00,0x00,0x09,
	0x99,0x99,0x00,0x09,0x60,0x00,0x00,0x00,0x00,0x00,0x04,0x80,0x00,0x00,0x00,0x00,0x00,0x00,0x66,0x66,0x66,0x69,0x99,0x90,
	0x00,0xCA,0x99,0x99,0x99,0x99,0x99,0x96,0x09,0x99,0x99,0x99,0x99,0x99,0x99,0x99,0x99,0x94,0x80,0x00,0x09,0x93,0x94,0x00,
	0x00,0x00,0x99,0x63,0x99,0x39,0x00,0x00,0x00,0x99,0x93,0x33,0x33,0x99,0x39,0x99,0x99,0x99,0x99,0x99,0x99,0x99,0x99,0x99,
	0x99,0x99,0x99,0x99,0x99,0x99,0x39,0x93,0x39,0x39,0x99,0x99,0x99,0x99,0x99,0x99,0x99,0x99,0x00,0x00,0x99,0x94,0x00,0x69,
	0x99,0x96,0x00,0x39,0x00,0x99,0x00,0x04,0x99,0x90,0x00,0x90,0x00,0x00,0x00,0x40,0x09,0x90,0x00,0x99,0x99,0x99,0x99,0x00,
	0x00,0x00,0x00,0x00,0x0A,0x99,0x96,0x00,0x00,0x00,0x00,0xFF,0x66,0x66,0x96,0x66,0x96,0x66,0x66,0x66,0x99,0x96,0x66,0x66,
	0x99,0x46,0x08,0x08,0x06,0x80,0x06,0x99,0x66,0x66,0x94,0x00,0x80,0x00,0x00,0x00,0x00,0x06,0x99,0x99,0x99,0x96,0xA8,0x00,
	0x00,0x00,0x00,0x00,0x00,0x00,0x00,0x00,0xA8,0x80,0x86,0x96,0x66,0x96,0x69,0x99,0x99,0x99,0x99,0x99,0x99,0x99,0x99,0x99,
	0x99,0x99,0x99,0x99,0x99,0x99,0x99,0x99,0x99,0x99,0x99,0x99,0x00,0x99,0x39,0x99,0x39,0x99,0x99,0x00,0x60,0x06,0x66,0x66,
	0x66,0x66,0x66,0x66,0x00,0x06,0x00,0x66,0x00,0x00,0x96,0x99,0x90,0x09,0x93,0x99,0x99,0x99,0x93,0x39,0x39,0x99,0x99,0x99,
	0x99,0x99,0x90,0x06,0xAA,0x00,0x00,0x00,0x00,0x00,0x00,0x00,0x00,0x00,0x00,0x00,0x00,0x00,0x00,0x00,0x00,0xFF,0x86,0x69,
	0x99,0x99,0x99,0x00,0x69,0x99,0x99,0x99,0x99,0x99,0x96,0x66,0x60,0x06,0x68,0x00,0x66,0x66,0x66,0x66,0x68,0x00,0x66,0x66,
	0x60,0x00,0x00,0x08,0xA6,0x66,0x66,0x66,0x66,0x99,0x66,0x66,0x66,0x66,0x00,0xA6,0x66,0x66,0x66,0x60,0x00,0x66,0x66,0x99,
	0x99,0x00,0x69,0x99,0x94,0x00,0x69,0x60,0x09,0x66,0x66,0x66,0x66,0x66,0x60,0x06,0x93,0x99,0x99,0x99,0x99,0x93,0x33,0x96,
	0x9A,0x00,0x06,0x99,0x39,0x99,0x96,0xA0,0x96,0x99,0x99,0x93,0x99,0x99,0x33,0x33,0x33,0x99,0x99,0x99,0x66,0x99,0x96,0x96,
	0x00,0x00,0x99,0x99,0x94,0x63,0x99,0x6A,0x00,0x09,0x0A,0x00,0x00,0x00,0x00,0x00,0x00,0x66,0x00,0x00,0x00,0x00,0x08,0x99,
	0x99,0x66,0x66,0x99,0x99,0x90,0x00,0xCA,0x99,0x99,0x99,0x99,0x99,0x96,0x09,0x99,0x99,0x99,0x99,0x99,0x99,0x99,0x99,0x98,
	0x00,0x00,0x09,0x99,0x99,0x00,0x00,0x00,0x39,0x93,0x99,0x30,0x00,0x00,0x06,0x99,0x93,0x33,0x33,0x99,0x99,0x99,0x99,0x99,
	0x99,0x99,0x99,0x99,0x99,0x99,0x99,0x99,0x99,0x99,0x99,0x99,0x93,0x93,0x33,0x33,0x99,0x99,0x99,0x99,0x99,0x99,0x99,0x99,
	0x00,0x00,0x99,0x60,0x00,0x99,0x99,0x96,0x00,0x39,0x00,0x99,0xA0,0x08,0x99,0x80,0x06,0x99,0x00,0x00,0x00,0x00,0x09,0x99,
	0x00,0xA9,0x99,0x99,0x99,0x00,0x06,0x99,0x40,0x00,0x00,0x09,0x96,0x00,0x00,0x00,0x00,0xFF,0x66,0x96,0x99,0x66,0x66,0x66,
	0x96,0x96,0x96,0x66,0x69,0x69,0x96,0x40,0x48,0x80,0x88,0x00,0x00,0x69,0x96,0x99,0x68,0xA0,0x00,0x00,0x00,0x00,0x00,0x06,
	0x99,0x99,0x99,0x68,0x08,0x80,0xA0,0x00,0x00,0x00,0x00,0x00,0x00,0x00,0xA8,0x08,0x46,0x96,0x96,0x96,0x66,0x69,0x96,0x99,
	0x99,0x69,0x99,0x99,0x99,0x99,0x99,0x96,0x99,0x99,0x99,0x69,0x99,0x99,0x99,0x99,0x96,0x99,0xA0,0x09,0x99,0x99,0x99,0x99,
	0x99,0x00,0x90,0x06,0x66,0x66,0x66,0x66,0x66,0x68,0x00,0x89,0x00,0x66,0x68,0x00,0x06,0x66,0x60,0x06,0x99,0x99,0x99,0x99,
	0x99,0x99,0x99,0x99,0x99,0x99,0x99,0x99,0x60,0x09,0x99,0x66,0x66,0x60,0x06,0x66,0x64,0x44,0x44,0x8A,0x00,0x00,0x00,0x00,
	0x00,0x00,0x00,0xFF,0x00,0x00,0x0A,0x99,0x99,0x00,0x09,0x99,0x96,0x66,0x66,0x66,0x66,0x66,0x40,0x06,0x66,0x00,0x06,0x66,
	0x66,0x66,0x60,0x00,0x66,0x66,0x66,0x68,0x00,0x00,0x00,0x08,0x66,0x66,0x66,0x9A,0x00,0x86,0x66,0x66,0xA0,0x06,0x66,0x66,
	0x66,0x00,0x06,0x66,0x66,0x69,0x99,0x80,0x69,0x99,0x9A,0x00,0x69,0x00,0xA9,0x66,0x66,0x66,0x66,0x66,0x60,0x06,0x66,0x99,
	0x66,0x66,0x99,0x39,0x39,0x99,0x68,0x00,0x06,0x66,0x66,0x96,0x96,0x66,0x96,0x66,0x66,0x99,0x99,0x33,0x33,0x33,0x39,0x99,
	0x99,0x99,0x99,0x99,0x99,0x90,0x00,0x08,0x99,0x99,0x99,0x93,0x33,0x30,0x00,0x33,0x06,0x00,0x00,0x00,0x00,0x00,0x00,0x84,
	0x00,0x00,0x00,0x00,0x99,0x99,0x99,0x96,0x69,0x99,0x99,0x90,0x00,0xCA,0x99,0x99,0x99,0x99,0x99,0x96,0x06,0x99,0x99,0x99,
	0x99,0x99,0x99,0x99,0x99,0x94,0x00,0x00,0x00,0x99,0x99,0x00,0x00,0x00,0x39,0x93,0x93,0x00,0x00,0x00,0x09,0x69,0x93,0x33,
	0x33,0x39,0x99,0x99,0x99,0x99,0x96,0x00,0x09,0x99,0x99,0x99,0x99,0x99,0x99,0x99,0x99,0x99,0x99,0x99,0x39,0x99,0x99,0x99,
	0x99,0x99,0x99,0x99,0x99,0x99,0x40,0x00,0x99,0x00,0x09,0x99,0x99,0x96,0x00,0x99,0x00,0x99,0x90,0x00,0x90,0x00,0x49,0x99,
	0x40,0x00,0x00,0x00,0x09,0x99,0x80,0x06,0x99,0x99,0x99,0x00,0x09,0x99,0x99,0xA0,0x00,0x00,0x96,0x00,0x00,0x00,0x00,0xFF,
	0x66,0x69,0x99,0x69,0x96,0x99,0x69,0x96,0x99,0x69,0x96,0x99,0x96,0x84,0xA6,0xA8,0x0A,0x08,0xA0,0x06,0x69,0x96,0x66,0x8A,
	0x00,0x00,0x00,0x00,0x00,0x06,0x96,0x96,0x6A,0x40,0x88,0x00,0x00,0x00,0x00,0x00,0x00,0x00,0x00,0x00,0x00,0xA6,0x66,0x66,
	0x66,0x66,0x66,0x96,0x66,0x66,0x69,0x66,0x99,0x99,0x99,0x99,0x99,0x99,0x99,0x66,0x99,0x99,0x69,0x99,0x99,0x99,0x66,0x99,
	0x90,0x00,0x99,0x99,0x99,0x99,0x66,0x00,0x60,0x00,0x66,0x66,0x66,0x66,0x66,0xA0,0x00,0x66,0x00,0xA6,0x66,0x60,0x00,0x06,
	0x90,0x00,0x99,0x99,0x99,0x99,0x99,0x99,0x99,0x99,0x99,0x99,0x99,0x99,0x40,0xA9,0x99,0x66,0x66,0x60,0x06,0x66,0x66,0x66,
	0x66,0x66,0x66,0x66,0x66,0x99,0x99,0x60,0x00,0xFF,0x6A,0x00,0x00,0x00,0x99,0x90,0x04,0x66,0x66,0x66,0x66,0x66,0x66,0x66,
	0x80,0x86,0x66,0xA0,0x08,0x66,0x66,0x66,0x60,0x00,0x66,0x66,0x66,0x66,0x66,0x68,0x00,0x00,0x00,0x06,0x66,0x90,0x00,0x06,
	0x66,0x66,0x60,0x0A,0x66,0x66,0x60,0x00,0x66,0x69,0x99,0x69,0x99,0x40,0xA9,0x96,0x9A,0x00,0x46,0x00,0x99,0x66,0x66,0x66,
	0x66,0x66,0x40,0x04,0x66,0x66,0x66,0x66,0x66,0x99,0x99,0x66,0x68,0x00,0x06,0x66,0x66,0x66,0x66,0x66,0x66,0x66,0x66,0x66,
	0x66,0x99,0x99,0x99,0x66,0x66,0x66,0x66,0x66,0x66,0x99,0xA0,0x00,0x06,0x99,0x99,0x93,0x93,0x33,0xA0,0x00,0x33,0x38,0x00,
	0x00,0x00,0x08,0x96,0xAA,0x33,0x00,0x00,0x06,0x66,0x69,0x66,0x46,0x66,0x99,0x99,0x99,0x90,0x00,0xCA,0x99,0x99,0x99,0x99,
	0x99,0x98,0x06,0x99,0x99,0x99,0x99,0x39,0x99,0x99,0x93,0x99,0x00,0x00,0x00,0x09,0x93,0xA0,0x00,0x00,0x33,0x93,0x30,0x00,
	0x00,0x00,0x33,0x39,0x99,0x33,0x33,0x99,0x99,0x99,0x93,0x39,0x60,0x00,0x09,0x99,0x99,0x93,0x39,0x99,0x99,0x99,0x99,0x99,
	0x33,0x99,0x33,0x39,0x39,0x69,0x99,0x99,0x99,0x99,0x99,0x99,0x60,0x00,0x90,0x00,0x99,0x99,0x99,0x96,0x00,0x33,0x00,0xA9,
	0x9A,0x00,0x00,0x0A,0x99,0x99,0x90,0x00,0x00,0x00,0xA9,0x99,0x98,0x00,0x99,0x99,0x99,0x00,0x09,0x99,0x99,0x99,0x90,0x00,
	0x66,0x00,0x00,0x00,0x00,0xFF,0x66,0x69,0x96,0x99,0x66,0x96,0x66,0x96,0x66,0x69,0x66,0x96,0x66,0xA0,0xA8,0x00,0xA0,0x00,
	0x80,0x08,0x46,0x96,0x68,0x08,0x00,0x00,0x00,0x00,0x00,0x06,0x66,0x9A,0x00,0x00,0xA0,0x00,0x00,0x00,0x00,0x00,0x00,0x00,
	0x00,0x84,0x06,0x66,0x66,0x96,0x66,0x66,0x66,0x66,0x66,0x66,0x96,0x99,0x99,0x96,0x69,0x99,0x99,0x99,0x96,0x66,0x69,0x99,
	0x99,0x99,0x96,0x69,0x99,0x99,0x96,0x00,0x69,0x99,0x99,0x99,0x96,0x00,0x60,0x00,0x66,0x66,0x66,0x66,0x66,0x00,0x04,0x66,
	0x00,0x86,0x66,0x66,0x00,0x00,0x68,0x00,0x99,0x69,0x99,0x99,0x99,0x99,0x99,0x99,0x99,0x99,0x99,0x99,0xA0,0x46,0x99,0x66,
	0x66,0x60,0x06,0x66,0x66,0x66,0x66,0x66,0x66,0x66,0x69,0x99,0x99,0x90,0x00,0xFF,0x99,0x99,0x90,0x00,0x66,0x68,0x00,0x66,
	0x66,0x66,0x66,0x66,0x66,0x66,0x00,0x66,0x66,0x60,0x00,0x46,0x66,0x46,0x60,0x00,0x66,0x66,0x66,0x66,0x66,0x66,0x66,0x00,
	0x00,0x00,0x66,0x90,0x00,0x04,0x66,0x66,0x6A,0x00,0x66,0x66,0x00,0x06,0x66,0x69,0x96,0x99,0x99,0x60,0x09,0x96,0x90,0x00,
	0x40,0x00,0x99,0x66,0x66,0x66,0x66,0x66,0xA0,0x0A,0x66,0x66,0x66,0x66,0x69,0x99,0x96,0x66,0x60,0x00,0x06,0x66,0x66,0x66,
	0x66,0x66,0x66,0x66,0x66,0x66,0x69,0x99,0x99,0x99,0x66,0x66,0x66,0x66,0x66,0x66,0x66,0x00,0x00,0x06,0x66,0x69,0x99,0x94,
	0x99,0x00,0x06,0x99,0x99,0x99,0xA0,0x00,0x08,0x99,0x99,0x99,0x9A,0x04,0x99,0x99,0x99,0x00,0x00,0x93,0x33,0x99,0x99,0x90,
	0x00,0xCA,0x99,0x39,0x93,0x93,0x99,0x90,0x03,0x33,0x33,0x33,0x33,0x33,0x39,0x99,0x93,0x33,0x30,0x00,0x00,0x00,0x33,0x60,
	0x00,0x00,0x93,0x33,0x60,0x00,0x00,0x09,0x33,0x33,0x99,0x99,0x96,0xA0,0x0A,0x93,0x99,0x99,0x60,0x00,0x0A,0x99,0x99,0x96,
	0x69,0x99,0x99,0x99,0x99,0x96,0x99,0x99,0x33,0x33,0x96,0x69,0x99,0x99,0x99,0x99,0x99,0x99,0x60,0x00,0x00,0x06,0x99,0x93,
	0x99,0x99,0x00,0xA9,0x40,0x00,0xA8,0x00,0x00,0x49,0x99,0x33,0x96,0x00,0xA0,0x00,0x69,0x99,0x93,0x00,0x09,0x99,0x99,0x00,
	0xA9,0x99,0x39,0x99,0x99,0x00,0x96,0x00,0x00,0x00,0x00,0xFF,0x66,0x66,0x69,0x66,0x69,0x66,0x66,0x66,0x66,0x66,0x66,0x66,
	0x66,0x60,0x00,0x00,0x00,0x80,0x80,0x0A,0x06,0x66,0x90,0x8A,0x00,0x00,0x00,0x00,0x00,0x06,0x66,0x48,0x00,0x40,0xA0,0x00,
	0x00,0x00,0x00,0x00,0x00,0x00,0x08,0xA6,0x69,0x69,0x66,0x66,0x66,0x66,0x66,0x66,0x66,0x66,0x69,0x66,0x69,0x99,0x99,0x96,
	0x96,0x99,0x69,0x96,0x99,0x99,0x99,0x99,0x99,0x99,0x99,0x69,0x99,0xA0,0x06,0x69,0x99,0x96,0x96,0x00,0x9A,0x00,0x66,0x66,
	0x66,0x66,0x68,0x00,0x06,0x66,0x00,0x06,0x66,0x66,0x64,0x00,0x00,0x00,0x99,0x99,0x99,0x99,0x99,0x99,0x99,0x99,0x99,0x99,
	0x99,0x99,0x80,0x69,0x69,0x96,0x66,0x60,0x06,0x66,0x66,0x66,0x66,0x66,0x66,0x66,0x99,0x99,0x99,0x90,0x00,0xFF,0x99,0x68,
	0x00,0x00,0x66,0x66,0x00,0x46,0x66,0x66,0x66,0x66,0x66,0x66,0x00,0x66,0x66,0x66,0x00,0x06,0x66,0x64,0x60,0x00,0x66,0x66,
	0x66,0x66,0x66,0x64,0x00,0x00,0x00,0x06,0x66,0x90,0x00,0x06,0x66,0x66,0x66,0x00,0xA6,0x60,0x00,0x66,0x66,0x69,0x69,0x96,
	0x99,0x90,0x06,0x66,0x60,0x00,0x00,0x04,0x99,0x96,0x66,0x66,0x66,0x66,0x80,0x0A,0x66,0x66,0x66,0x66,0x69,0x99,0x66,0x66,
	0x60,0x00,0x06,0x66,0x66,0x66,0x66,0x66,0x66,0x66,0x66,0x66,0x66,0x99,0x99,0x99,0x66,0x66,0x66,0x66,0x66,0x66,0x66,0x00,
	0x00,0x06,0x66,0x69,0x99,0x00,0x09,0x00,0x09,0x99,0x99,0x66,0x80,0x00,0x04,0x66,0x66,0x69,0x66,0x69,0x99,0x94,0x00,0x00,
	0x00,0x33,0x33,0x33,0x33,0x30,0x00,0xCA,0x93,0x39,0x99,0x93,0x33,0x90,0x03,0x33,0x33,0x33,0x93,0x33,0x33,0x33,0x93,0x33,
	0x33,0x00,0x00,0x00,0x69,0x60,0x00,0x00,0x99,0x99,0x00,0x00,0x00,0xA9,0x93,0x33,0x33,0x34,0x00,0x00,0x00,0x03,0x33,0x33,
	0x60,0x00,0x08,0x99,0x39,0x99,0x69,0x93,0x99,0x39,0x99,0x36,0x99,0x99,0x99,0x33,0x99,0x33,0x99,0x99,0x93,0x33,0x39,0x99,
	0x30,0x00,0x00,0x49,0x99,0x99,0x99,0x99,0x00,0x09,0x90,0x00,0x00,0x00,0x06,0x99,0x99,0x99,0x93,0x00,0x40,0x00,0x99,0x99,
	0x93,0x80,0x09,0x33,0x39,0x00,0x93,0x93,0x99,0x33,0x93,0x99,0x96,0x00,0x00,0x00,0x00,0xFF,0x66,0x66,0x66,0x66,0x66,0x66,
	0x96,0x66,0x66,0x66,0x66,0x66,0x66,0x6A,0x8A,0x00,0x80,0x00,0x00,0x00,0x00,0x86,0x40,0x08,0x00,0x00,0x00,0x00,0x00,0x06,
	0x00,0x00,0xA8,0x0A,0x00,0x00,0x00,0x00,0x00,0x00,0x00,0x08,0x0A,0x66,0x66,0x99,0x69,0x66,0x66,0x66,0x66,0x66,0x66,0x66,
	0x66,0x69,0x69,0x99,0x69,0x99,0x69,0x96,0x99,0x96,0x96,0x99,0x99,0x66,0x69,0x99,0x99,0x69,0x99,0x9A,0x00,0x96,0x99,0x66,
	0x66,0x00,0x66,0x00,0x86,0x66,0x66,0x66,0x80,0x00,0xA6,0x66,0x80,0x06,0x69,0x99,0x99,0x9A,0x00,0x00,0x99,0x99,0x33,0x99,
	0x99,0x99,0x99,0x99,0x99,0x99,0x99,0x99,0x00,0x69,0x99,0x66,0x66,0x40,0x06,0x66,0x66,0x66,0x96,0x69,0x66,0x99,0x99,0x99,
	0x99,0x40,0x00,0xFF,0x00,0x00,0x0A,0x66,0x66,0x66,0x60,0x06,0x66,0x66,0x66,0x66,0x66,0x64,0x00,0x66,0x66,0x66,0xA0,0x00,
	0x66,0x66,0x60,0x00,0x66,0x66,0x66,0x66,0x68,0x00,0x00,0x86,0x66,0x66,0x66,0x60,0x00,0x09,0x66,0x66,0x66,0x80,0x06,0x00,
	0x04,0x66,0x66,0x69,0x99,0x99,0x69,0x90,0x06,0x99,0x60,0x00,0x00,0x09,0x99,0x96,0x66,0x66,0x66,0x66,0x80,0x0A,0x60,0x00,
	0x00,0x00,0xA6,0x99,0x66,0x66,0x60,0x00,0x06,0x66,0x66,0x66,0x66,0x66,0x66,0x66,0x66,0x66,0x99,0x99,0x99,0x96,0x66,0x66,
	0x66,0x66,0x66,0x66,0x66,0x00,0x00,0x06,0x66,0x99,0x90,0x00,0x04,0x00,0x49,0x99,0x96,0x66,0x60,0x00,0x86,0x66,0x66,0x66,
	0x66,0x80,0x00,0x00,0x00,0x00,0x00,0x63,0x33,0x33,0x33,0x30,0x00,0xCA,0x33,0x33,0x33,0x33,0x33,0x30,0x09,0x99,0x99,0x99,
	0x08,0x99,0x93,0x99,0x93,0x99,0x39,0x90,0x00,0x00,0x09,0x90,0x00,0x00,0x99,0x90,0x00,0x00,0x0A,0x99,0x99,0x99,0x40,0x00,
	0x00,0x00,0x00,0x09,0x99,0x99,0x60,0x00,0x08,0x99,0x99,0x33,0x39,0x99,0x99,0x33,0x33,0x33,0x99,0x99,0x99,0x93,0x99,0x99,
	0x99,0xA8,0xA6,0x99,0x93,0x93,0x30,0x00,0x04,0x33,0x99,0x39,0x99,0x93,0x00,0x00,0x33,0x6A,0xA0,0xA9,0x99,0x33,0x39,0x99,
	0x99,0x00,0x04,0x00,0x39,0x99,0x33,0x30,0x00,0x33,0x39,0x00,0x33,0x39,0x39,0x39,0x39,0x33,0x36,0x00,0x00,0x00,0x00,0xFF,
	0x66,0x66,0x66,0x66,0x69,0x69,0x96,0x69,0x66,0x66,0x66,0x66,0x66,0x66,0x00,0x0A,0x00,0x00,0x00,0x00,0x00,0x00,0x6A,0x00,
	0x00,0x00,0x00,0x00,0x00,0x80,0x88,0x00,0x80,0x00,0x00,0x00,0x00,0x00,0x00,0x00,0x00,0xA0,0x66,0x66,0x66,0x66,0x66,0x66,
	0x66,0x66,0x66,0x66,0x66,0x96,0x96,0x66,0x66,0x96,0x66,0x66,0x69,0x99,0x96,0x99,0x96,0x66,0x66,0x66,0x69,0x99,0x66,0x66,
	0x69,0x99,0x00,0x66,0x96,0x99,0x99,0x00,0x69,0x00,0x06,0x66,0x66,0x66,0x00,0x00,0x66,0x96,0x00,0x09,0x99,0x99,0x99,0x93,
	0x60,0x00,0x09,0x99,0x99,0x99,0x99,0x99,0x99,0x99,0x99,0x99,0x99,0x99,0x00,0x66,0x66,0x66,0x66,0x40,0x0A,0x66,0x66,0x96,
	0x66,0x66,0x66,0x99,0x99,0x96,0x00,0x00,0x00,0xFF,0x00,0x0A,0x99,0x66,0x66,0x66,0x60,0x06,0x66,0x66,0x66,0x66,0x66,0x68,
	0x08,0x66,0x66,0x66,0x60,0x00,0x06,0x66,0x60,0x00,0x46,0x66,0x66,0x68,0x00,0x00,0xA6,0x66,0x66,0x66,0x66,0x60,0x00,0x86,
	0x66,0x66,0x69,0x60,0x08,0x00,0x46,0x99,0x69,0x66,0x99,0x99,0x69,0x90,0x00,0x99,0x90,0x00,0x00,0x66,0x99,0x96,0x66,0x96,
	0x66,0x66,0x00,0x0A,0x80,0x00,0x00,0x00,0x00,0x00,0x00,0x00,0x00,0x00,0x06,0x66,0x66,0x66,0x66,0x66,0x66,0x66,0x66,0x66,
	0x99,0x99,0x99,0x96,0x66,0x66,0x96,0x96,0x69,0x99,0x99,0x40,0x08,0x99,0x69,0x99,0x60,0x00,0x00,0x00,0x99,0x99,0x96,0x6A,
	0x00,0x04,0x66,0x66,0x88,0x00,0x00,0x00,0x00,0x00,0x00,0x08,0x00,0x09,0x99,0x99,0x99,0x90,0x00,0xCA,0x99,0x33,0x99,0x99,
	0x99,0x90,0x09,0x99,0x99,0x99,0x00,0x99,0x99,0x99,0x99,0x99,0x99,0x94,0x00,0x00,0x00,0x90,0x00,0x00,0x99,0x90,0x00,0x00,
	0x09,0x99,0x99,0x68,0x00,0x00,0x00,0x00,0x00,0x09,0x99,0x99,0x60,0x00,0x00,0x99,0x99,0x99,0x99,0x99,0x99,0x99,0x99,0x99,
	0x99,0x99,0x99,0x99,0x99,0x99,0x98,0x00,0x00,0x00,0x00,0x00,0x00,0x00,0x00,0x00,0x80,0x03,0x99,0x33,0x00,0x00,0xA9,0x93,
	0x33,0x99,0x99,0x33,0x39,0x99,0x93,0x90,0x99,0x99,0x99,0x93,0x33,0x39,0x00,0x03,0x9A,0x00,0x93,0x00,0x63,0x33,0x39,0x33,
	0x36,0x00,0x00,0x00,0x00,0xFF,0x96,0x66,0x66,0x96,0x66,0x66,0x66,0x99,0x66,0x66,0x66,0x66,0x66,0x66,0x48,0x00,0x80,0x00,
	0x00,0x00,0x00,0x00,0x00,0x04,0x00,0x00,0x00,0x00,0x00,0x0A,0x08,0x80,0x00,0x00,0x00,0x00,0x00,0x00,0x00,0x00,0x0A,0x69,
	0x99,0x99,0x69,0x96,0x99,0x96,0x99,0x66,0x66,0x69,0x66,0x66,0x99,0x96,0x66,0x66,0x69,0x66,0x96,0x66,0x99,0x99,0x99,0x99,
	0x99,0x99,0x99,0x69,0x69,0x96,0x69,0x96,0x60,0x06,0x96,0x66,0x69,0x00,0x66,0x80,0x04,0x66,0x66,0x68,0x00,0x0A,0x66,0x66,
	0x00,0x06,0x66,0x99,0x99,0x96,0x94,0x00,0x00,0xA6,0x99,0x99,0x96,0x69,0x69,0x99,0x99,0x99,0x99,0x99,0x00,0x69,0x99,0x96,
	0x66,0x40,0x08,0x66,0x96,0x66,0x66,0x66,0x99,0x96,0xA0,0x00,0x00,0x00,0x00,0xFF,0x69,0x66,0x66,0x66,0x66,0x66,0x6A,0x00,
	0x66,0x66,0x66,0x66,0x66,0x60,0x0A,0x66,0x66,0x66,0x66,0x00,0x00,0x66,0x60,0x00,0x46,0x66,0x68,0x00,0x00,0x66,0x66,0x66,
	0x66,0x66,0x66,0x60,0x00,0x99,0x66,0x66,0x66,0x68,0x00,0x06,0x66,0x99,0x99,0x66,0x69,0x39,0x69,0x66,0x00,0x96,0x60,0x00,
	0x00,0x99,0x99,0x96,0x96,0x99,0x99,0x99,0x00,0x08,0x60,0x00,0x00,0x00,0x00,0x00,0x00,0x00,0x00,0x00,0x00,0x00,0x00,0x00,
	0x00,0x00,0x00,0x00,0x00,0x88,0x63,0x33,0x99,0x69,0x69,0x69,0x66,0x96,0x66,0x66,0x66,0x66,0x66,0x69,0x99,0x33,0x00,0x00,
	0x00,0x00,0x00,0x00,0x88,0xA0,0x00,0x00,0x00,0x00,0x00,0x00,0x00,0x00,0x00,0x06,0x66,0x66,0x00,0x09,0x99,0x99,0x99,0x90,
	0x00,0xCA,0x99,0x99,0x93,0x33,0x33,0x90,0x09,0x99,0x99,0x99,0x00,0x99,0x99,0x99,0x99,0x99,0x99,0x99,0x40,0x00,0x00,0x00,
	0x00,0x00,0x99,0x00,0x00,0x00,0x99,0x96,0xA0,0x00,0x00,0x00,0x00,0x00,0x0A,0x99,0x99,0x99,0x90,0x00,0x00,0x69,0x99,0x69,
	0x99,0x99,0x99,0x99,0x99,0x99,0x99,0x99,0x99,0x99,0x99,0x99,0x98,0x00,0x00,0x00,0x00,0x00,0x00,0x00,0x00,0x00,0x00,0x04,
	0x99,0x99,0x90,0x00,0x09,0x99,0x99,0x39,0x99,0x99,0x99,0x99,0x99,0x99,0x99,0x99,0x99,0x99,0x99,0x99,0x90,0x00,0x90,0x0A,
	0x94,0x00,0x69,0x99,0x99,0x99,0x96,0x00,0x00,0x00,0x00,0xFF,0x66,0x66,0x66,0x96,0x66,0x66,0x96,0x69,0x96,0x69,0x66,0x66,
	0x66,0x66,0x66,0xA0,0x00,0x00,0x00,0x00,0x00,0x00,0x00,0x08,0x00,0x00,0x00,0x00,0x00,0x00,0x08,0x00,0x00,0x00,0x00,0x00,
	0x00,0x00,0x00,0x00,0x46,0x96,0x99,0x99,0x99,0x96,0x99,0x99,0x96,0x66,0x66,0x66,0x66,0x66,0x69,0x66,0x69,0x66,0x99,0x66,
	0x66,0x99,0x99,0x66,0x99,0x99,0x99,0x99,0x99,0x99,0x99,0x99,0x66,0x69,0x98,0x00,0x99,0x99,0x99,0x00,0x99,0x40,0x00,0x66,
	0x66,0x60,0x00,0x04,0x66,0x66,0x00,0x04,0x66,0x66,0x66,0x66,0x64,0x00,0x00,0x00,0x46,0x69,0x99,0x96,0x99,0x99,0x99,0x99,
	0x99,0x99,0x00,0x69,0x99,0x96,0x66,0xA0,0x08,0x66,0x66,0x66,0x66,0x69,0x40,0x00,0x00,0x00,0x69,0x90,0x00,0xFF,0x99,0x99,
	0x99,0x99,0x66,0x99,0x96,0x00,0x89,0x96,0x66,0x66,0x66,0x90,0x06,0x66,0x66,0x66,0x66,0xA0,0x00,0xA6,0x60,0x00,0xA6,0x66,
	0x00,0x00,0x66,0x66,0x66,0x66,0x66,0x66,0x66,0x00,0x00,0x99,0x66,0x66,0x66,0x66,0x00,0x66,0x99,0x99,0x99,0x99,0x66,0x69,
	0x99,0x96,0x00,0x96,0x40,0x00,0x04,0x99,0x99,0x96,0x96,0x99,0x99,0x96,0x00,0x00,0x96,0x00,0x00,0x00,0x00,0x00,0x00,0x08,
	0x80,0x00,0x00,0x00,0x00,0x00,0x00,0x00,0x00,0x00,0x00,0x00,0x09,0x99,0x99,0x66,0x99,0x69,0x96,0x99,0x66,0x66,0x96,0x99,
	0x66,0x96,0x66,0x68,0x00,0x00,0x00,0x00,0x00,0x00,0x00,0x00,0x00,0x00,0x00,0x00,0x00,0x00,0x00,0x86,0x66,0x66,0x66,0x69,
	0x00,0x09,0x99,0x99,0x99,0x30,0x00,0xCA,0x39,0x99,0x39,0x33,0x33,0x30,0x09,0x99,0x96,0x99,0x00,0x66,0x99,0x99,0x99,0x99,
	0x99,0x99,0x90,0x00,0x00,0x00,0x00,0x00,0x98,0x00,0x00,0x04,0x99,0x60,0x00,0x00,0x00,0x00,0x00,0x86,0x99,0x99,0x99,0x99,
	0x9A,0x00,0x00,0x89,0x99,0x69,0x99,0x99,0x99,0x99,0x99,0x99,0x99,0x99,0x99,0x99,0x99,0x99,0x99,0x80,0x00,0x00,0x08,0xA8,
	0x80,0x00,0xA8,0x88,0x88,0x89,0x99,0x99,0x96,0x00,0x69,0x99,0x99,0x99,0x99,0x99,0x99,0x99,0x99,0x99,0x99,0xA9,0x99,0x99,
	0x99,0x99,0x90,0x00,0x90,0x06,0x90,0x00,0x99,0x99,0x99,0x99,0x96,0x00,0x00,0x00,0x00,0xFF,0x66,0x66,0x66,0x66,0x96,0x96,
	0x66,0x69,0x66,0x66,0x66,0x66,0x66,0x66,0x66,0x60,0x00,0x00,0x00,0x00,0x00,0x00,0x00,0x00,0x00,0x00,0x00,0x00,0x00,0x00,
	0x00,0x00,0x00,0x00,0x00,0x00,0x00,0x00,0x00,0x06,0x96,0x99,0x99,0x66,0x99,0x96,0x69,0x66,0x99,0x66,0x69,0x96,0x96,0x66,
	0x99,0x99,0x69,0x69,0x99,0x99,0x69,0x99,0x99,0x66,0x69,0x99,0x99,0x99,0x99,0x99,0x99,0x99,0x99,0x99,0x99,0x00,0xA9,0x99,
	0x99,0x00,0x99,0x60,0x00,0x66,0x66,0x00,0x00,0x44,0x46,0x66,0x00,0x06,0x96,0x96,0x66,0x66,0x66,0x00,0x06,0x00,0x08,0x66,
	0x66,0x99,0x99,0x99,0x99,0x99,0x99,0x99,0x00,0x99,0x99,0x99,0x66,0x40,0x00,0x69,0x66,0x66,0x68,0x00,0x00,0x00,0x04,0x99,
	0x99,0x90,0x00,0xFF,0x99,0x99,0x99,0x96,0x66,0x66,0x96,0x60,0x06,0x96,0x66,0x66,0x66,0x60,0x09,0x96,0x66,0x69,0x66,0x60,
	0x00,0x0A,0x60,0x00,0x86,0x80,0x00,0x86,0x66,0x66,0x66,0x66,0x66,0x66,0x66,0x00,0x04,0x99,0x66,0x66,0x66,0x66,0x66,0x66,
	0x66,0x69,0x66,0x96,0x69,0x99,0x39,0x99,0x80,0x69,0x00,0x00,0x09,0x99,0x99,0x96,0x66,0x96,0x66,0x96,0x00,0x00,0x69,0x96,
	0x66,0x66,0x96,0x96,0x69,0x69,0x66,0x66,0x66,0x66,0x69,0x66,0x66,0xAA,0x88,0x88,0x00,0x00,0x09,0x99,0x96,0x66,0x66,0x66,
	0x99,0x69,0x99,0x99,0x99,0x96,0x69,0x96,0x66,0x60,0x00,0x00,0x00,0x00,0x00,0x00,0x00,0x00,0x00,0x00,0x00,0x00,0x00,0x00,
	0x99,0x66,0x66,0x66,0x66,0x69,0x00,0x09,0x99,0x99,0x96,0x60,0x00,0xCA,0x99,0x66,0x99,0x99,0x99,0x30,0x09,0x99,0x33,0x99,
	0x00,0x66,0x69,0x99,0x39,0x99,0x99,0x99,0x96,0x00,0x00,0x00,0x00,0x00,0x80,0x00,0x00,0x09,0x60,0x00,0x00,0x00,0x00,0x00,
	0xA9,0x99,0x99,0x99,0x99,0x99,0x94,0x00,0x00,0x09,0x99,0x99,0x99,0x99,0x99,0x99,0x99,0x99,0x99,0x99,0x99,0x99,0x99,0x99,
	0x99,0x99,0x69,0x99,0x99,0x99,0x00,0x09,0x99,0x99,0x99,0x90,0x09,0x99,0x99,0x99,0x99,0x99,0x99,0x99,0x99,0x99,0x99,0x99,
	0x99,0x99,0x90,0x06,0x99,0x99,0x99,0x99,0x99,0x00,0x00,0x06,0x90,0x00,0x99,0x99,0x99,0x99,0x96,0x00,0x00,0x00,0x00,0xFF,
	0x66,0x66,0x66,0x66,0x66,0x96,0x99,0x66,0x96,0x69,0x96,0x66,0x99,0x69,0x99,0x96,0x00,0x00,0x00,0x00,0x00,0x00,0x00,0x00,
	0x00,0x00,0x00,0x00,0x00,0x00,0x00,0x00,0x00,0x00,0x00,0x00,0x00,0x00,0x00,0x99,0x96,0x69,0x99,0x69,0x99,0x69,0x99,0x96,
	0x69,0x69,0x99,0x99,0x66,0x69,0x66,0x99,0x99,0x99,0x96,0x99,0x99,0x69,0x69,0x99,0x96,0x69,0x99,0x99,0x99,0x99,0x99,0x99,
	0x99,0x99,0x99,0x60,0x09,0x99,0x99,0x00,0x99,0x90,0x00,0x66,0x60,0x00,0x00,0x66,0x66,0x66,0x00,0x04,0x99,0x99,0x99,0x99,
	0x96,0x00,0x09,0x66,0x00,0x00,0x96,0x69,0x99,0x99,0x99,0x69,0x99,0x99,0x00,0x99,0x99,0x99,0x66,0x80,0x00,0x66,0xA0,0x00,
	0x00,0x00,0x06,0x99,0x99,0x99,0x99,0x90,0x00,0xFF,0x99,0x99,0x99,0x96,0x66,0x66,0x66,0x60,0x00,0x66,0x69,0x66,0x66,0x80,
	0x06,0x99,0x69,0x66,0x66,0x64,0x00,0x00,0x00,0x00,0x80,0x00,0x86,0x66,0x66,0x66,0x66,0x66,0x66,0x66,0x60,0x00,0xA9,0x99,
	0x66,0x66,0x66,0x66,0x66,0x66,0x66,0x66,0x66,0x69,0x69,0x39,0x93,0x99,0x60,0x09,0x00,0x00,0x69,0x99,0x99,0x96,0x69,0x66,
	0x99,0x69,0x00,0x00,0x66,0x99,0x99,0x69,0x96,0x66,0x66,0x69,0x66,0x66,0x66,0x69,0x69,0x69,0x99,0x99,0x69,0x96,0x66,0x69,
	0x39,0x99,0x96,0x99,0x66,0x96,0x66,0x66,0x69,0x66,0x96,0x99,0x99,0x99,0x99,0x00,0x00,0x00,0x00,0x00,0x00,0x00,0x00,0x00,
	0x00,0x00,0x00,0x00,0x69,0x66,0x69,0x99,0x99,0x99,0x99,0x96,0x00,0x09,0x99,0x99,0x99,0x90,0x00,0xCA,0x93,0x9A,0x8A,0x69,
	0x39,0x60,0x06,0x99,0x99,0x93,0x00,0x39,0x93,0x39,0x93,0x99,0x93,0x99,0x99,0x60,0x00,0x00,0x00,0x00,0x00,0x00,0x00,0xA0,
	0x00,0x00,0x00,0x00,0x0A,0x69,0x99,0x99,0x99,0x99,0x99,0x99,0x99,0x00,0x00,0x0A,0x96,0x96,0x99,0x99,0x99,0x99,0x99,0x99,
	0x99,0x99,0x99,0x99,0x99,0x99,0x99,0x99,0x96,0x99,0x99,0x99,0x00,0x49,0x99,0x99,0x99,0x80,0x09,0x90,0x08,0xA6,0x66,0x69,
	0x99,0x99,0x99,0x99,0x99,0x99,0x99,0x99,0x60,0x09,0x99,0x99,0x99,0x99,0x99,0x90,0x00,0x09,0x40,0x09,0x99,0x00,0x99,0x99,
	0x96,0x00,0x00,0x00,0x00,0xFF,0xAA,0xAA,0x66,0x66,0x66,0x66,0x96,0x96,0x66,0x99,0x69,0x69,0x99,0x96,0x99,0x96,0x88,0x00,
	0x00,0x00,0x00,0x00,0x00,0x00,0x00,0x00,0x00,0x00,0x00,0x00,0x00,0x00,0x00,0x00,0x00,0x00,0x0A,0x00,0x86,0x96,0x99,0x99,
	0x99,0x96,0x66,0x66,0x99,0x99,0x96,0x96,0x96,0x96,0x66,0x69,0x99,0x99,0x69,0x99,0x99,0x99,0x99,0x99,0x99,0x99,0x99,0x69,
	0x96,0x99,0x99,0x99,0x66,0x99,0x99,0x99,0x99,0x90,0x00,0x99,0x99,0x00,0x99,0x90,0x00,0x86,0x60,0x00,0x0A,0x66,0x66,0x66,
	0x00,0x06,0x99,0x99,0x99,0x99,0x99,0x00,0x06,0x99,0x90,0x00,0x06,0x96,0x66,0x66,0x66,0x99,0x99,0x99,0x00,0x99,0x99,0x99,
	0x66,0x80,0x00,0x00,0x00,0x00,0x04,0x69,0x99,0x99,0x99,0x99,0x99,0x90,0x00,0xFF,0x99,0x99,0x99,0x96,0x66,0x66,0x66,0x66,
	0x00,0x66,0x66,0x66,0x66,0x00,0x06,0x66,0x96,0x66,0x66,0x66,0x80,0x00,0x00,0x00,0x00,0x06,0x66,0x66,0x66,0x66,0x66,0x66,
	0x66,0x66,0x60,0x00,0x99,0x99,0x66,0x66,0x66,0x66,0x64,0xA8,0xA8,0x80,0x00,0x80,0x88,0x8A,0x69,0x93,0x90,0x06,0x00,0x00,
	0x99,0x99,0x99,0x99,0x66,0x66,0x66,0x66,0x00,0x00,0x66,0x69,0x99,0x93,0x99,0x96,0x69,0x69,0x66,0x66,0x66,0x69,0x69,0x96,
	0x66,0x99,0x99,0x96,0x66,0x63,0x33,0x99,0x96,0x99,0x66,0x66,0x66,0x69,0x66,0x69,0x66,0x93,0x99,0x99,0x66,0x00,0x06,0x00,
	0x00,0x00,0x00,0x00,0x00,0x08,0x00,0x08,0x00,0x00,0x06,0x96,0x69,0x99,0x96,0x99,0x99,0x99,0x00,0x09,0x99,0x99,0x99,0x90,
	0x00,0xCA,0x99,0xA0,0x00,0x00,0x06,0x90,0x0A,0x99,0x99,0x99,0x00,0x39,0x66,0x39,0x99,0x99,0x99,0x39,0x99,0x3A,0x00,0x00,
	0x00,0x00,0x00,0x00,0x00,0x00,0x00,0x00,0x00,0x00,0x96,0x99,0x99,0x99,0x99,0x96,0x69,0x99,0x99,0x00,0x00,0x00,0x99,0x99,
	0x99,0x66,0x99,0x99,0x99,0x99,0x99,0x99,0x99,0x99,0x99,0x99,0x99,0x99,0x99,0x99,0x99,0x94,0x00,0x99,0x99,0x96,0x69,0x00,
	0x09,0x00,0x00,0x00,0x00,0x00,0x00,0x00,0x00,0x00,0x00,0x00,0x00,0x00,0x80,0x09,0x99,0x99,0x99,0x99,0x99,0x9A,0x00,0x09,
	0x00,0xA9,0x98,0x00,0x09,0x99,0x96,0x00,0x00,0x00,0x00,0xFF,0x00,0x00,0xA8,0xA6,0x66,0x69,0x66,0x66,0x66,0x96,0x96,0x96,
	0x66,0x66,0x66,0x99,0x60,0x00,0x00,0x00,0x00,0x00,0x00,0x00,0x00,0x00,0x00,0x00,0x00,0x00,0x00,0x00,0x00,0x00,0x00,0x08,
	0x00,0x00,0x99,0x66,0x66,0x96,0x96,0x66,0x69,0x69,0x69,0x66,0x96,0x96,0x66,0x69,0x96,0x66,0x69,0x99,0x99,0x99,0x99,0x99,
	0x99,0x99,0x99,0x99,0x99,0x66,0x99,0x99,0x99,0x99,0x66,0x69,0x99,0x99,0x99,0x99,0x00,0x09,0x99,0x00,0x99,0x94,0x00,0x06,
	0x60,0x00,0x06,0x66,0x46,0x69,0x00,0x08,0x99,0x99,0x99,0x99,0x99,0x00,0x04,0x99,0x99,0x40,0x00,0xA6,0x66,0x99,0x96,0x99,
	0x99,0x99,0x00,0x99,0x99,0x66,0x88,0x00,0x00,0x00,0x00,0xA9,0x99,0x99,0x99,0x99,0x39,0x99,0x99,0x90,0x00,0xFF,0x99,0x99,
	0x99,0x96,0x66,0x66,0x66,0x66,0x00,0x86,0x66,0x66,0x66,0x00,0x86,0x66,0x69,0x66,0x66,0x66,0x60,0x00,0x00,0x00,0x00,0x66,
	0x66,0x66,0x66,0x96,0x69,0x66,0x66,0x66,0x00,0x06,0x99,0x99,0x66,0xA0,0x00,0x00,0x00,0x00,0x00,0x00,0x00,0x00,0x00,0x00,
	0x00,0x00,0x48,0x00,0x00,0x04,0x99,0x99,0x99,0x99,0x66,0x66,0x66,0x66,0x00,0x00,0x66,0x66,0x99,0x99,0x99,0x96,0x66,0x66,
	0x66,0x66,0x66,0x69,0x69,0x96,0x66,0x69,0x96,0x99,0x66,0x93,0x39,0x99,0x96,0x69,0x96,0x96,0x69,0x66,0x96,0x66,0x66,0x99,
	0x99,0x96,0x60,0x00,0x89,0x00,0x08,0x00,0x00,0x69,0x69,0x69,0x00,0x06,0x60,0x00,0x00,0xA9,0x69,0x99,0x99,0x99,0x99,0x39,
	0x00,0x06,0x99,0x99,0x99,0x90,0x00,0xCA,0x9A,0x08,0x00,0x00,0x00,0x00,0x08,0x99,0x99,0x99,0x00,0x99,0x96,0x69,0x39,0x69,
	0x99,0x99,0x99,0x99,0x00,0x00,0x00,0x00,0x00,0x00,0x00,0x00,0x00,0x00,0x08,0x69,0x96,0x99,0x33,0x99,0x99,0x99,0x99,0x99,
	0x99,0x80,0x00,0x00,0x69,0x69,0x93,0x99,0x99,0x99,0x99,0x99,0x99,0x69,0x99,0x99,0x99,0x99,0x99,0x39,0x99,0x99,0x99,0x90,
	0x00,0x99,0x99,0x80,0x00,0x00,0x09,0x00,0x00,0x00,0x00,0x00,0x00,0x00,0x00,0x00,0x00,0x00,0x00,0x00,0x00,0xA9,0x99,0x96,
	0x99,0x99,0x99,0x99,0x00,0x06,0x00,0x69,0x98,0x00,0x09,0x99,0x96,0x00,0x00,0x00,0x00,0xFF,0x00,0x00,0x00,0x00,0x00,0x00,
	0x0A,0xA6,0x00,0x44,0x66,0x49,0x66,0x66,0x66,0x66,0x66,0x00,0x08,0x00,0x00,0x00,0x00,0x00,0x00,0x00,0x00,0x00,0x00,0x00,
	0x00,0x00,0x00,0x00,0x40,0x00,0x00,0x09,0x69,0x99,0x99,0x99,0x99,0x96,0x69,0x99,0x99,0x99,0x99,0x66,0x66,0x66,0x96,0x66,
	0x69,0x69,0x99,0x69,0x96,0x96,0x99,0x66,0x66,0x99,0x99,0x96,0x66,0x66,0x69,0x99,0x99,0x99,0x99,0x99,0x99,0x99,0x90,0x04,
	0x96,0x00,0x99,0x99,0x00,0x00,0x64,0x00,0x66,0x66,0x69,0x66,0x00,0x00,0x99,0x99,0x99,0x99,0x99,0x00,0x0A,0x99,0x99,0x99,
	0x40,0x00,0xA9,0x39,0x99,0x94,0x46,0x4A,0x00,0x00,0x00,0x00,0x00,0x00,0x00,0x44,0x69,0x99,0x99,0x99,0x99,0x99,0x99,0x99,
	0x99,0x90,0x00,0xFF,0x99,0x99,0x99,0x99,0x66,0x66,0x66,0x66,0x60,0x0A,0x66,0x66,0x66,0x00,0x66,0x66,0x66,0x66,0x66,0x66,
	0x66,0x00,0x00,0x00,0x06,0x66,0x66,0x69,0x66,0x66,0x69,0x66,0x66,0x60,0x00,0x86,0x68,0x00,0x00,0x00,0x00,0x00,0x00,0x08,
	0x08,0xA4,0x4A,0xAA,0x88,0x88,0x00,0x00,0x00,0x00,0x00,0x09,0x99,0x99,0x99,0x99,0x66,0x66,0x69,0x66,0x00,0x00,0x66,0x66,
	0x66,0x99,0x99,0x96,0x66,0x66,0x69,0x66,0x66,0x66,0x99,0x96,0x99,0x69,0x99,0x69,0x66,0x69,0x33,0x39,0x66,0x96,0x99,0x99,
	0x66,0x96,0x66,0x69,0x99,0x99,0x99,0x96,0x00,0x00,0x66,0x00,0x00,0x00,0x00,0x09,0x66,0x99,0x00,0x06,0x96,0x60,0x00,0x00,
	0x69,0x66,0x69,0x39,0x99,0x93,0x00,0x09,0x99,0x99,0x99,0x30,0x00,0xCA,0x60,0x00,0x00,0x00,0x00,0x00,0x00,0x00,0x08,0xA6,
	0x00,0x49,0x96,0x69,0x33,0x99,0x99,0x99,0x93,0x99,0x90,0x00,0x00,0x00,0x00,0x00,0x00,0x00,0x00,0x0A,0x99,0x99,0x66,0x69,
	0x99,0x93,0x33,0x39,0x99,0x99,0x99,0x60,0x00,0x00,0x06,0x99,0x69,0x39,0x69,0x99,0x99,0x99,0x99,0x99,0x99,0x99,0x99,0x99,
	0x99,0x99,0x99,0x99,0x99,0x90,0x08,0x99,0x99,0x60,0x00,0x00,0x09,0x90,0x00,0x00,0x0A,0xA6,0xA0,0x06,0x46,0x6A,0xA6,0x99,
	0x99,0x99,0x00,0x69,0x39,0x69,0x99,0x99,0x99,0x99,0xA0,0x00,0x08,0x99,0x93,0x00,0x00,0x99,0x96,0x00,0x00,0x00,0x00,0xFF,
	0x00,0x00,0x00,0x00,0x00,0x00,0x00,0x04,0x88,0x08,0x88,0xA0,0x08,0x68,0x06,0x66,0x66,0x66,0x00,0x00,0x00,0x00,0x00,0x00,
	0x00,0x00,0x00,0x00,0x00,0x00,0x00,0x00,0x00,0x00,0x08,0x00,0x80,0x99,0x66,0x69,0x99,0x99,0x99,0x69,0x96,0x66,0x69,0x99,
	0x99,0x99,0x96,0x69,0x99,0x66,0x69,0x96,0x66,0x99,0x96,0x66,0x69,0x69,0x69,0x99,0x96,0x99,0x96,0x99,0x69,0x99,0x99,0x99,
	0x99,0x96,0x99,0x99,0x90,0x00,0x96,0x00,0x99,0x99,0x00,0x00,0xA6,0x66,0x66,0x66,0x69,0x69,0x00,0x00,0x99,0x99,0x99,0x99,
	0x99,0x00,0x00,0x99,0x99,0x99,0x99,0x00,0x06,0x99,0x99,0x00,0x00,0x00,0x00,0x00,0x00,0x00,0x00,0x00,0x00,0x46,0x69,0x99,
	0x99,0x99,0x99,0x99,0x99,0x99,0x99,0x90,0x00,0xFF,0x99,0x99,0x99,0x99,0x66,0x66,0x66,0x66,0x64,0x00,0x66,0x66,0x66,0x00,
	0x66,0x66,0x66,0x66,0x66,0x66,0x66,0x60,0x00,0x00,0x66,0x66,0x66,0x66,0x66,0x66,0x69,0x96,0x66,0x40,0x00,0x80,0x00,0x00,
	0x00,0x0A,0x66,0x66,0x66,0x66,0x66,0x66,0x66,0x66,0x66,0x66,0x66,0x68,0x00,0x00,0x00,0x06,0x66,0x69,0x99,0x99,0x66,0x66,
	0x66,0x66,0x00,0x00,0x66,0x66,0x66,0x99,0x99,0x66,0x66,0x66,0x66,0x66,0x66,0x66,0x99,0x96,0x66,0x66,0x99,0x96,0x69,0x63,
	0x99,0x99,0x66,0x66,0x99,0x99,0x96,0x66,0x66,0x66,0x99,0x39,0x99,0x96,0x00,0x04,0x96,0x00,0x00,0x00,0x00,0x06,0x99,0x99,
	0x00,0x04,0x66,0x66,0x00,0x00,0x06,0x99,0x69,0x99,0x99,0x99,0x00,0x09,0x99,0x99,0x99,0x90,0x00,0xCA,0x60,0x60,0x00,0x00,
	0x00,0x00,0x00,0x00,0x00,0x00,0x00,0x00,0x00,0x04,0x46,0x66,0x99,0x66,0x99,0x99,0x96,0x00,0x00,0x00,0x00,0x00,0x00,0x00,
	0x00,0x69,0x96,0x66,0x69,0x99,0x99,0x63,0x99,0x39,0x99,0x99,0x99,0x60,0x00,0x00,0x00,0x99,0x99,0x33,0x99,0x99,0x99,0x99,
	0x99,0x99,0x99,0x99,0x99,0x99,0x99,0x99,0x99,0x99,0x99,0x90,0x09,0x99,0x99,0x99,0x80,0x00,0x06,0x99,0x99,0x99,0x99,0x99,
	0x90,0x09,0x99,0x99,0x99,0x99,0x99,0x99,0x00,0x99,0x33,0x99,0x99,0x99,0x99,0x99,0x90,0x60,0x09,0x99,0x99,0x40,0x00,0x99,
	0x96,0x00,0x00,0x00,0x00,0xFF,0x00,0x00,0x00,0x00,0x00,0x00,0x00,0x00,0x00,0x00,0x00,0x00,0x00,0x08,0x00,0x00,0x0A,0x00,
	0x00,0x00,0x00,0x00,0x00,0x00,0x00,0x00,0x00,0x00,0x00,0x00,0x00,0x00,0x00,0x88,0x0A,0x00,0x89,0x99,0x99,0x66,0x69,0x99,
	0x99,0x99,0x96,0x69,0x99,0x69,0x96,0x99,0x96,0x66,0x96,0x66,0x66,0x66,0x66,0x99,0x69,0x99,0x96,0x99,0x66,0x99,0x99,0x66,
	0x99,0x99,0x99,0x99,0x99,0x99,0x99,0x99,0x99,0x99,0x99,0x00,0x06,0x0A,0x99,0x99,0x80,0x00,0x06,0x66,0x69,0x66,0x99,0x99,
	0x00,0x00,0x99,0x99,0x99,0x99,0x99,0x00,0x00,0x99,0x99,0x99,0x99,0x96,0x09,0x99,0x96,0x00,0x00,0x00,0x00,0x00,0x06,0x99,
	0x66,0x00,0x00,0x66,0x69,0x66,0x99,0x99,0x99,0x99,0x99,0x99,0x99,0x90,0x00,0xFF,0x99,0x99,0x99,0x99,0x66,0x66,0x66,0x66,
	0x66,0x00,0x06,0x66,0x68,0x08,0x66,0x66,0x66,0x66,0x66,0x66,0x6A,0x00,0x06,0x66,0x66,0x66,0x66,0x66,0x66,0x66,0x69,0x66,
	0x66,0x00,0x00,0x00,0x04,0x99,0x96,0x66,0x66,0x66,0x66,0x66,0x66,0x66,0x66,0x66,0x66,0x66,0x66,0x69,0x66,0x80,0x04,0x66,
	0x66,0x66,0x66,0x69,0x66,0x69,0x66,0x66,0xA0,0x06,0x66,0x66,0x69,0x69,0x99,0x96,0x66,0x66,0x66,0x66,0x66,0x69,0x99,0x96,
	0x66,0x96,0x66,0x99,0x66,0x69,0x99,0x96,0x99,0x99,0x66,0x69,0x99,0x66,0x00,0x49,0x99,0x99,0x99,0x90,0x00,0xA6,0x99,0x00,
	0x00,0x00,0x00,0x06,0x96,0x69,0x80,0x0A,0x99,0x99,0x96,0x00,0x00,0x09,0x39,0x99,0x99,0x99,0x00,0x09,0x93,0x99,0x99,0x60,
	0x00,0xCA,0x60,0x60,0x00,0x00,0x00,0x00,0x00,0x00,0x00,0x00,0x00,0x00,0x00,0x00,0x00,0x00,0x00,0x00,0x00,0x00,0x00,0x00,
	0x00,0x00,0x00,0x00,0x00,0x00,0x66,0x66,0x99,0x69,0x96,0x69,0x69,0x99,0x99,0x99,0x99,0x99,0x99,0x90,0x00,0x00,0x00,0x69,
	0x69,0x99,0x39,0x93,0x33,0x39,0x99,0x99,0x99,0x99,0x99,0x99,0x99,0x99,0x99,0x99,0x99,0x99,0x99,0x99,0x99,0x99,0x90,0x00,
	0x00,0x0A,0x33,0x33,0x99,0x99,0x60,0x09,0x99,0x99,0x99,0x99,0x99,0x99,0x00,0x99,0x99,0x36,0x6A,0x0A,0x99,0x99,0x99,0xA0,
	0x09,0x93,0x99,0x90,0x00,0x43,0x96,0x00,0x00,0x00,0x00,0xFF,0x00,0x00,0x00,0x00,0x00,0x00,0x00,0x00,0x00,0x00,0x00,0x00,
	0x00,0xA0,0x00,0x88,0x60,0x00,0x00,0x00,0x00,0x00,0x00,0x00,0x00,0x00,0x00,0x00,0x00,0x00,0x00,0x00,0x00,0x00,0x00,0x08,
	0x66,0x99,0x69,0x69,0x69,0x69,0x99,0x96,0x99,0x69,0x96,0x99,0x96,0x99,0x99,0x96,0x69,0x69,0x66,0x96,0x99,0x99,0x99,0x96,
	0x99,0x66,0x99,0x96,0x99,0x96,0x99,0x99,0x69,0x99,0x99,0x99,0x96,0x99,0x99,0x99,0x99,0x90,0x00,0x04,0x99,0x99,0x60,0x00,
	0x06,0x66,0x69,0x66,0x99,0x99,0x00,0x00,0x99,0x99,0x99,0x99,0x99,0x00,0x00,0x99,0x99,0x99,0x99,0x99,0x99,0x99,0x96,0x00,
	0x00,0x00,0x00,0x09,0x99,0x99,0x66,0x00,0x00,0x96,0x69,0x66,0x69,0x99,0x99,0x99,0x99,0x99,0x99,0x90,0x00,0xFF,0x99,0x99,
	0x99,0x99,0x66,0x66,0x66,0x66,0x66,0xA0,0x06,0x66,0x60,0x04,0x66,0x66,0x66,0x66,0x66,0x66,0x00,0x00,0x66,0x66,0x66,0x66,
	0x66,0x66,0x66,0x66,0x66,0x66,0x60,0x00,0x00,0xA9,0x69,0x99,0x96,0x66,0x66,0x66,0x66,0x66,0x66,0x66,0x64,0x66,0x66,0x66,
	0x66,0x69,0x66,0x66,0x66,0x66,0x66,0x66,0x66,0x66,0x66,0x66,0x69,0x99,0x69,0x99,0x66,0x66,0x99,0x99,0x99,0x96,0x66,0x66,
	0x66,0x66,0x66,0x69,0x99,0x96,0x66,0x66,0x66,0x66,0x96,0x66,0x99,0x99,0x66,0x66,0x66,0x66,0x96,0x60,0x00,0x00,0x93,0x39,
	0x99,0x60,0x00,0x99,0x94,0x00,0x00,0x04,0x00,0x06,0x99,0x99,0xA0,0x08,0x99,0x69,0x96,0x60,0x00,0x00,0x99,0x99,0x99,0x99,
	0x00,0x09,0x99,0x96,0x66,0x60,0x00,0xCA,0x98,0x00,0x00,0x00,0x00,0x00,0x00,0x00,0x00,0x00,0x00,0x00,0x00,0x00,0x00,0x00,
	0x00,0x00,0x00,0x00,0x00,0x00,0x00,0x00,0x00,0x00,0x00,0x00,0x00,0x00,0x00,0x00,0x08,0x44,0x69,0x66,0x99,0x99,0x99,0x99,
	0x99,0x94,0x00,0x00,0x00,0x09,0x69,0x99,0x99,0x99,0x33,0x99,0x99,0x99,0x99,0x99,0x99,0x99,0x99,0x99,0x99,0x99,0x99,0x99,
	0x99,0x39,0x99,0x99,0xA0,0x00,0x00,0x00,0x06,0x33,0x99,0x99,0x00,0x06,0x99,0x99,0x99,0x99,0x99,0x96,0x00,0x48,0x00,0x00,
	0x00,0x00,0x99,0x99,0x99,0x00,0x09,0x99,0x99,0x99,0x00,0x03,0x36,0x00,0x00,0x00,0x00,0xFF,0x00,0x00,0x00,0x00,0x00,0x00,
	0x00,0x00,0x00,0x00,0x00,0x00,0x00,0x00,0x00,0x00,0x00,0x00,0x00,0x00,0x00,0x00,0x00,0x00,0x00,0x00,0x00,0x00,0x00,0x00,
	0x00,0x00,0x00,0x00,0x00,0x00,0x00,0x88,0x0A,0x46,0x69,0x66,0x96,0x66,0x99,0x69,0x69,0x69,0x96,0x69,0x99,0x99,0x99,0x69,
	0x66,0x66,0x99,0x69,0x96,0x99,0x99,0x99,0x99,0x99,0x99,0x99,0x99,0x69,0x99,0x96,0x96,0x66,0x69,0x99,0x99,0x99,0x99,0x96,
	0x00,0x06,0x99,0x99,0x6A,0x00,0x06,0x66,0x99,0x66,0x99,0x99,0x00,0x00,0x99,0x99,0x99,0x99,0x96,0x00,0x00,0x99,0x99,0x99,
	0x99,0x99,0x99,0x66,0x99,0x68,0x80,0x46,0x90,0x09,0x99,0x99,0x99,0x00,0x00,0x99,0x96,0x66,0x69,0x99,0x99,0x99,0x99,0x99,
	0x99,0x90,0x00,0xFF,0x99,0x99,0x99,0x99,0x66,0x66,0x66,0x66,0x66,0x60,0x04,0x66,0x60,0x06,0x66,0x66,0x66,0x66,0x66,0x60,
	0x00,0x86,0x66,0x66,0x66,0x66,0x66,0x66,0x66,0x66,0x46,0x66,0x80,0x00,0xA6,0x99,0x96,0x99,0x99,0x99,0x96,0x66,0x66,0x66,
	0x66,0x69,0x66,0x66,0x66,0x66,0x66,0x66,0x66,0x66,0x96,0x99,0x66,0x66,0x66,0x96,0x66,0x66,0x66,0x66,0x69,0x99,0x66,0x99,
	0x99,0x99,0x96,0x96,0x99,0x66,0x66,0x66,0x96,0x69,0x99,0x66,0x66,0x66,0x96,0x66,0x90,0x00,0x96,0x99,0x66,0x66,0x99,0x66,
	0x96,0x40,0x00,0x00,0x09,0x99,0x99,0x00,0x08,0x66,0x94,0x00,0x00,0x06,0x00,0x09,0x66,0x66,0x40,0x00,0x66,0x66,0x99,0x66,
	0x80,0x00,0x06,0x39,0x99,0x99,0x00,0x09,0x99,0x66,0x69,0x90,0x00,0xCA,0x66,0x00,0x00,0x00,0x00,0x00,0x00,0x00,0x00,0x00,
	0x00,0x00,0x00,0x00,0x00,0x00,0x00,0x00,0x00,0x00,0x00,0x00,0x00,0x00,0x00,0x00,0x00,0x00,0x00,0x00,0x00,0x00,0x00,0x00,
	0x00,0x00,0x0A,0x66,0x99,0x99,0x99,0x99,0x00,0x00,0x00,0x00,0x69,0x93,0x99,0x99,0x99,0x99,0x99,0x99,0x99,0x99,0x99,0x99,
	0x99,0x99,0x99,0x96,0x00,0x69,0x99,0x33,0x99,0x99,0x00,0x00,0x66,0x00,0x00,0xA3,0x99,0x99,0x00,0x09,0x99,0x99,0xA0,0x00,
	0x00,0x00,0x00,0x00,0x00,0x00,0x00,0x06,0x99,0x99,0x99,0x00,0x49,0x99,0x99,0x39,0x00,0x09,0x96,0x00,0x00,0x00,0x00,0xFF,
	0x00,0x00,0x00,0x00,0x00,0x00,0x00,0x00,0x00,0x00,0x00,0x00,0x00,0x00,0x00,0x00,0x00,0x00,0x00,0x00,0x00,0x00,0x00,0x00,
	0x00,0x00,0x00,0x00,0x00,0x00,0x00,0x00,0x00,0x00,0x00,0x00,0x00,0x00,0x00,0x00,0x00,0x00,0x00,0x00,0x00,0x00,0x8A,0x80,
	0x04,0xA0,0x00,0x0A,0x88,0x66,0x66,0x99,0x69,0x99,0x99,0x99,0x99,0x69,0x99,0x99,0x99,0x99,0x99,0x66,0x99,0x99,0x99,0x99,
	0x99,0x99,0x99,0x99,0x99,0x99,0x00,0x06,0x99,0x99,0x96,0x66,0x66,0x99,0x99,0x69,0x99,0x99,0x00,0x00,0x99,0x99,0x99,0x99,
	0x99,0x00,0x00,0x99,0x99,0x99,0x99,0x99,0x99,0x96,0x99,0x99,0x99,0x99,0x90,0x0A,0x99,0x99,0x99,0x00,0x00,0x99,0x99,0x99,
	0x99,0x99,0x99,0x99,0x99,0x69,0x99,0x90,0x00,0xFF,0x99,0x99,0x99,0x99,0x66,0x66,0x66,0x66,0x66,0x96,0x00,0x66,0x80,0x86,
	0x66,0x66,0x66,0x66,0x60,0x00,0x06,0x66,0x66,0x66,0x66,0x66,0x66,0x66,0x66,0x66,0x66,0x46,0x80,0x69,0x99,0x99,0x99,0x99,
	0x99,0x99,0x99,0x66,0x66,0x66,0x66,0x66,0x66,0x66,0x66,0x66,0x66,0x66,0x69,0x66,0x66,0x66,0x66,0x66,0x66,0x66,0x66,0x66,
	0x66,0x66,0x66,0x69,0x66,0x66,0x66,0x69,0x99,0x66,0x69,0x66,0x66,0x66,0x66,0x99,0x99,0x66,0x66,0x66,0x66,0x66,0x60,0x00,
	0x06,0x99,0x66,0x96,0x66,0x66,0x99,0x60,0x00,0x00,0x00,0x99,0x90,0x00,0x06,0x66,0x90,0x00,0x00,0x06,0x00,0x09,0x96,0x99,
	0x90,0x00,0x96,0x66,0x66,0x69,0x99,0x00,0x00,0x03,0x99,0x99,0x00,0x09,0x99,0x66,0x66,0x90,0x00,0xCA,0x99,0x98,0x00,0x00,
	0x00,0x00,0x00,0x00,0x00,0x00,0x00,0x00,0x00,0x00,0x00,0x00,0x00,0x00,0x00,0x00,0x00,0x00,0x00,0x00,0x00,0x00,0x00,0x00,
	0x00,0x00,0x00,0x00,0x00,0x00,0x00,0x00,0x00,0x00,0x00,0x00,0x00,0x49,0x80,0x00,0x00,0x00,0x09,0x33,0x99,0x99,0x33,0x99,
	0x99,0x99,0x99,0x99,0x99,0x99,0x99,0x99,0x99,0x90,0x00,0x00,0x49,0x93,0x99,0x99,0x00,0x00,0x96,0x69,0x00,0x00,0x09,0x99,
	0x00,0x09,0x99,0x99,0x00,0x00,0x00,0x00,0x00,0x04,0x46,0x99,0x99,0x99,0x99,0x99,0x94,0x00,0x99,0x99,0x99,0x93,0x90,0x09,
	0x96,0x00,0x00,0x00,0x00,0xFF,0x00,0x00,0x00,0x00,0x00,0x00,0x00,0x00,0x00,0x00,0x00,0x00,0x00,0x00,0x00,0x00,0x00,0x00,
	0x00,0x00,0x00,0x00,0x00,0x00,0x00,0x00,0x00,0x00,0x00,0x00,0x00,0x00,0x00,0x00,0x00,0x00,0x00,0x00,0x00,0x00,0x00,0x00,
	0x00,0x00,0x00,0x00,0x00,0x00,0x00,0xA0,0xA0,0x8A,0x64,0x46,0x66,0x66,0x69,0x99,0x69,0x99,0x69,0x99,0x99,0x99,0x99,0x99,
	0x99,0x96,0x99,0x99,0x99,0x99,0x99,0x99,0x99,0x99,0x99,0x99,0x90,0x09,0x99,0x99,0x96,0x66,0x99,0x99,0x69,0x99,0x99,0x99,
	0x00,0x0A,0x99,0x69,0x99,0x99,0x99,0x80,0x04,0x99,0x99,0x99,0x99,0x39,0x99,0x96,0x99,0x99,0x99,0x99,0x96,0x00,0x99,0x99,
	0x99,0x60,0x09,0x99,0x99,0x99,0x99,0x99,0x99,0x99,0x99,0x99,0x99,0x90,0x00,0xFF,0x99,0x99,0x99,0x99,0x66,0x66,0x66,0x66,
	0x66,0x69,0x00,0x86,0x00,0x66,0x66,0x99,0x66,0x6A,0x00,0x00,0x66,0x66,0x66,0x66,0x66,0x66,0x66,0x66,0x66,0x66,0x66,0x46,
	0x66,0x63,0x69,0x99,0x99,0x99,0x99,0x99,0x99,0x66,0x66,0x66,0x66,0x66,0x66,0x66,0x66,0x66,0x66,0x66,0x66,0x69,0x66,0x66,
	0x66,0x66,0x96,0x66,0x66,0x66,0x66,0x66,0x66,0x66,0x66,0x66,0x96,0x66,0x99,0x36,0x66,0x96,0x96,0x66,0x69,0x99,0x99,0x69,
	0x66,0x66,0x66,0x66,0x60,0x00,0x00,0x06,0x66,0x99,0x66,0x99,0x69,0x66,0x00,0x00,0x00,0x69,0x60,0x00,0x66,0x96,0x60,0x00,
	0x00,0x86,0x00,0x06,0x99,0x99,0x90,0x00,0x99,0x99,0x00,0x09,0x93,0x90,0x00,0x0A,0x99,0x99,0x00,0x09,0x99,0x96,0x96,0x60,
	0x00,0xCA,0x99,0x99,0x96,0x96,0x44,0xA8,0xA8,0x84,0xA6,0x46,0x66,0x6A,0x6A,0xA8,0x00,0x00,0x00,0x00,0x00,0x00,0x00,0x00,
	0x00,0x00,0x00,0x00,0x00,0x00,0x00,0x00,0x00,0x00,0x00,0x00,0x00,0x00,0x00,0x00,0x00,0x00,0x00,0x00,0x60,0x00,0x00,0x00,
	0x06,0x69,0x99,0x99,0x93,0x39,0x99,0x99,0x99,0x99,0x99,0x99,0x99,0x99,0x99,0x60,0x00,0x00,0x00,0x99,0x99,0x96,0x00,0x00,
	0x39,0x99,0x96,0x00,0x00,0x49,0x00,0x09,0x99,0x99,0x00,0x00,0x00,0x00,0x00,0x00,0x0A,0x69,0x99,0x99,0x99,0x99,0x98,0x0A,
	0x99,0x99,0x99,0x99,0x30,0x09,0x96,0x00,0x00,0x00,0x00,0xFF,0x00,0x00,0x00,0x00,0x00,0x00,0x00,0x00,0x00,0x00,0x00,0x00,
	0x00,0x00,0x00,0x00,0x00,0x00,0x00,0x00,0x00,0x00,0x00,0x00,0x00,0x00,0x00,0x00,0x00,0x00,0x00,0x00,0x00,0x00,0x00,0x00,
	0x00,0x00,0x00,0x00,0x00,0x00,0x00,0x00,0x00,0x00,0x00,0x0A,0x00,0x00,0x66,0xAA,0x40,0x66,0x96,0x96,0x99,0x99,0x96,0x99,
	0x99,0x99,0x99,0x99,0x99,0x99,0x99,0x96,0x99,0x99,0x99,0x99,0x99,0x66,0x69,0x99,0x99,0x99,0x99,0x99,0x99,0x99,0x99,0x99,
	0x99,0x99,0x99,0x99,0x99,0x99,0x60,0x89,0x99,0x99,0x99,0x99,0x99,0x96,0x69,0x99,0x99,0x99,0x99,0x99,0x99,0x96,0x99,0x99,
	0x99,0x99,0x99,0x00,0x69,0x99,0x99,0x99,0x99,0x99,0x99,0x99,0x99,0x99,0x99,0x99,0x99,0x99,0x99,0x90,0x00,0xFF,0x99,0x99,
	0x99,0x99,0x66,0x66,0x66,0x66,0x66,0x66,0x60,0x04,0x00,0x66,0x69,0x96,0x69,0x80,0x00,0x06,0x66,0x66,0x66,0x66,0x66,0x66,
	0x66,0x66,0x69,0x66,0x96,0x66,0x66,0x69,0x99,0x99,0x99,0x99,0x99,0x99,0x99,0x66,0x66,0x66,0x66,0x66,0x66,0x44,0x66,0x66,
	0x66,0x66,0x66,0x46,0x66,0x66,0x66,0x69,0x66,0x66,0x66,0x66,0x66,0x66,0x66,0x66,0x66,0x96,0x64,0x66,0x66,0x66,0x66,0x96,
	0x99,0x66,0x69,0x99,0x99,0x66,0x66,0x66,0x66,0x69,0x69,0xA0,0x00,0x00,0x08,0x66,0x66,0x66,0x96,0x99,0x9A,0x00,0x00,0x09,
	0x00,0x00,0x66,0x96,0x60,0x00,0x00,0x66,0x00,0x09,0x99,0x99,0x90,0x00,0x49,0x64,0x00,0x04,0x93,0x99,0x00,0x00,0x03,0x99,
	0x44,0x99,0x99,0x96,0x96,0x60,0x00,0xCA,0x99,0x99,0x99,0x99,0x96,0x69,0x66,0x66,0x66,0x66,0x96,0x96,0x66,0x69,0x69,0x99,
	0x99,0x60,0x00,0x00,0x00,0x00,0x00,0x00,0x00,0x00,0x00,0x00,0x00,0x00,0x00,0x00,0x00,0x00,0x00,0x00,0x00,0x00,0x00,0x00,
	0x00,0x00,0x00,0x00,0x00,0x00,0x00,0x99,0x99,0x99,0x93,0x99,0x99,0x99,0x99,0x99,0x99,0x99,0x99,0x99,0x99,0x94,0x00,0x00,
	0x00,0x49,0x99,0x90,0x00,0x00,0x99,0x99,0xAA,0x40,0x00,0x00,0x00,0x06,0x96,0x69,0x99,0x99,0x64,0x00,0x00,0x00,0x00,0x00,
	0x04,0x99,0x99,0x99,0x30,0x04,0x99,0x99,0x99,0x99,0x90,0x09,0x96,0x00,0x00,0x00,0x00,0xFF,0x00,0x00,0x00,0x00,0x00,0x00,
	0x00,0x00,0x00,0x00,0x00,0x00,0x00,0x00,0x00,0x00,0x00,0x00,0x00,0x00,0x00,0x00,0x00,0x00,0x00,0x00,0x00,0x00,0x00,0x00,
	0x00,0x00,0x00,0x00,0x00,0x00,0x00,0x00,0x00,0x00,0x00,0x00,0x00,0x00,0x00,0x00,0x00,0x00,0x00,0x04,0xA0,0xAA,0x04,0xAA,
	0x46,0x69,0x69,0x96,0x99,0x99,0x99,0x66,0x66,0x96,0x99,0x99,0x99,0x99,0x99,0x99,0x99,0x99,0x99,0x99,0x99,0x99,0x99,0x99,
	0x99,0x99,0x99,0x99,0x99,0x99,0x99,0x99,0x99,0x99,0x99,0x99,0x99,0x99,0x99,0x99,0x99,0x99,0x99,0x99,0x99,0x99,0x99,0x99,
	0x69,0x99,0x66,0x96,0x69,0x99,0x99,0x99,0x99,0x6A,0x99,0x99,0x99,0x99,0x99,0x99,0x99,0x99,0x99,0x99,0x99,0x99,0x99,0x99,
	0x99,0x90,0x00,0xFF,0x99,0x99,0x99,0x99,0x96,0x66,0x66,0x66,0x66,0x66,0x60,0x00,0x00,0x66,0x66,0xA3,0x60,0x00,0x00,0x69,
	0x66,0x66,0x66,0x66,0x66,0x66,0x66,0x96,0x99,0x39,0x96,0x66,0x66,0x66,0x93,0x99,0x99,0x99,0x99,0x99,0x99,0x66,0x66,0x66,
	0x66,0x66,0x69,0x64,0x66,0x66,0x66,0x69,0x66,0x46,0x66,0x66,0x66,0x66,0x66,0x66,0x66,0x66,0x66,0x66,0x66,0x96,0x66,0x96,
	0x64,0x66,0x66,0x96,0x66,0x66,0x66,0x66,0x99,0x99,0x99,0x66,0x66,0x69,0x66,0x66,0x69,0x66,0x80,0x00,0x00,0x00,0x86,0x66,
	0x96,0x69,0x99,0x90,0x00,0x00,0x00,0x09,0x66,0x66,0x90,0x00,0x00,0x66,0x80,0x06,0x66,0x66,0x90,0x00,0x09,0x90,0x00,0x00,
	0x33,0x99,0x96,0x00,0x00,0x99,0x99,0x99,0x99,0x66,0x66,0x90,0x00,0xCA,0x96,0x69,0x96,0x69,0x66,0x96,0x66,0x66,0x69,0x66,
	0x66,0x66,0x66,0x66,0x99,0x99,0x60,0x00,0x00,0x00,0x00,0x00,0x00,0x00,0x00,0x00,0x00,0x66,0x99,0x96,0x66,0x66,0x84,0x00,
	0x00,0x00,0x00,0x00,0x00,0x00,0x00,0x00,0x04,0x00,0x00,0x00,0x00,0x0A,0x99,0x99,0x93,0x93,0x99,0x99,0x99,0x99,0x99,0x99,
	0x99,0x99,0x99,0x99,0x99,0x96,0x00,0x00,0x99,0x60,0x08,0x08,0x99,0x00,0x00,0x00,0x00,0x00,0x00,0x00,0x00,0x00,0x00,0x00,
	0x00,0x00,0x04,0x99,0x60,0x00,0x00,0x06,0x99,0x99,0x30,0x09,0x99,0x99,0x99,0x99,0x90,0x09,0x06,0x00,0x00,0x00,0x00,0xFF,
	0x00,0x00,0x00,0x00,0x00,0x00,0x00,0x00,0x00,0x00,0x00,0x00,0x00,0x00,0x00,0x00,0x00,0x00,0x00,0x00,0x00,0x00,0x00,0x00,
	0x00,0x00,0x00,0x00,0x00,0x00,0x00,0x00,0x00,0x00,0x00,0x00,0x00,0x00,0x00,0x00,0x00,0x00,0x00,0x00,0x00,0x00,0x00,0x00,
	0x00,0x08,0x00,0xA0,0xA0,0x64,0x49,0x96,0x96,0x99,0x69,0x96,0x99,0x99,0x66,0x99,0x96,0x99,0x96,0x99,0x69,0x99,0x99,0x99,
	0x99,0x99,0x99,0x99,0x99,0x99,0x99,0x99,0x99,0x99,0x99,0x99,0x99,0x99,0x99,0x99,0x99,0x96,0x99,0x99,0x99,0x99,0x99,0x99,
	0x99,0x99,0x99,0x99,0x99,0x93,0x99,0x99,0x99,0x96,0x69,0x99,0x99,0x99,0x99,0x99,0x99,0x99,0x99,0x99,0x99,0x99,0x99,0x99,
	0x99,0x99,0x99,0x99,0x99,0x99,0x99,0x90,0x00,0xFF,0x99,0x99,0x99,0x99,0x96,0x66,0x66,0x66,0x66,0x66,0x64,0x00,0x04,0x66,
	0x66,0x98,0x00,0x00,0x06,0x66,0x66,0x66,0x66,0x66,0x66,0x69,0x96,0x99,0x99,0x99,0x66,0x66,0x66,0x69,0x63,0x39,0x66,0x69,
	0x69,0x99,0x99,0x66,0x66,0x66,0x66,0x66,0x66,0x66,0x66,0x66,0x66,0x99,0x36,0x64,0x69,0x66,0x66,0x69,0x66,0x66,0x69,0x69,
	0x66,0x66,0x66,0x66,0x66,0x66,0x66,0x66,0x66,0x99,0x66,0x99,0x66,0x69,0x99,0x99,0x99,0x66,0x66,0x66,0x66,0x69,0x99,0x64,
	0xA6,0x40,0x00,0x00,0x00,0x06,0x69,0x69,0x99,0x99,0x00,0x00,0x00,0xA3,0x96,0x96,0x60,0x00,0x00,0x66,0x80,0x06,0x66,0x66,
	0x90,0x00,0x06,0x60,0x00,0x00,0x99,0x99,0x99,0x60,0x00,0x09,0x99,0x99,0x99,0x66,0x96,0x60,0x00,0xCA,0x96,0x69,0x66,0x66,
	0x66,0x66,0x99,0x66,0x99,0x96,0x69,0x36,0x69,0x99,0x99,0x98,0x00,0x00,0x00,0x00,0x00,0x00,0x00,0x00,0x00,0x00,0x00,0x06,
	0x99,0x96,0x69,0x99,0x99,0x99,0x96,0x66,0x6A,0x80,0x00,0x00,0x00,0x00,0xA9,0x00,0x00,0x00,0x00,0x00,0x99,0x99,0x99,0x99,
	0x99,0x99,0x99,0x93,0x99,0x99,0x99,0x99,0x99,0x99,0x99,0x99,0x9A,0x00,0x06,0x00,0x00,0x0A,0x99,0x00,0x00,0x00,0x00,0x00,
	0x00,0x00,0x00,0x00,0x00,0x00,0x00,0x00,0x0A,0x99,0x33,0x39,0xA0,0x00,0x99,0x99,0x00,0xA9,0x99,0x99,0x99,0x99,0x90,0x06,
	0x06,0x00,0x00,0x00,0x00,0xFF,0x00,0x00,0x00,0x00,0x00,0x00,0x00,0x00,0x00,0x00,0x00,0x00,0x00,0x00,0x00,0x00,0x00,0x00,
	0x00,0x00,0x00,0x00,0x00,0x00,0x00,0x00,0x00,0x00,0x00,0x00,0x00,0x00,0x00,0x00,0x00,0x00,0x00,0x00,0x00,0x00,0x00,0x00,
	0x00,0x00,0x00,0x00,0x00,0x00,0x00,0x88,0x00,0xA0,0x80,0x6A,0x66,0x69,0x66,0x99,0x99,0x99,0x99,0x69,0x99,0x69,0x99,0x99,
	0x99,0x99,0x96,0x99,0x99,0x69,0x96,0x99,0x99,0x99,0x96,0x99,0x99,0x99,0x99,0x99,0x99,0x99,0x99,0x99,0x99,0x99,0x99,0x66,
	0x99,0x99,0x99,0x99,0x99,0x99,0x99,0x99,0x99,0x99,0x99,0x39,0x99,0x99,0x39,0x99,0x99,0x99,0x66,0x99,0x99,0x99,0x99,0x99,
	0x99,0x99,0x99,0x99,0x99,0x96,0x99,0x99,0x99,0x99,0x99,0x99,0x99,0x90,0x00,0xFF,0x99,0x99,0x99,0x99,0x96,0x66,0x96,0x66,
	0x66,0x66,0x96,0x00,0x06,0x66,0x66,0x00,0x00,0x08,0x96,0x66,0x66,0x99,0x99,0x99,0x99,0x99,0x99,0x39,0x99,0x66,0x39,0x69,
	0x66,0x69,0x66,0x39,0x69,0x99,0x99,0x99,0x69,0x66,0x66,0x66,0x66,0x64,0x96,0x66,0x96,0x66,0x69,0x66,0x66,0x96,0x69,0x69,
	0x66,0x66,0x69,0x66,0x66,0x66,0x66,0x66,0x66,0x96,0x66,0x99,0x66,0x66,0x66,0x66,0x66,0x66,0x99,0x66,0x93,0x69,0x99,0x66,
	0x66,0x66,0x66,0x46,0x69,0x94,0x64,0x6A,0x64,0x00,0x00,0x00,0x00,0x49,0x99,0x99,0x40,0x00,0x00,0x99,0x99,0x66,0x90,0x00,
	0x00,0x66,0x80,0x06,0x66,0x66,0x60,0x00,0x0A,0x6A,0x00,0x00,0x39,0x99,0x99,0x96,0x00,0x00,0x99,0x99,0x99,0x99,0x96,0x60,
	0x00,0xCA,0x66,0x69,0x99,0x96,0x99,0x66,0x99,0x99,0x66,0x66,0x66,0x66,0x69,0x99,0x90,0x00,0x00,0x00,0x00,0x00,0x69,0x00,
	0x00,0x00,0x00,0x00,0x00,0x00,0x63,0x96,0x96,0x69,0x99,0x66,0x96,0x66,0x99,0x99,0x99,0x99,0x96,0x66,0x99,0x90,0x00,0x00,
	0x00,0x00,0x46,0x99,0x93,0x93,0x33,0x99,0x99,0x99,0x99,0x99,0x99,0x99,0x99,0x99,0x99,0x93,0x99,0x60,0x00,0x00,0x60,0x04,
	0x36,0x60,0x00,0x46,0x99,0x39,0x66,0x00,0x00,0x09,0x99,0x99,0x99,0x00,0x0A,0x39,0x99,0x39,0xA0,0x00,0x99,0x99,0x00,0x69,
	0x99,0x90,0x06,0x93,0x90,0x0A,0x06,0x00,0x00,0x00,0x00,0xFF,0x00,0x00,0x00,0x00,0x00,0x00,0x00,0x00,0x00,0x00,0x00,0x00,
	0x00,0x00,0x00,0x00,0x00,0x00,0x00,0x00,0x00,0x00,0x00,0x00,0x00,0x00,0x00,0x00,0x00,0x00,0x00,0x00,0x00,0x00,0x00,0x00,
	0x00,0x00,0x00,0x00,0x00,0x00,0x00,0x00,0x00,0x00,0x00,0x00,0x00,0x00,0x0A,0x00,0x40,0x66,0x66,0x66,0x66,0x66,0x99,0x66,
	0x66,0x99,0x99,0x99,0x99,0x99,0x99,0x99,0x99,0x99,0x99,0x99,0x39,0x96,0x99,0x99,0x96,0x99,0x99,0x99,0x99,0x99,0x99,0x99,
	0x99,0x99,0x99,0x99,0x99,0x96,0x66,0x66,0x69,0x99,0x99,0x99,0x99,0x99,0x99,0x66,0x66,0x39,0x99,0x99,0x99,0x39,0x99,0x99,
	0x39,0x99,0x99,0x99,0x99,0x99,0x99,0x99,0x99,0x99,0x99,0x96,0x66,0x69,0x99,0x66,0x99,0x99,0x99,0x90,0x00,0xFF,0x99,0x99,
	0x99,0x99,0x96,0x66,0x96,0x99,0x66,0x66,0x99,0x60,0x66,0x66,0xA0,0x00,0x00,0x86,0x63,0x99,0x99,0x99,0x99,0x99,0x99,0x39,
	0x96,0x66,0x99,0x39,0x99,0x99,0x99,0x66,0x96,0x69,0x99,0x93,0x99,0x99,0x99,0x96,0x66,0x66,0x66,0x66,0x69,0x66,0x69,0x66,
	0x69,0x96,0x66,0x66,0x64,0x69,0x66,0x66,0x66,0x39,0x99,0x66,0x66,0x69,0x66,0x66,0x66,0x99,0x99,0x66,0x66,0x66,0x96,0x96,
	0x69,0x96,0x69,0x99,0x99,0x96,0x69,0x96,0x66,0x93,0x96,0x66,0x66,0x3A,0x66,0x66,0x00,0x00,0x00,0x00,0x69,0x99,0x60,0x00,
	0x09,0x99,0x96,0x66,0x60,0x00,0x04,0x66,0x80,0x08,0x66,0xA8,0x48,0x00,0x00,0x66,0x00,0x00,0x93,0x39,0x99,0x99,0x60,0x00,
	0x09,0x99,0x99,0x99,0x96,0x60,0x00,0xCA,0x96,0x66,0x96,0x99,0x99,0x66,0x69,0x99,0x69,0x66,0x66,0x66,0x66,0x60,0x00,0x00,
	0x00,0x00,0x00,0x46,0x96,0x00,0x00,0x00,0x00,0x00,0x00,0x00,0x66,0x96,0x66,0x99,0x69,0x96,0x99,0x99,0x99,0x96,0x94,0x96,
	0x66,0x64,0x00,0x00,0x00,0x00,0x00,0x00,0x00,0x00,0x69,0x93,0x33,0x99,0x99,0x99,0x99,0x93,0x93,0x99,0x99,0x99,0x99,0x99,
	0x99,0x94,0x00,0x00,0x90,0x06,0x96,0x93,0x93,0x66,0x66,0x69,0x99,0x9A,0x00,0x00,0x69,0x99,0x99,0x00,0x0A,0x39,0x99,0x90,
	0x00,0x09,0x39,0x93,0x00,0x99,0x93,0x00,0x00,0xA6,0x90,0x00,0x06,0x00,0x00,0x00,0x00,0xFF,0x00,0x00,0x00,0x00,0x00,0x00,
	0x00,0x00,0x00,0x00,0x00,0x00,0x00,0x00,0x00,0x00,0x00,0x00,0x00,0x00,0x00,0x00,0x00,0x00,0x00,0x00,0x00,0x00,0x00,0x00,
	0x00,0x00,0x00,0x00,0x00,0x00,0x00,0x00,0x00,0x00,0x00,0x00,0x00,0x00,0x00,0x00,0x00,0x00,0x00,0x00,0x00,0x0A,0x60,0x66,
	0x66,0x66,0x66,0x66,0x66,0x99,0x69,0x96,0x99,0x99,0x69,0x99,0x99,0x99,0x69,0x99,0x99,0x69,0x69,0x99,0x99,0x99,0x99,0x99,
	0x99,0x99,0x99,0x99,0x99,0x99,0x69,0x99,0x99,0x99,0x99,0x96,0x69,0x96,0x99,0x99,0x99,0x99,0x99,0x99,0x99,0x66,0x69,0x99,
	0x99,0x99,0x99,0x39,0x99,0x99,0x39,0x93,0x99,0x99,0x99,0x99,0x99,0x99,0x99,0x99,0x99,0x99,0x99,0x99,0x99,0x96,0x99,0x99,
	0x99,0x90,0x00,0xFF,0x99,0x99,0x99,0x99,0x96,0x66,0x66,0x66,0x66,0x66,0x69,0x66,0x66,0x66,0x60,0x00,0x00,0x99,0x99,0x93,
	0x99,0x99,0x96,0x99,0x99,0x96,0x66,0x99,0x99,0x99,0x99,0x96,0x66,0x96,0x99,0x66,0x63,0x69,0x69,0x99,0x36,0x66,0x66,0x66,
	0x66,0x46,0x66,0x66,0x46,0x64,0x66,0x66,0x69,0x66,0x96,0x66,0x60,0x00,0x00,0x00,0x00,0x00,0x00,0x00,0x00,0x00,0x00,0x00,
	0x00,0x8A,0x4A,0xAA,0xA6,0x66,0x66,0x39,0x66,0x99,0x39,0x96,0x69,0x99,0x96,0x69,0x96,0x96,0xAA,0x00,0x00,0x08,0x66,0xA0,
	0x00,0x00,0x00,0x89,0x60,0x00,0x69,0x99,0x96,0x66,0x60,0x00,0x06,0x66,0xA0,0x08,0x60,0x00,0x00,0x00,0x00,0xA6,0x00,0x00,
	0x99,0x93,0x39,0x99,0x96,0x00,0x00,0x99,0x99,0x99,0x99,0x90,0x00,0xCA,0x99,0x96,0x69,0x99,0x99,0x66,0x69,0x99,0x69,0x66,
	0x66,0x66,0x80,0x00,0x00,0x00,0x00,0x00,0x09,0x99,0x90,0x00,0x00,0x08,0xA0,0x00,0x00,0x00,0x09,0x99,0x96,0x66,0x99,0x96,
	0x96,0x88,0x00,0x00,0x00,0x00,0x00,0x00,0x00,0x00,0x00,0x00,0x00,0x00,0x00,0x00,0x09,0x99,0x93,0x39,0x39,0x99,0x39,0x93,
	0x93,0x99,0x99,0x99,0x99,0x99,0x99,0x99,0x80,0x00,0x60,0x09,0x99,0x63,0x69,0x99,0x93,0x39,0x99,0x99,0x90,0x00,0x04,0x99,
	0x99,0x00,0x06,0x33,0x60,0x00,0x00,0x39,0x99,0x99,0x00,0x99,0x93,0x00,0x00,0x00,0x00,0x00,0x06,0x00,0x00,0x00,0x00,0xFF,
	0x00,0x00,0x00,0x00,0x00,0x00,0x00,0x00,0x00,0x00,0x08,0x00,0x00,0x0A,0x80,0x0A,0x8A,0x80,0x00,0x00,0x00,0x00,0x00,0x00,
	0x00,0x00,0x00,0x00,0x00,0x00,0x00,0x00,0x00,0x00,0x00,0x00,0x00,0x00,0x00,0x00,0x00,0x00,0x00,0x00,0x00,0x00,0x00,0x00,
	0x00,0x00,0xA0,0x0A,0x0A,0xA6,0x96,0x66,0x66,0x66,0x69,0x99,0x69,0x66,0x99,0x69,0x66,0x66,0x69,0x99,0x99,0x99,0x96,0x66,
	0x69,0x99,0x69,0x99,0x96,0x99,0x99,0x99,0x99,0x99,0x99,0x99,0x93,0x99,0x99,0x99,0x99,0x99,0x69,0x99,0x99,0x99,0x99,0x99,
	0x99,0x99,0x99,0x99,0x99,0x99,0x99,0x99,0x99,0x99,0x99,0x99,0x99,0x96,0x99,0x99,0x99,0x99,0x99,0x99,0x99,0x99,0x99,0x99,
	0x99,0x99,0x99,0x96,0x93,0x93,0x99,0x90,0x00,0xFF,0x99,0x99,0x99,0x99,0x96,0x66,0x66,0x66,0x66,0x66,0x66,0x66,0x69,0x66,
	0x60,0x00,0x89,0x66,0x99,0x99,0x99,0x66,0x8A,0x80,0x86,0x99,0x99,0x99,0x69,0x99,0x99,0x99,0x99,0x66,0x96,0x69,0x96,0x96,
	0x66,0x69,0x99,0x99,0x66,0x69,0x99,0x66,0x96,0x66,0x66,0x66,0x66,0x46,0x66,0x66,0x66,0x66,0xA0,0x00,0x00,0x00,0x00,0x00,
	0x00,0x00,0x00,0x00,0x00,0x00,0x00,0x00,0x00,0x00,0x00,0x00,0x00,0x00,0x00,0x00,0x00,0x00,0x00,0x00,0x00,0x00,0x00,0x00,
	0x00,0x00,0x00,0x00,0xA6,0x66,0x96,0x00,0x00,0x00,0x00,0x00,0x8A,0x80,0x66,0x64,0x60,0x00,0x06,0x66,0xA0,0x00,0x60,0x00,
	0x00,0x00,0x00,0x00,0x00,0x00,0x09,0x99,0x93,0x33,0x99,0x30,0x00,0x03,0x99,0x99,0x99,0x90,0x00,0xCA,0x96,0x96,0x66,0x99,
	0x96,0x66,0x66,0x99,0x69,0x66,0x64,0x00,0x00,0x00,0x00,0x00,0x00,0xA9,0x69,0x96,0x60,0x00,0x00,0x06,0x90,0x00,0x00,0x00,
	0x00,0x66,0x63,0x99,0x66,0x00,0x00,0x00,0x00,0x00,0x00,0x00,0x00,0x00,0x00,0x00,0x00,0x00,0x00,0x00,0x00,0x00,0x06,0x99,
	0x63,0x99,0x99,0x99,0x99,0x99,0x99,0x99,0x99,0x99,0x99,0x99,0x99,0x99,0x90,0x00,0x60,0x09,0x99,0x99,0x96,0x99,0x96,0x99,
	0x39,0x99,0x96,0x40,0x00,0x99,0x99,0x00,0x00,0x00,0x00,0x00,0x39,0x99,0x99,0x94,0x00,0x99,0x93,0x90,0x00,0x00,0x00,0x00,
	0x06,0x00,0x00,0x00,0x00,0xFF,0x00,0x00,0x00,0x00,0x00,0x00,0xA0,0x88,0x88,0x00,0x40,0x88,0x80,0x00,0x0A,0x00,0x80,0x00,
	0x00,0x00,0x00,0x00,0x00,0x00,0x00,0x00,0x00,0x00,0x00,0x00,0x00,0x00,0x00,0x00,0x00,0x00,0x08,0x80,0x00,0x00,0x00,0x00,
	0x00,0x00,0x00,0x00,0x00,0x00,0x00,0x00,0x0A,0x0A,0x06,0x66,0x66,0x66,0x66,0x66,0x66,0x69,0x99,0x66,0x69,0x69,0x96,0x69,
	0x66,0x66,0x66,0x69,0x69,0x99,0x69,0x99,0x66,0x69,0x99,0x99,0x99,0x99,0x99,0x99,0x99,0x96,0x69,0x99,0x99,0x99,0x39,0x39,
	0x99,0x99,0x99,0x99,0x99,0x99,0x99,0x99,0x99,0x96,0x99,0x99,0x99,0x93,0x39,0x99,0x99,0x99,0x93,0x99,0x99,0x99,0x69,0x99,
	0x99,0x99,0x99,0x99,0x93,0x99,0x99,0x99,0x99,0x96,0x69,0x66,0x99,0x60,0x00,0xFF,0x99,0x99,0x99,0x99,0x99,0x66,0x66,0x66,
	0x66,0x66,0x99,0x99,0x99,0x99,0x90,0x00,0x69,0x96,0x99,0x99,0x99,0x4A,0x88,0x00,0x00,0xA6,0x99,0x99,0x99,0x99,0x99,0x96,
	0x96,0x66,0x66,0x69,0x99,0x99,0x96,0x69,0x99,0x99,0x66,0x66,0x96,0x96,0x66,0x96,0x66,0x66,0x66,0x66,0x66,0x66,0x66,0x66,
	0x60,0x00,0x00,0x00,0x00,0x00,0x00,0x00,0x00,0x00,0x00,0x00,0x00,0x00,0x00,0x00,0x00,0x00,0x00,0x00,0x00,0x00,0x00,0x00,
	0x00,0x00,0x00,0x00,0x00,0x00,0x00,0x00,0x00,0x00,0x86,0x69,0x93,0x99,0x00,0x00,0x00,0x00,0x00,0x00,0x06,0x64,0x60,0x00,
	0x46,0x66,0x40,0x00,0x60,0x00,0x00,0x00,0x00,0x00,0x00,0x00,0x06,0x99,0x99,0x93,0x99,0x99,0x00,0x00,0x39,0x96,0x99,0x90,
	0x00,0xCA,0x99,0x69,0x66,0x66,0x96,0x99,0x66,0x99,0x66,0x6A,0x00,0x00,0x00,0x00,0x00,0x00,0x06,0x69,0x69,0x39,0x90,0x00,
	0x00,0x06,0x66,0x00,0x00,0x00,0x00,0x09,0x99,0x96,0x80,0x00,0x00,0x00,0x00,0x00,0x00,0x00,0x00,0x00,0x00,0x00,0x00,0x00,
	0x00,0x00,0x00,0x00,0x09,0x99,0x93,0x99,0x99,0x99,0x39,0x99,0x99,0x99,0x99,0x99,0x93,0x99,0x99,0x99,0xA0,0x00,0x60,0x09,
	0x99,0x93,0x99,0x99,0x96,0x69,0x99,0x6A,0x00,0x00,0x00,0x9A,0x80,0x00,0x00,0x00,0x0A,0x99,0x39,0x99,0x99,0x90,0x06,0x99,
	0x69,0x99,0x64,0x00,0x00,0x00,0x06,0x00,0x00,0x00,0x00,0xFF,0x00,0x00,0x00,0x00,0x00,0x08,0x00,0x00,0x80,0x00,0x00,0x04,
	0xA0,0x08,0x08,0xA0,0xA0,0x00,0x00,0x00,0x00,0x0A,0x00,0x00,0x00,0x00,0x00,0x00,0x00,0x00,0x00,0x00,0x00,0x00,0x00,0x00,
	0x06,0x0A,0x66,0x88,0xAA,0x8A,0x00,0x0A,0x00,0x00,0x00,0x00,0x04,0x0A,0x06,0x6A,0x66,0x69,0x69,0x99,0x96,0x66,0x66,0x99,
	0x99,0x99,0x99,0x96,0x99,0x99,0x93,0x99,0x99,0x99,0x39,0x99,0x99,0x99,0x66,0x99,0x99,0x99,0x99,0x99,0x99,0x99,0x99,0x99,
	0x99,0x99,0x99,0x66,0x66,0x93,0x99,0x99,0x33,0x99,0x99,0x99,0x99,0x99,0x99,0x99,0x99,0x99,0x99,0x99,0x99,0x99,0x99,0x99,
	0x99,0x33,0x33,0x33,0x33,0x33,0x33,0x33,0x93,0x93,0x33,0x33,0x33,0x99,0x99,0x99,0x96,0x69,0x69,0x60,0x00,0xFF,0x69,0x99,
	0x99,0x96,0x99,0x66,0x66,0x66,0x99,0x99,0x99,0x99,0x99,0x99,0x94,0x06,0x69,0x96,0x99,0x99,0x99,0x6A,0x40,0x00,0x00,0x00,
	0xA9,0x99,0x69,0x99,0x99,0x99,0x96,0x99,0x69,0x66,0x66,0x69,0x99,0x66,0x66,0x96,0x66,0x66,0x69,0x66,0x66,0x69,0x66,0x66,
	0x66,0x66,0x66,0x66,0x66,0x66,0x66,0x66,0x66,0x66,0x66,0x66,0x66,0x66,0x66,0x99,0x96,0x96,0x69,0x68,0x88,0x88,0x80,0x00,
	0x00,0x00,0x00,0x00,0x00,0x00,0x00,0x00,0x00,0x00,0x00,0x00,0x00,0x00,0x00,0x00,0x46,0x69,0x99,0x99,0x96,0x00,0x00,0x00,
	0x00,0x00,0x06,0x66,0xA0,0x00,0x69,0x66,0x60,0x00,0x90,0x00,0x00,0x00,0x00,0x00,0x00,0x00,0x09,0x39,0x99,0x64,0xA8,0x00,
	0x00,0x00,0xA9,0x39,0x99,0x90,0x00,0xCA,0x66,0x69,0x96,0x66,0x96,0x99,0x96,0x66,0x66,0x00,0x00,0x00,0x00,0x00,0x00,0x0A,
	0x99,0x96,0x66,0x99,0x90,0x00,0x00,0x09,0x69,0x80,0x00,0x00,0x00,0x06,0x99,0x90,0x00,0x00,0x00,0x00,0x00,0x00,0x00,0x00,
	0x00,0x00,0x00,0x00,0x00,0x00,0x00,0x00,0x00,0x00,0x03,0x99,0x99,0x93,0x33,0x99,0x99,0x99,0x99,0x99,0x99,0x39,0x99,0x99,
	0x33,0x99,0x00,0x00,0x00,0xA3,0x39,0x93,0x33,0x99,0x99,0x99,0xA0,0x00,0x00,0x00,0x69,0x60,0x00,0x00,0x00,0x06,0x93,0x39,
	0x99,0x99,0x99,0x90,0x06,0x99,0x99,0x99,0x96,0x99,0x90,0x00,0x36,0x00,0x00,0x00,0x00,0xFF,0x08,0x08,0x00,0x4A,0x48,0x04,
	0xA8,0x4A,0x0A,0xA8,0xAA,0x6A,0xA6,0x69,0x66,0x66,0x99,0x80,0x49,0x6A,0x06,0x00,0x00,0x00,0x00,0x00,0x00,0x00,0x00,0x00,
	0x00,0x00,0x00,0x00,0x00,0x00,0x00,0x09,0x99,0x99,0x99,0x96,0x66,0x66,0x99,0x99,0x96,0x69,0x96,0x99,0x99,0x99,0x99,0x99,
	0x99,0x69,0x66,0x66,0x99,0x69,0x99,0x99,0x99,0x99,0x99,0x99,0x99,0x99,0x96,0x69,0x99,0x99,0x99,0x99,0x99,0x99,0x96,0x96,
	0x99,0x99,0x99,0x99,0x99,0x99,0x99,0x66,0x66,0x96,0x66,0x66,0x66,0x66,0x69,0x99,0x99,0x99,0x99,0x99,0x99,0x99,0x99,0x99,
	0x99,0x99,0x99,0x99,0x99,0x99,0x99,0x99,0x99,0x99,0x99,0x99,0x99,0x99,0x99,0x99,0x99,0x99,0x99,0x99,0x99,0x99,0x99,0x96,
	0x39,0x90,0x00,0xFF,0x39,0x66,0x99,0x99,0x99,0x99,0x99,0x99,0x99,0x99,0x99,0x99,0x99,0x99,0x99,0x99,0x96,0x99,0x69,0x99,
	0x99,0x46,0x80,0x00,0x00,0x0A,0x00,0x69,0x99,0x99,0x96,0x96,0x66,0x66,0x66,0x69,0x66,0x69,0x99,0x66,0x66,0x96,0x66,0x66,
	0x66,0x66,0x66,0x66,0x66,0x66,0x66,0x66,0x66,0x66,0x66,0x66,0x66,0x66,0x66,0x69,0x69,0x66,0x66,0x69,0x66,0x66,0x66,0x69,
	0x66,0x96,0x99,0x66,0x69,0x96,0x39,0x39,0x99,0x99,0x96,0x66,0x66,0x66,0x66,0x66,0x93,0x96,0x66,0x00,0x00,0x0A,0x66,0x99,
	0x94,0x00,0x00,0x00,0x00,0x00,0x00,0x08,0x99,0x69,0x80,0x00,0x66,0x66,0x60,0x00,0x66,0x99,0x66,0x60,0x80,0x9A,0x00,0x09,
	0x94,0x00,0x00,0x00,0x00,0x00,0x00,0x00,0x00,0x66,0x69,0x90,0x00,0xCA,0x99,0x99,0x99,0x99,0x99,0x99,0x99,0x96,0x00,0x00,
	0x00,0x00,0x00,0x00,0x08,0x99,0x99,0x99,0x99,0x99,0x60,0x00,0x00,0x89,0x66,0x60,0x00,0x00,0x00,0x00,0x69,0x80,0x00,0x00,
	0x00,0x00,0x00,0x00,0x00,0x00,0x08,0xAA,0x63,0x33,0x99,0x99,0x69,0x99,0x66,0x49,0x69,0x99,0x99,0x99,0x93,0x39,0x33,0x93,
	0x33,0x99,0x99,0x99,0x99,0x99,0x93,0x30,0x00,0x60,0x00,0x49,0x99,0x33,0x33,0x96,0x80,0x00,0x00,0x00,0xA3,0x33,0x33,0x60,
	0x00,0x00,0xA3,0x39,0x99,0x93,0x39,0x99,0x99,0x40,0x03,0x99,0x33,0x99,0x93,0x99,0x90,0x00,0x36,0x00,0x00,0x00,0x00,0xFF,
	0xA4,0x44,0x46,0x66,0x69,0x66,0x99,0x99,0x99,0x99,0x99,0x99,0x99,0x99,0x99,0x99,0x99,0xA0,0x69,0x99,0x90,0x00,0x00,0x00,
	0x00,0x00,0x00,0x00,0x06,0x00,0x00,0x00,0x00,0x00,0x00,0x00,0x00,0x08,0x99,0x99,0x99,0x99,0x99,0x99,0x99,0x99,0x99,0x99,
	0x96,0x99,0x99,0x99,0x99,0x99,0x99,0x69,0x66,0x66,0x99,0x69,0x99,0x99,0x99,0x99,0x99,0x99,0x99,0x99,0x99,0x99,0x99,0x69,
	0x99,0x99,0x99,0x99,0x99,0x99,0x99,0x99,0x99,0x69,0x99,0x68,0x06,0x99,0x96,0x99,0x99,0x99,0x66,0x69,0x99,0x99,0x99,0x99,
	0x99,0x96,0x66,0x99,0x93,0x99,0x99,0x99,0x99,0x99,0x99,0x99,0x99,0x99,0x99,0x99,0x99,0x99,0x99,0x99,0x99,0x99,0x99,0x99,
	0x99,0x99,0x99,0x99,0x99,0x99,0x99,0x90,0x00,0xFF,0x99,0x96,0x99,0x99,0x99,0x99,0x99,0x99,0x99,0x99,0x99,0x99,0x99,0x99,
	0x99,0x99,0x99,0x99,0x99,0x99,0x99,0x08,0xA0,0x00,0x00,0x00,0x00,0x0A,0x99,0x99,0x99,0x69,0x96,0x66,0x69,0x99,0x66,0x66,
	0x69,0x66,0x66,0x66,0x66,0x66,0x66,0x66,0x96,0x66,0x66,0x66,0x66,0x66,0x66,0x66,0x96,0x66,0x66,0x66,0x66,0x66,0x66,0x66,
	0x66,0x66,0x66,0x66,0x66,0x66,0x66,0x69,0x69,0x36,0x69,0x69,0x99,0x99,0x99,0x99,0x96,0x66,0x66,0x66,0x66,0x96,0x63,0x96,
	0x99,0x66,0x69,0x66,0x44,0x40,0x00,0x00,0x00,0x00,0x00,0xA9,0x99,0x69,0x39,0x93,0x80,0x00,0x66,0x99,0x90,0x00,0x66,0x96,
	0x99,0x69,0x99,0x9A,0x00,0x64,0x00,0x00,0x00,0x00,0x00,0x00,0x00,0x00,0x00,0x99,0x69,0x90,0x00,0xCA,0x69,0x99,0x99,0x99,
	0x99,0x99,0x99,0x40,0x00,0x00,0x00,0x00,0x00,0x00,0x86,0x99,0x69,0x99,0x99,0x99,0x60,0x00,0x00,0xA9,0x66,0x90,0x00,0x00,
	0x00,0x00,0x09,0x00,0x00,0x00,0x00,0x00,0x00,0x00,0x00,0x0A,0x33,0x33,0x33,0x33,0x33,0x99,0x99,0x99,0x99,0x99,0x33,0x33,
	0x99,0x99,0x93,0x39,0x93,0x99,0x99,0x33,0x99,0x93,0x99,0x99,0x33,0x90,0x03,0x30,0x00,0x99,0x99,0x99,0x6A,0x00,0x00,0x00,
	0x0A,0x99,0x99,0x99,0x93,0x30,0x00,0xA3,0x33,0x33,0x39,0x33,0x99,0x99,0x93,0x00,0x09,0x99,0x33,0x99,0x99,0x99,0x90,0x0A,
	0x36,0x00,0x00,0x00,0x00,0xFF,0x66,0x66,0x66,0x66,0x66,0x99,0x69,0x69,0x99,0x99,0x99,0x99,0x99,0x99,0x99,0x99,0x99,0xA0,
	0x69,0x99,0x40,0xA0,0x00,0x00,0x00,0x00,0x00,0x00,0x49,0x98,0x00,0x00,0x00,0x00,0x00,0x00,0x00,0x00,0x0A,0x99,0x99,0x96,
	0x99,0x99,0x99,0x99,0x99,0x99,0x96,0x99,0x99,0x99,0x99,0x99,0x99,0x99,0x96,0x66,0x69,0x99,0x99,0x99,0x99,0x99,0x99,0x99,
	0x99,0x99,0x99,0x99,0x69,0x99,0x99,0x99,0x99,0x99,0x99,0x99,0x96,0x66,0x69,0x99,0x90,0x00,0x00,0x09,0x99,0x99,0x99,0x99,
	0x99,0x69,0x99,0x99,0x99,0x99,0x99,0x99,0x96,0x69,0x99,0x99,0x99,0x99,0x99,0x99,0x99,0x99,0x99,0x99,0x99,0x99,0x99,0x99,
	0x99,0x99,0x99,0x99,0x99,0x99,0x99,0x99,0x99,0x98,0x09,0x96,0x39,0x30,0x00,0xFF,0x99,0x99,0x99,0x99,0x99,0x99,0x99,0x99,
	0x99,0x99,0x99,0x99,0x99,0x99,0x99,0x99,0x96,0x99,0x99,0x99,0x99,0x66,0x80,0x00,0x00,0x00,0x00,0xA0,0x00,0x96,0x99,0x66,
	0x66,0x66,0x66,0x66,0x66,0x66,0x69,0x66,0x66,0x66,0x66,0x66,0x66,0x96,0x69,0x96,0x66,0x66,0x66,0x66,0x66,0x66,0x69,0x66,
	0x64,0x66,0x66,0x66,0x66,0x66,0x66,0x66,0x66,0x66,0x66,0x66,0x66,0x66,0x66,0x96,0x66,0x99,0x99,0x99,0x99,0x99,0x66,0x66,
	0x66,0x66,0x66,0x66,0x69,0x99,0x99,0x66,0xA8,0x00,0x00,0x00,0x00,0x00,0x06,0x99,0x99,0x99,0x66,0x66,0x99,0x99,0x90,0x04,
	0x66,0x66,0x90,0x00,0x66,0x69,0x69,0x69,0x99,0x30,0x00,0x00,0x00,0x00,0x89,0x93,0x93,0x39,0x99,0x94,0x89,0x99,0x66,0x60,
	0x00,0xCA,0x96,0x66,0x69,0x99,0x99,0x99,0x9A,0x00,0x00,0x00,0x00,0x00,0x00,0x06,0x66,0x99,0x66,0x99,0x99,0x96,0x90,0x00,
	0x00,0x99,0x66,0x66,0x00,0x00,0x00,0x00,0x09,0x00,0x00,0x00,0x00,0x00,0x00,0x09,0x33,0x39,0x99,0x99,0x99,0x99,0x33,0x99,
	0x99,0x99,0x96,0x99,0x99,0x99,0x99,0x99,0x99,0x99,0x99,0x99,0x99,0x93,0x33,0x99,0x99,0x99,0x99,0x00,0x09,0x9A,0x00,0x99,
	0x94,0x00,0x00,0x00,0x09,0x99,0x99,0x99,0x99,0x99,0x99,0x99,0x99,0x99,0x39,0x33,0x33,0x39,0x99,0x99,0x96,0x00,0x09,0x99,
	0x99,0x99,0x99,0x99,0x60,0x06,0x96,0x00,0x00,0x00,0x00,0xFF,0x66,0x96,0x66,0x99,0x99,0x99,0x99,0x99,0x99,0x99,0x99,0x99,
	0x99,0x99,0x99,0x99,0x99,0xA0,0x49,0x90,0x08,0x00,0x00,0x00,0x00,0x00,0x00,0x00,0x69,0x99,0xA0,0x00,0x00,0x00,0x00,0x00,
	0x00,0x00,0x00,0x86,0x99,0x99,0x99,0x99,0x99,0x99,0x96,0x99,0x99,0x99,0x99,0x99,0x99,0x99,0x99,0x99,0x96,0x66,0x66,0x96,
	0x69,0x96,0x96,0x99,0x99,0x66,0x66,0x99,0x69,0x66,0x69,0x66,0x99,0x99,0x66,0x96,0x99,0x69,0x99,0x99,0x99,0x99,0x00,0x00,
	0x00,0x0A,0x99,0x99,0x99,0x99,0x99,0x69,0x99,0x99,0x99,0x99,0x99,0x99,0x99,0x69,0x69,0x99,0x99,0x96,0x99,0x99,0x99,0x99,
	0x99,0x99,0x99,0x99,0x99,0x99,0x99,0x99,0x99,0x99,0x99,0x99,0x99,0x99,0x99,0x90,0x09,0x66,0x36,0x90,0x00,0xFF,0x99,0x99,
	0x99,0x99,0x99,0x99,0x99,0x99,0x99,0x99,0x99,0x99,0x99,0x99,0x99,0x99,0x96,0x69,0x99,0x66,0x99,0x66,0x6A,0x00,0x00,0x00,
	0x00,0x00,0x00,0xA6,0x66,0x66,0x66,0x66,0x66,0x96,0x66,0x66,0x69,0x99,0x69,0x96,0x84,0x66,0x66,0x69,0x66,0x99,0x66,0x66,
	0x66,0x66,0x66,0x66,0x66,0x66,0x99,0x66,0x66,0x96,0x66,0x69,0x99,0x66,0x69,0x66,0x66,0x96,0x96,0x66,0x66,0x96,0x66,0x99,
	0x99,0x99,0x99,0x99,0x66,0x66,0x66,0x66,0x66,0x66,0x66,0x68,0x00,0x00,0x00,0x00,0x00,0x00,0x0A,0x99,0x99,0x99,0x99,0x99,
	0x66,0x66,0x66,0x66,0x99,0x66,0x66,0x66,0x60,0x00,0x66,0x99,0x96,0x96,0x69,0x90,0x00,0x00,0x00,0x99,0x99,0x99,0x99,0x99,
	0x99,0x99,0x99,0x99,0x66,0x60,0x00,0xCA,0x66,0x66,0x66,0x96,0x96,0x69,0x60,0x00,0x00,0x00,0x00,0x00,0x08,0x99,0x99,0x99,
	0x99,0x99,0x96,0x96,0x99,0x00,0x06,0x99,0x96,0x96,0x00,0x00,0x00,0x00,0x09,0x80,0x00,0x00,0x00,0x00,0x89,0x39,0x93,0x39,
	0x99,0x99,0x99,0x99,0x99,0x99,0x99,0x99,0x93,0x99,0x99,0x99,0x99,0x99,0x99,0x99,0x99,0x99,0x99,0x99,0x93,0x39,0x99,0x99,
	0x99,0x00,0xA9,0x96,0x00,0x64,0x00,0x00,0x00,0x99,0x99,0x99,0x99,0x99,0x99,0x99,0x99,0x99,0x90,0x04,0x99,0x33,0x33,0x33,
	0x93,0x33,0x30,0x00,0x09,0x99,0x99,0x99,0x99,0x99,0x40,0x09,0x66,0x00,0x00,0x00,0x00,0xFF,0x96,0x69,0x99,0x99,0x99,0x99,
	0x99,0x69,0x99,0x99,0x99,0x99,0x99,0x99,0x99,0x99,0x99,0xA0,0x46,0xA0,0x0A,0x40,0x00,0x00,0x00,0x00,0x00,0x08,0x49,0x99,
	0x68,0x00,0x00,0x00,0x00,0x00,0x00,0x00,0x00,0x00,0x69,0x99,0x99,0x99,0x99,0x99,0x99,0x99,0x69,0x99,0x99,0x99,0x99,0x99,
	0x99,0x99,0x96,0x66,0x99,0x69,0x96,0x96,0x66,0x99,0x66,0x66,0x69,0x99,0x69,0x69,0x69,0x99,0x99,0x99,0x69,0x99,0x99,0x69,
	0x99,0x99,0x96,0x90,0x00,0x00,0x00,0x00,0x99,0x99,0x99,0x99,0x99,0x99,0x99,0x99,0x99,0x99,0x99,0x99,0x93,0x66,0x69,0x93,
	0x99,0x99,0x69,0x99,0x99,0x99,0x99,0x99,0x99,0x99,0x99,0x99,0x99,0x99,0x99,0x99,0x99,0x99,0x99,0x99,0x99,0x90,0x09,0x99,
	0x39,0x90,0x00,0xFF,0x99,0x99,0x99,0x99,0x99,0x99,0x99,0x99,0x99,0x99,0x69,0x99,0x69,0x99,0x69,0x69,0x99,0x93,0x99,0x99,
	0x69,0x96,0x66,0x9A,0x00,0x00,0x00,0x00,0x00,0x00,0x66,0x69,0x66,0x66,0x99,0x99,0x96,0x66,0x69,0x99,0x64,0x00,0x0A,0x86,
	0x66,0x66,0x66,0x69,0x66,0x66,0x66,0x66,0x66,0x66,0x66,0x96,0x66,0x66,0x66,0x66,0x66,0x66,0x66,0x69,0x69,0x96,0x69,0x66,
	0x39,0x66,0x66,0x99,0x69,0x99,0x99,0x99,0x99,0x99,0x66,0x69,0x66,0x66,0x66,0x66,0x66,0x00,0x00,0x00,0x00,0x00,0x00,0x86,
	0x99,0x99,0x99,0x99,0x99,0x96,0x66,0x66,0x66,0x66,0x66,0x66,0x66,0x66,0x68,0x00,0x66,0x99,0x96,0x66,0x69,0x60,0x00,0x00,
	0x69,0x99,0x99,0x99,0x99,0x99,0x99,0x99,0x99,0x99,0x66,0x90,0x00,0xCA,0x66,0x66,0x66,0x66,0x66,0x69,0x60,0x00,0x00,0x00,
	0x00,0x00,0x66,0x99,0x99,0x99,0x99,0x99,0x96,0x66,0x99,0x96,0x99,0x99,0x99,0x66,0x80,0x00,0x00,0x00,0x89,0x40,0x80,0x00,
	0x00,0x04,0x99,0x93,0x99,0x99,0x99,0x99,0x99,0x99,0x93,0x99,0x99,0x99,0x99,0x69,0x99,0x99,0x99,0x99,0x99,0x99,0x99,0x99,
	0x99,0x99,0x99,0x33,0x39,0x93,0x30,0x00,0x99,0x99,0x00,0x00,0x00,0x00,0x99,0x99,0x99,0x99,0x99,0x99,0x99,0x99,0x99,0x99,
	0x00,0x00,0x00,0x69,0x93,0x33,0x33,0x33,0x30,0x00,0x09,0x99,0x33,0x99,0x99,0x99,0xA0,0x03,0x96,0x00,0x00,0x00,0x00,0xFF,
	0x69,0x69,0x99,0x69,0x99,0x99,0x99,0x99,0x99,0x69,0x99,0x96,0x99,0x69,0x66,0x99,0x69,0xA0,0x40,0x00,0xA8,0x00,0x00,0x00,
	0x00,0x00,0x00,0x80,0x69,0x99,0x96,0x60,0x00,0x00,0x00,0x00,0x00,0x00,0x00,0x00,0x04,0x99,0x99,0x99,0x99,0x69,0x99,0x99,
	0x66,0x99,0x66,0x99,0x99,0x99,0x99,0x99,0x66,0x66,0x66,0x66,0x69,0x99,0x96,0x69,0x99,0x96,0x99,0x99,0x99,0x69,0x99,0x66,
	0x99,0x99,0x99,0x99,0x99,0x99,0x99,0x99,0x96,0x00,0x00,0x4A,0x00,0x00,0x69,0x99,0x99,0x69,0x99,0x99,0x99,0x99,0x96,0x99,
	0x99,0x99,0x99,0x99,0x66,0x99,0x33,0x99,0x99,0x99,0x99,0x99,0x99,0x99,0x93,0x99,0x99,0x99,0x99,0x99,0x99,0x99,0x69,0x99,
	0x99,0x99,0x99,0x30,0x09,0x99,0x99,0x90,0x00,0xFF,0x99,0x99,0x99,0x99,0x96,0x99,0x99,0x99,0x99,0x99,0x66,0x66,0x99,0x93,
	0x99,0x99,0x96,0x66,0x66,0x69,0x96,0x93,0x39,0x96,0x6A,0x80,0x00,0x00,0x00,0x00,0x0A,0x69,0x96,0x69,0x66,0x66,0x96,0x66,
	0x66,0x48,0x00,0x00,0x00,0xA6,0x99,0x66,0x66,0x66,0x99,0x66,0x66,0x66,0x66,0x66,0x66,0x66,0x66,0x96,0x66,0x66,0x66,0x66,
	0x66,0x66,0x66,0x66,0x69,0x66,0x66,0x66,0x66,0x46,0x69,0x99,0x99,0x39,0x93,0x99,0x66,0x66,0x99,0x99,0x66,0x66,0x66,0x00,
	0x00,0x00,0x00,0x08,0x99,0x99,0x99,0x99,0x99,0x99,0x99,0x66,0x66,0x66,0x66,0x66,0x66,0x66,0x66,0x66,0x66,0x84,0x66,0x66,
	0x66,0x66,0x66,0x98,0x00,0x09,0x99,0x99,0x99,0x99,0x99,0x99,0x99,0x99,0x99,0x99,0x66,0x60,0x00,0xCA,0x66,0x66,0x69,0x66,
	0x66,0x66,0x60,0x80,0x00,0x00,0x00,0x89,0x99,0x66,0x66,0x96,0x69,0x96,0x99,0x66,0x99,0x69,0x96,0x96,0x99,0x99,0x90,0x00,
	0x00,0x00,0x69,0x96,0x00,0x00,0xA9,0x96,0x66,0x99,0x93,0x36,0x99,0x99,0x99,0x99,0x93,0x99,0x99,0x99,0x99,0x99,0x99,0x99,
	0x99,0x99,0x99,0x99,0x99,0x99,0x99,0x99,0x99,0x93,0x99,0x99,0x40,0x06,0x99,0xA0,0x00,0x00,0x69,0x99,0x99,0x99,0x99,0x99,
	0x99,0x99,0x99,0x99,0x99,0x99,0x00,0x00,0x00,0x00,0x00,0x06,0x99,0x33,0x30,0x00,0x49,0x39,0x33,0x33,0x99,0x99,0x40,0x83,
	0x96,0x00,0x00,0x00,0x00,0xFF,0x66,0x66,0x66,0x69,0x99,0x69,0x99,0x99,0x99,0x69,0x99,0x99,0x99,0x96,0x99,0x99,0x99,0x40,
	0x08,0xA0,0x80,0x00,0x00,0x00,0x80,0x00,0x00,0x80,0x49,0x99,0x99,0x60,0x00,0x00,0x00,0x00,0x00,0x00,0x00,0x00,0x00,0xA6,
	0x96,0x99,0x99,0x99,0x99,0x66,0x96,0x69,0x66,0x69,0x69,0x99,0x99,0x99,0x99,0x96,0x99,0x69,0x99,0x99,0x99,0x99,0x99,0x96,
	0x99,0x99,0x99,0x69,0x99,0x99,0x69,0x99,0x99,0x99,0x99,0x99,0x99,0x99,0x60,0x00,0x06,0x99,0x00,0x00,0xA9,0x99,0x99,0x96,
	0x99,0x99,0x99,0x99,0x96,0x99,0x99,0x99,0x99,0x96,0x66,0x66,0x93,0x99,0x39,0x99,0x99,0x99,0x69,0x99,0x99,0x99,0x93,0x33,
	0x33,0x39,0x99,0x99,0x99,0x99,0x99,0x99,0x99,0x30,0x06,0x93,0x99,0x90,0x00,0xFF,0x99,0x99,0x99,0x99,0x99,0x99,0x99,0x99,
	0x99,0x99,0x99,0x99,0x99,0x99,0x96,0x99,0x99,0x66,0x99,0x66,0x69,0x96,0x99,0x99,0x96,0x40,0x00,0x00,0x00,0x00,0x00,0x86,
	0x66,0x69,0x66,0x66,0x69,0x64,0x80,0x00,0x00,0x00,0x00,0xAA,0x39,0x99,0x96,0x96,0x66,0x66,0x66,0x66,0x66,0x66,0x66,0x66,
	0x66,0x66,0x66,0x66,0x66,0x66,0x66,0x66,0x66,0x66,0x66,0x99,0x66,0x96,0x69,0x66,0x99,0x93,0x99,0x93,0x99,0x39,0x66,0x96,
	0x66,0x69,0x96,0x66,0x66,0x00,0x00,0x00,0x00,0x66,0x99,0x99,0x99,0x99,0x99,0x99,0x99,0x66,0x69,0x96,0x96,0x66,0x66,0x66,
	0x66,0x66,0x66,0x66,0x66,0x66,0x66,0x66,0x69,0x99,0xA6,0x99,0x99,0x33,0x99,0x99,0x99,0x99,0x99,0x99,0x99,0x99,0x66,0x60,
	0x00,0xCA,0x66,0x66,0x66,0x66,0x66,0x66,0x60,0x00,0x00,0x00,0x0A,0x99,0x99,0x39,0x96,0x69,0x66,0x66,0x66,0x69,0x99,0x99,
	0x96,0x96,0x99,0x96,0x96,0x00,0x00,0x06,0x66,0x99,0x66,0x66,0x96,0x66,0x69,0x99,0x93,0x39,0x93,0x99,0x99,0x99,0x99,0x99,
	0x99,0x99,0x99,0x99,0x99,0x99,0x99,0x99,0x99,0x99,0x99,0x99,0x99,0x99,0x99,0x99,0x99,0x93,0x00,0x09,0x60,0x00,0x00,0x69,
	0x99,0x99,0x99,0x99,0x39,0x99,0x99,0x99,0x99,0x99,0x99,0x99,0x60,0x00,0x00,0x00,0x00,0x00,0x00,0xAA,0x60,0x00,0x99,0x99,
	0x99,0x99,0x99,0x99,0x9A,0x99,0x96,0x00,0x00,0x00,0x00,0xFF,0x96,0x66,0x99,0x96,0x66,0x66,0x69,0x66,0x99,0x66,0x66,0x66,
	0x99,0x66,0x69,0x99,0x99,0x80,0x80,0xA0,0x00,0x88,0x00,0x00,0x00,0x00,0x00,0x00,0xA9,0x99,0x99,0x96,0x80,0x00,0x00,0x00,
	0x00,0x00,0x00,0x00,0x00,0x0A,0x99,0x99,0x99,0x99,0x99,0x99,0x99,0x99,0x69,0x99,0x66,0x96,0x66,0x69,0x99,0x99,0x99,0x99,
	0x96,0x99,0x99,0x99,0x99,0x99,0x99,0x99,0x99,0x96,0x69,0x69,0x99,0x99,0x66,0x99,0x96,0x69,0x99,0x99,0x00,0x00,0x99,0x99,
	0x00,0x00,0x89,0x99,0x99,0x99,0x69,0x99,0x99,0x99,0x99,0x99,0x99,0x99,0x99,0x66,0x66,0x66,0x69,0x99,0x39,0x99,0x99,0x99,
	0x99,0x99,0x99,0x99,0x99,0x99,0x99,0x93,0x99,0x99,0x99,0x99,0x99,0x99,0x99,0x90,0x09,0x99,0x99,0x90,0x00,0xFF,0x99,0x99,
	0x99,0x99,0x93,0x99,0x99,0x99,0x99,0x99,0x33,0x99,0x99,0x99,0x66,0x66,0x99,0x33,0x99,0x99,0x96,0x99,0x99,0x69,0x99,0x66,
	0x40,0x00,0x00,0x00,0x00,0x00,0x66,0x66,0x69,0x66,0xA4,0x00,0x00,0x00,0x00,0x00,0x00,0x04,0x99,0x33,0x96,0x99,0x96,0x96,
	0x66,0x66,0x66,0x66,0x66,0x66,0x66,0x69,0x66,0x66,0x66,0x66,0x66,0x66,0x66,0x66,0x66,0x96,0x96,0x66,0x66,0x66,0x66,0x99,
	0x69,0x99,0x99,0x63,0x96,0x69,0x96,0x66,0x66,0x66,0x66,0x00,0x00,0x0A,0x69,0x99,0x99,0x66,0x99,0x99,0x99,0x96,0x96,0x66,
	0x66,0x66,0x96,0x99,0x66,0x69,0x66,0x66,0x66,0x96,0x66,0x66,0x69,0x66,0x66,0x69,0x99,0x99,0x99,0x99,0x93,0x99,0x99,0x99,
	0x99,0x99,0x99,0x99,0x69,0x90,0x00,0xCA,0x99,0x96,0x66,0x66,0x66,0x66,0x68,0x00,0x00,0x00,0x06,0x66,0x66,0x66,0x99,0x66,
	0x66,0x69,0x66,0x69,0x99,0x93,0x99,0x99,0x69,0x99,0x99,0x96,0xA4,0x66,0x66,0x66,0x69,0x99,0x99,0x66,0x66,0x99,0x99,0x33,
	0x93,0x99,0x99,0x99,0x99,0x39,0x99,0x99,0x99,0x99,0x99,0x99,0x99,0x99,0x99,0x99,0x99,0x99,0x99,0x99,0x99,0x99,0x99,0x96,
	0x00,0x60,0x00,0x00,0x99,0x99,0x99,0x99,0x39,0x99,0x99,0x99,0x99,0x99,0x99,0x39,0x99,0x99,0x99,0x99,0x66,0x44,0xA0,0x00,
	0x00,0x00,0x00,0x00,0xAA,0x39,0x93,0x33,0x99,0x99,0x99,0x99,0x96,0x00,0x00,0x00,0x00,0xFF,0x66,0x66,0x69,0x66,0x96,0x66,
	0x66,0x96,0x66,0x96,0x96,0x96,0x99,0x69,0x66,0x66,0x64,0x00,0x08,0x80,0x00,0x80,0x08,0x00,0x00,0x00,0x00,0x00,0x69,0x99,
	0x99,0x99,0x60,0x00,0x00,0x00,0x00,0x00,0x00,0x00,0x00,0x00,0x04,0x69,0x99,0x99,0x99,0x99,0x99,0x99,0x66,0x99,0x99,0x96,
	0x66,0x99,0x96,0x99,0x99,0x99,0x99,0x99,0x69,0x66,0x69,0x99,0x99,0x99,0x96,0x96,0x99,0x99,0x99,0x99,0x99,0x99,0x99,0x99,
	0x99,0x40,0x00,0x09,0x69,0x99,0x00,0x00,0x09,0x99,0x99,0x96,0x99,0x99,0x99,0x99,0x99,0x99,0x99,0x99,0x99,0x99,0x66,0x66,
	0x66,0x69,0x99,0x99,0x99,0x99,0x99,0x99,0x66,0x99,0x99,0x99,0x99,0x99,0x99,0x99,0x93,0x69,0x99,0x93,0x99,0x90,0x09,0x69,
	0x99,0x90,0x00,0xFF,0x99,0x99,0x99,0x99,0x99,0x99,0x99,0x99,0x99,0x99,0x99,0x99,0x66,0x96,0x99,0x39,0x99,0x99,0x99,0x99,
	0x99,0x96,0x99,0x99,0x96,0x99,0x96,0x00,0x00,0x00,0x00,0x00,0x08,0x99,0x64,0x00,0x08,0x00,0x00,0x00,0x00,0x00,0x08,0x04,
	0x66,0x99,0x99,0x96,0x99,0x99,0x66,0x66,0x66,0x66,0x66,0x66,0x66,0x66,0x66,0x66,0x66,0x66,0x66,0x66,0x66,0x66,0x66,0x66,
	0x96,0x69,0x66,0x69,0x99,0x63,0x99,0x69,0x99,0x99,0x66,0x66,0x66,0x66,0x69,0x66,0x66,0x66,0x66,0x66,0x66,0x99,0x99,0x99,
	0x64,0x99,0x99,0x99,0x99,0x66,0x66,0x96,0x96,0x69,0x66,0x66,0x99,0x66,0x96,0x66,0x66,0x66,0x69,0x96,0x66,0x69,0x39,0x99,
	0x99,0x99,0x99,0x99,0x99,0x99,0x99,0x99,0x99,0x99,0x99,0x60,0x00,0xCA,0x66,0x96,0x69,0x66,0x69,0x99,0x66,0x60,0x00,0x06,
	0x99,0x66,0x99,0x66,0x66,0x99,0x99,0x99,0x99,0x99,0x99,0x93,0x99,0x39,0x69,0x99,0x99,0x99,0x66,0x69,0x66,0x69,0x96,0x69,
	0x96,0x66,0x69,0x99,0x93,0x93,0x33,0x99,0x99,0x99,0x99,0x99,0x99,0x99,0x99,0x99,0x99,0x99,0x99,0x99,0x99,0x99,0x99,0x99,
	0x99,0x99,0x99,0x99,0x99,0x60,0x00,0x00,0x04,0x99,0x99,0x99,0x99,0x99,0x99,0x99,0x99,0x99,0x99,0x99,0x99,0x93,0x93,0x99,
	0x99,0x99,0x66,0x99,0x99,0x99,0x94,0xA0,0x00,0x00,0x00,0x00,0x00,0x00,0x49,0x39,0x99,0x39,0x66,0x00,0x00,0x00,0x00,0xFF,
	0x96,0x99,0x69,0x99,0x96,0x99,0x99,0x99,0x99,0x99,0x99,0x99,0x99,0x99,0x99,0x99,0x60,0x00,0x00,0xA0,0x04,0x08,0x80,0x00,
	0x00,0x00,0x00,0x00,0x09,0x99,0x99,0x99,0x9A,0x00,0x00,0x00,0x00,0x00,0x00,0x00,0x00,0x00,0x00,0x66,0x99,0x99,0x99,0x99,
	0x99,0x99,0x96,0x66,0x69,0x99,0x99,0x99,0x96,0x99,0x99,0x99,0x99,0x99,0x99,0x99,0x99,0x96,0x99,0x69,0x99,0x96,0x99,0x66,
	0x99,0x99,0x96,0x99,0x99,0x99,0x96,0x00,0x00,0x99,0x96,0x99,0x80,0x00,0x09,0x99,0x99,0x93,0x9A,0xA9,0x69,0x99,0x99,0x99,
	0x99,0x99,0x99,0x99,0x99,0x66,0x66,0x66,0x99,0x99,0x99,0x99,0x99,0x66,0x99,0x99,0x99,0x99,0x99,0x99,0x99,0x99,0x99,0x36,
	0x69,0x99,0x99,0x30,0x09,0x39,0x99,0x90,0x00,0xFF,0x99,0x99,0x99,0x99,0x99,0x99,0x99,0x99,0x39,0x99,0x99,0x99,0x99,0x99,
	0x99,0x99,0x99,0x99,0x99,0x99,0x99,0x99,0x99,0x96,0x69,0x99,0x99,0x94,0x00,0x00,0x00,0x00,0x00,0xA0,0x00,0x00,0x00,0x00,
	0x00,0x00,0x00,0x00,0x00,0xA9,0x66,0x66,0x66,0x99,0x99,0x39,0x69,0x66,0x66,0x69,0x96,0x66,0x66,0x66,0x66,0x96,0x66,0x66,
	0x66,0x66,0x96,0x66,0x66,0x66,0x66,0x66,0x99,0x99,0x99,0x69,0x99,0x99,0x99,0x99,0x99,0x66,0x66,0x66,0x69,0x96,0x66,0x96,
	0x66,0x96,0x66,0x99,0x99,0x99,0x40,0x89,0x96,0x69,0x99,0x66,0x44,0x46,0x66,0x96,0x66,0x66,0x66,0x66,0x66,0x66,0x66,0x66,
	0x66,0x96,0x96,0x66,0x69,0x99,0x99,0x99,0x99,0x99,0x39,0x99,0x99,0x99,0x99,0x99,0x99,0x90,0x00,0xCA,0x99,0x96,0x69,0x66,
	0x66,0x66,0x99,0x96,0x66,0x96,0x69,0x96,0x66,0x99,0x66,0x93,0x99,0x99,0x99,0x99,0x99,0x93,0x39,0x39,0x69,0x99,0x66,0x69,
	0x99,0x99,0x99,0x66,0x69,0x96,0x99,0x66,0x69,0x99,0x99,0x99,0x33,0x39,0x96,0x66,0x99,0x99,0x99,0x99,0x99,0x99,0x99,0x33,
	0x99,0x99,0x93,0x99,0x99,0x33,0x99,0x99,0x93,0x39,0x99,0x00,0x00,0x0A,0x99,0x99,0x99,0x99,0x99,0x99,0x99,0x99,0x99,0x99,
	0x99,0x99,0x99,0x99,0x93,0x33,0x99,0x99,0x96,0x69,0x99,0x99,0x99,0x99,0x39,0x34,0xA0,0x00,0x00,0x00,0x00,0x00,0x00,0x44,
	0x96,0x00,0x00,0x00,0x00,0xFF,0x69,0x99,0x69,0x69,0x99,0x99,0x99,0x99,0x99,0x99,0x69,0x99,0x99,0x99,0x96,0x96,0x00,0x00,
	0x08,0x08,0x00,0x08,0xA0,0x00,0x00,0x00,0x00,0x00,0x66,0x99,0x99,0x99,0x99,0x60,0x00,0x00,0x00,0x00,0x00,0x00,0x00,0x00,
	0x00,0x00,0x89,0x99,0x99,0x99,0x99,0x99,0x99,0x96,0x69,0x69,0x99,0x99,0x99,0x99,0x99,0x99,0x99,0x99,0x99,0x99,0x99,0x99,
	0x96,0x99,0x99,0x99,0x99,0x99,0x99,0x99,0x99,0x99,0x99,0x99,0xA0,0x00,0x89,0x99,0x99,0x96,0x60,0x00,0x09,0x99,0x99,0x66,
	0x00,0x00,0x0A,0x99,0x99,0x99,0x99,0x99,0x99,0x99,0x99,0x96,0x66,0x66,0x99,0x99,0x99,0x99,0x99,0x96,0x99,0x99,0x99,0x99,
	0x99,0x99,0x99,0x99,0x99,0x33,0x99,0x99,0x99,0x90,0x09,0x99,0x99,0x90,0x00,0xFF,0x99,0x99,0x99,0x99,0x99,0x99,0x99,0x99,
	0x99,0x99,0x99,0x99,0x99,0x99,0x99,0x99,0x99,0x99,0x99,0x69,0x99,0x99,0x99,0x99,0x99,0x99,0x99,0x99,0x9A,0x00,0x00,0x00,
	0x00,0x00,0x00,0x00,0x00,0x00,0x00,0x00,0x80,0x00,0x86,0x66,0x69,0x99,0x96,0x99,0x96,0x96,0x66,0x66,0x66,0x66,0x66,0x66,
	0x66,0x66,0x66,0x66,0x66,0x66,0x66,0x66,0x66,0x66,0x66,0x69,0x66,0x69,0x66,0x99,0x99,0x99,0x96,0x99,0x99,0x99,0x66,0x66,
	0x66,0x66,0x66,0x66,0x66,0x99,0x66,0x66,0x66,0x99,0x99,0x99,0x00,0x00,0x0A,0x66,0x99,0x66,0x66,0x69,0x96,0x66,0x66,0x69,
	0x66,0x66,0x69,0x66,0x66,0x66,0x66,0x66,0x66,0x99,0x66,0x99,0x99,0x99,0x99,0x93,0x99,0x99,0x99,0x99,0x99,0x99,0x99,0x90,
	0x00,0xCA,0x99,0x99,0x99,0x66,0x66,0x66,0x69,0x99,0x69,0x99,0x99,0x99,0x99,0x66,0x96,0x99,0x93,0x39,0x99,0x99,0x99,0x99,
	0x93,0x39,0x99,0x99,0x96,0x69,0x99,0x99,0x99,0x96,0x99,0x96,0x99,0x66,0x69,0x99,0x99,0x99,0x93,0x33,0x33,0x99,0x99,0x99,
	0x99,0x99,0x33,0x39,0x99,0x99,0x99,0x99,0x99,0x99,0x99,0x99,0x99,0x99,0x93,0x99,0x90,0x00,0x08,0x99,0x99,0x99,0x99,0x99,
	0x99,0x99,0x99,0x99,0x99,0x99,0x99,0x99,0x99,0x99,0x99,0x99,0x99,0x99,0x96,0x99,0x99,0x99,0x99,0x99,0x99,0x99,0x69,0x99,
	0x99,0x64,0x00,0x00,0x00,0x00,0x06,0x00,0x00,0x00,0x00,0xFF,0x96,0x96,0x99,0x99,0x99,0x99,0x99,0x99,0x96,0x99,0x99,0x99,
	0x99,0x99,0x99,0xA8,0x00,0x00,0x0A,0x00,0x80,0x08,0x80,0x00,0x00,0x00,0x00,0x00,0x69,0x69,0x99,0x99,0x99,0x99,0x00,0x00,
	0x00,0x00,0x00,0x00,0x00,0x00,0x00,0x00,0x80,0x69,0x99,0x99,0x99,0x99,0x99,0x99,0x99,0x99,0x99,0x99,0x99,0x99,0x99,0x99,
	0x99,0x99,0x99,0x99,0x99,0x99,0x99,0x99,0x99,0x99,0x99,0x99,0x99,0x99,0x99,0x99,0x99,0x99,0x00,0x00,0x69,0x99,0x99,0x99,
	0x60,0x00,0x09,0x99,0x99,0x90,0x00,0x00,0x00,0x00,0x46,0x99,0x99,0x66,0x99,0x99,0x99,0x99,0x66,0x66,0x69,0x99,0x99,0x99,
	0x99,0x96,0x69,0x99,0x99,0x99,0x99,0x99,0x99,0x99,0x99,0x33,0x39,0x99,0x99,0x90,0x09,0x99,0x99,0x90,0x00,0xFF,0x99,0x99,
	0x99,0x99,0x99,0x99,0x99,0x99,0x99,0x99,0x99,0x99,0x99,0x99,0x99,0x99,0x99,0x99,0x99,0x99,0x99,0x99,0x99,0x99,0x99,0x99,
	0x69,0x96,0x64,0x00,0x00,0x00,0x00,0x00,0x00,0x00,0x00,0x00,0x00,0x00,0x00,0x66,0x66,0x69,0x96,0x96,0x99,0x99,0x99,0x99,
	0x66,0x66,0x66,0x66,0x66,0x66,0x66,0x66,0x66,0x66,0x66,0x66,0x69,0x69,0x66,0x66,0x66,0x69,0x99,0x66,0x66,0x99,0x66,0x99,
	0x99,0x99,0x99,0x96,0x69,0x66,0x69,0x66,0x66,0x66,0x66,0x66,0x66,0x66,0x69,0x99,0x99,0x30,0x00,0x00,0x00,0x00,0xA9,0x99,
	0x99,0x99,0x96,0x69,0x66,0x66,0x66,0x66,0x66,0x66,0x69,0x66,0x69,0x66,0x96,0x63,0x96,0x99,0x99,0x99,0x99,0x99,0x99,0x99,
	0x99,0x99,0x99,0x99,0x99,0x90,0x00,0xCA,0x99,0x99,0x99,0x99,0x66,0x96,0x66,0x99,0x99,0x99,0x99,0x99,0x99,0x99,0x99,0x96,
	0x99,0x33,0x99,0x99,0x99,0x99,0x93,0x39,0x99,0x66,0x96,0x99,0x99,0x99,0x99,0x99,0x96,0x99,0x99,0x96,0x99,0x99,0x99,0x99,
	0x99,0x33,0x33,0x93,0x99,0x99,0x99,0x99,0x99,0x99,0x99,0x99,0x99,0x99,0x99,0x99,0x99,0x99,0x99,0x99,0x99,0x99,0x80,0x00,
	0x99,0x99,0x99,0x99,0x99,0x99,0x99,0x99,0x99,0x99,0x99,0x99,0x99,0x99,0x99,0x99,0x69,0x39,0x93,0x99,0x96,0x66,0x99,0x99,
	0x99,0x99,0x93,0x33,0x96,0x99,0x39,0x33,0x99,0x99,0x6A,0x80,0x06,0x00,0x00,0x00,0x00,0xFF,0x66,0x66,0x99,0x99,0x99,0x99,
	0x99,0x99,0x99,0x99,0x99,0x99,0x99,0x99,0x6A,0x00,0x00,0x80,0x00,0x00,0x00,0xA8,0x08,0x00,0x00,0x00,0x00,0x00,0x69,0x99,
	0x99,0x99,0x99,0x99,0x60,0x00,0x00,0x00,0x00,0x00,0x00,0x00,0x00,0x00,0x08,0xA6,0x66,0x66,0x99,0x99,0x99,0x96,0x69,0x99,
	0x99,0x99,0x99,0x99,0x99,0x99,0x99,0x99,0x99,0x99,0x99,0x99,0x99,0x66,0x69,0x99,0x99,0x99,0x99,0x99,0x99,0x99,0x99,0x90,
	0x00,0x09,0x99,0x99,0x99,0x99,0x60,0x00,0x09,0x99,0x99,0x96,0x00,0x00,0x00,0x00,0x00,0x00,0x69,0x99,0x99,0x99,0x99,0x99,
	0x99,0x96,0x99,0x99,0x93,0x99,0x99,0x99,0x99,0x99,0x99,0x99,0x99,0x99,0x99,0x99,0x99,0x99,0x99,0x99,0x99,0x90,0x09,0x99,
	0x99,0x90,0x00,0xFF,0x99,0x99,0x99,0x99,0x99,0x99,0x99,0x99,0x99,0x99,0x99,0x99,0x99,0x99,0x99,0x99,0x99,0x99,0x99,0x99,
	0x99,0x99,0x99,0x99,0x99,0x99,0x94,0x60,0x00,0x00,0x00,0x00,0x00,0x00,0x00,0x00,0x00,0x00,0x00,0x08,0x66,0x66,0x66,0x66,
	0x66,0x96,0x66,0x66,0x99,0x99,0x66,0x66,0x66,0x66,0x66,0x66,0x66,0x66,0x66,0x66,0x66,0x66,0x69,0x66,0x66,0x66,0x66,0x69,
	0x66,0x66,0x69,0x33,0x96,0x66,0x99,0x99,0x99,0x99,0x66,0x99,0x66,0x66,0x96,0x66,0x96,0x96,0x66,0x66,0x69,0x39,0x99,0x90,
	0x00,0x00,0x00,0x00,0x00,0x00,0x69,0x99,0x99,0x66,0x66,0x66,0x66,0x66,0x66,0x66,0x69,0x66,0x69,0x66,0x96,0x69,0x99,0x69,
	0x99,0x99,0x99,0x99,0x99,0x99,0x99,0x99,0x99,0x99,0x99,0x90,0x00,0xCA,0x99,0x99,0x99,0x99,0x99,0x96,0x99,0x99,0x69,0x99,
	0x96,0x99,0x99,0x69,0x99,0x99,0x99,0x93,0x39,0x99,0x99,0x99,0x33,0x39,0x66,0x96,0x69,0x99,0x99,0x96,0x99,0x96,0x66,0x66,
	0x66,0x96,0x69,0x69,0x99,0x99,0x99,0x33,0x99,0x93,0x99,0x99,0x99,0x99,0x99,0x99,0x99,0x99,0x99,0x99,0x99,0x99,0x99,0x99,
	0x99,0x99,0x99,0x30,0x00,0x06,0x99,0x99,0x99,0x99,0x99,0x99,0x99,0x99,0x99,0x99,0x99,0x99,0x99,0x99,0x99,0x69,0x69,0x99,
	0x99,0x33,0x99,0x99,0x99,0x99,0x93,0x93,0x99,0x93,0x39,0x99,0x99,0x99,0x39,0x99,0x99,0x99,0x96,0x00,0x00,0x00,0x00,0xFF,
	0x99,0x99,0x99,0x99,0x99,0x99,0x99,0x99,0x99,0x69,0x99,0x99,0x99,0x96,0x00,0x08,0x8A,0x00,0x00,0xA0,0x80,0x00,0x90,0x00,
	0x00,0x00,0x00,0x00,0x99,0x99,0x69,0x99,0x69,0x99,0x96,0x00,0x00,0x00,0x00,0x00,0x00,0x00,0x00,0x00,0x00,0x00,0x86,0x66,
	0x66,0x99,0x99,0x99,0x99,0x99,0x99,0x99,0x99,0x99,0x99,0x99,0x99,0x99,0x99,0x99,0x99,0x69,0x99,0x99,0x99,0x99,0x99,0x99,
	0x99,0x99,0x99,0x99,0x9A,0x00,0x0A,0x99,0x99,0x99,0x69,0x99,0x60,0x00,0x06,0x99,0x96,0x99,0x60,0x00,0x00,0x00,0x00,0x00,
	0x00,0x00,0x46,0x99,0x99,0x99,0x96,0x66,0x99,0x99,0x99,0x99,0x99,0x99,0x99,0x99,0x99,0x99,0x99,0x99,0x99,0x99,0x99,0x99,
	0x99,0x99,0x39,0x90,0x09,0x99,0x99,0x90,0x00,0xFF,0x99,0x99,0x99,0x99,0x99,0x99,0x99,0x99,0x99,0x99,0x99,0x99,0x99,0x99,
	0x99,0x99,0x99,0x99,0x99,0x99,0x99,0x99,0x99,0x99,0x64,0x08,0x00,0x00,0x00,0x00,0x00,0x00,0x00,0x00,0x00,0x00,0x00,0x00,
	0x46,0x66,0x66,0x66,0x66,0x99,0x66,0x66,0x66,0x69,0x66,0x69,0x96,0x66,0x96,0x66,0x66,0x66,0x66,0x66,0x66,0x66,0x96,0x96,
	0x96,0x96,0x66,0x66,0x66,0x66,0x66,0x66,0x99,0x99,0x93,0x63,0x99,0x99,0x99,0x96,0x66,0x96,0x69,0x66,0x96,0x66,0x66,0x69,
	0x66,0x66,0x96,0x99,0x99,0x96,0x00,0x00,0x00,0x00,0x00,0x00,0x00,0x00,0x04,0x66,0x66,0x96,0x66,0x66,0x66,0x66,0x66,0x96,
	0x69,0x96,0x66,0x96,0x39,0x99,0x99,0x99,0x99,0x99,0x99,0x99,0x99,0x99,0x99,0x99,0x99,0x60,0x00,0xCA,0x99,0x99,0x99,0x99,
	0x99,0x96,0x69,0x96,0x66,0x66,0x96,0x99,0x96,0x99,0x99,0x99,0x99,0x99,0x39,0x99,0x99,0x93,0x33,0x33,0x69,0x93,0x96,0x99,
	0x99,0x96,0x69,0x96,0x96,0x66,0x96,0x66,0x66,0x66,0x69,0x99,0x99,0x93,0x39,0x93,0x99,0x99,0x99,0x99,0x99,0x99,0x99,0x99,
	0x99,0x99,0x99,0x99,0x99,0x99,0x99,0x99,0x99,0x00,0x00,0x99,0x99,0x99,0x99,0x99,0x99,0x99,0x99,0x99,0x99,0x99,0x99,0x99,
	0x99,0x99,0x99,0x99,0x99,0x99,0x33,0x99,0x99,0x39,0x93,0x99,0x99,0x33,0x99,0x99,0x99,0x99,0x99,0x93,0x99,0x99,0x99,0x99,
	0x96,0x00,0x00,0x00,0x00,0xFF,0x69,0x69,0x69,0x99,0x99,0x99,0x99,0x99,0x99,0x99,0x99,0x99,0x66,0x08,0x0A,0x40,0x00,0x00,
	0x08,0x00,0x80,0xA9,0x60,0x00,0x00,0x00,0x00,0x04,0x99,0x66,0x96,0x66,0x99,0x99,0x99,0x90,0x00,0x00,0x00,0x00,0x00,0x00,
	0x00,0x00,0x00,0x00,0xA0,0xA4,0x66,0x66,0x99,0x99,0x99,0x99,0x99,0x99,0x99,0x99,0x66,0x99,0x99,0x99,0x99,0x99,0x99,0x99,
	0x99,0x99,0x96,0x69,0x99,0x99,0x69,0x99,0x99,0x99,0x90,0x00,0x09,0x99,0x69,0x69,0x66,0x99,0x90,0x00,0x06,0x99,0x69,0x69,
	0x99,0x60,0x00,0x00,0x00,0x00,0x00,0x00,0x00,0x08,0x49,0x99,0x96,0x66,0x99,0x99,0x99,0x99,0x99,0x99,0x99,0x99,0x99,0x99,
	0x99,0x93,0x99,0x99,0x99,0x99,0x99,0x99,0x99,0x90,0x09,0x99,0x99,0x90,0x00,0xFF,0x99,0x99,0x99,0x99,0x99,0x99,0x99,0x99,
	0x99,0x99,0x99,0x99,0x99,0x99,0x99,0x99,0x99,0x99,0x99,0x99,0x99,0x99,0x99,0xA0,0x00,0x08,0x00,0x00,0x00,0x00,0x00,0x00,
	0x00,0x00,0x00,0x00,0x00,0x69,0x66,0x66,0x66,0x69,0x99,0x69,0x66,0x69,0x69,0x69,0x99,0x99,0x66,0x66,0x66,0x66,0x66,0x66,
	0x66,0x66,0x66,0x66,0x66,0x66,0x66,0x99,0x66,0x66,0x66,0x96,0x99,0x66,0x99,0x93,0x99,0x69,0x99,0x99,0x99,0x96,0x96,0x66,
	0x63,0x66,0x96,0x69,0x69,0x66,0x96,0x66,0x66,0x96,0x93,0x93,0x36,0x00,0x00,0x00,0x00,0x00,0x00,0x00,0x00,0x00,0x0A,0x66,
	0x66,0x66,0x66,0x66,0x66,0x68,0x00,0x06,0x66,0x66,0x99,0x99,0x99,0x99,0x99,0x99,0x99,0x99,0x99,0x99,0x99,0x96,0x66,0x60,
	0x00,0xCA,0x69,0x99,0x99,0x99,0x99,0x99,0x69,0x99,0x99,0x99,0x99,0x96,0x69,0x99,0x99,0x99,0x99,0x69,0x39,0x99,0x99,0x39,
	0x33,0x33,0x99,0x69,0x99,0x99,0x66,0x69,0x99,0x99,0x69,0x66,0x96,0x69,0x66,0x69,0x66,0x69,0x99,0x99,0x99,0x99,0x99,0x99,
	0x99,0x99,0x99,0x99,0x99,0x99,0x99,0x99,0x99,0x99,0x99,0x99,0x99,0x99,0x99,0x00,0x09,0x99,0x99,0x99,0x99,0x99,0x99,0x99,
	0x99,0x99,0x99,0x99,0x99,0x99,0x99,0x99,0x99,0x99,0x99,0x39,0x39,0x33,0x99,0x99,0x99,0x99,0x99,0x93,0x33,0x99,0x99,0x99,
	0x99,0x99,0x99,0x99,0x99,0x99,0x96,0x00,0x00,0x00,0x00,0xFF,0x66,0x69,0x99,0x69,0x99,0x69,0x99,0x99,0x96,0x99,0x99,0x99,
	0x96,0x00,0x0A,0x00,0x08,0x00,0x00,0xA0,0x80,0x66,0x68,0x00,0x00,0x00,0x00,0x00,0x99,0x99,0x99,0x96,0x99,0x99,0x99,0x96,
	0x80,0x00,0x00,0x00,0x00,0x00,0x00,0x00,0x00,0x00,0x00,0x00,0x46,0x66,0x69,0x99,0x99,0x99,0x99,0x69,0x99,0x99,0x99,0x99,
	0x99,0x96,0x99,0x99,0x99,0x99,0x99,0x99,0x99,0x99,0x99,0x99,0x99,0x99,0x99,0x99,0x00,0x00,0x99,0x99,0x99,0x99,0x96,0x99,
	0x90,0x00,0x06,0x99,0x96,0x99,0x99,0x99,0x90,0x00,0x00,0x00,0x00,0x00,0x00,0x00,0x00,0x04,0x66,0x66,0x99,0x99,0x99,0x99,
	0x99,0x99,0x99,0x99,0x99,0x99,0x99,0x69,0x39,0x99,0x99,0x96,0x99,0x99,0x99,0x90,0x09,0x99,0x99,0x90,0x00,0xFF,0x99,0x99,
	0x99,0x99,0x99,0x99,0x99,0x99,0x99,0x99,0x99,0x99,0x99,0x99,0x99,0x99,0x99,0x99,0x99,0x96,0x66,0x94,0x00,0x00,0x00,0x00,
	0x00,0x00,0x00,0x00,0x00,0x00,0x00,0x00,0x00,0x00,0x00,0x0A,0x66,0x66,0x66,0x66,0x66,0x66,0x99,0x69,0x96,0x96,0x99,0x99,
	0x96,0x66,0x96,0x66,0x66,0x66,0x66,0x66,0x69,0x69,0x66,0x66,0x96,0x66,0x66,0x66,0x4A,0x64,0x8A,0x4A,0x66,0x96,0x39,0x96,
	0x99,0x99,0x99,0x96,0x66,0x96,0x64,0x96,0x66,0x99,0x96,0x66,0x99,0x69,0x96,0x66,0x69,0x99,0x93,0x34,0x00,0x00,0x00,0x00,
	0x00,0x00,0x00,0x00,0x00,0x00,0x00,0x0A,0x66,0x96,0x60,0x00,0x00,0x00,0x69,0x96,0x99,0x96,0x93,0x99,0x99,0x99,0x99,0x99,
	0x39,0x99,0x99,0x96,0x66,0x60,0x00,0xCA,0x99,0x99,0x99,0x99,0x99,0x99,0x96,0x66,0x69,0x66,0x69,0x69,0x99,0x69,0x99,0x99,
	0x99,0x69,0x99,0x99,0x99,0x93,0x39,0x36,0x39,0x96,0x99,0x99,0x66,0x99,0x66,0x66,0x66,0x96,0x66,0x66,0x69,0x96,0x96,0x96,
	0x69,0x39,0x99,0x33,0x99,0x39,0x99,0x99,0x99,0x99,0x99,0x99,0x99,0x99,0x99,0x99,0x99,0x99,0x99,0x99,0x99,0x00,0x99,0x99,
	0x99,0x99,0x99,0x99,0x93,0x99,0x99,0x99,0x99,0x99,0x99,0x99,0x99,0x93,0x99,0x99,0x96,0x39,0x99,0x99,0x99,0x99,0x99,0x99,
	0x99,0x99,0x39,0x33,0x99,0x99,0x99,0x99,0x99,0x93,0x99,0x99,0x96,0x00,0x00,0x00,0x00,0xFF,0x99,0x96,0x99,0x99,0x99,0x99,
	0x99,0x69,0x99,0x66,0x66,0x66,0x40,0x0A,0xAA,0xA8,0x00,0x00,0x00,0x08,0x69,0x69,0x60,0x00,0x00,0x00,0x00,0x0A,0x99,0x69,
	0x69,0x99,0x99,0x99,0x99,0x99,0x90,0x00,0x00,0x00,0x00,0x00,0x00,0x00,0x00,0x00,0x00,0x00,0x08,0x46,0x69,0x99,0x99,0x99,
	0x99,0x99,0x99,0x99,0x99,0x99,0x96,0x99,0x99,0x99,0x99,0x99,0x96,0x99,0x99,0x69,0x99,0x99,0x69,0x99,0x69,0x60,0x00,0x09,
	0x99,0x66,0x69,0x99,0x99,0x66,0x90,0x00,0x06,0x99,0x96,0x66,0x69,0x64,0xA0,0x00,0x00,0x00,0x00,0x00,0x00,0x00,0x00,0x00,
	0x00,0x00,0xA9,0x99,0x99,0x99,0x99,0x99,0x99,0x99,0x99,0x99,0x99,0x99,0x99,0x99,0x99,0x99,0x99,0x99,0x99,0x90,0x09,0x99,
	0x99,0x90,0x00,0xFF,0x99,0x99,0x99,0x99,0x99,0x99,0x99,0x99,0x93,0x99,0x99,0x99,0x99,0x99,0x99,0x99,0x99,0x99,0x66,0x66,
	0xA0,0x00,0x00,0x00,0x00,0x00,0x00,0x00,0x00,0x00,0x00,0x00,0x00,0x00,0x00,0x00,0x00,0x00,0x08,0x66,0x66,0x66,0x66,0x66,
	0x66,0x66,0x96,0x99,0x99,0x99,0x96,0x66,0x64,0x96,0x66,0x66,0x66,0x66,0x66,0x66,0x66,0x66,0x00,0x00,0x00,0x00,0x00,0x00,
	0x00,0x00,0x00,0x00,0x00,0x00,0x00,0x08,0xA6,0x96,0x66,0x39,0x66,0x66,0x66,0x66,0x66,0x66,0x96,0x63,0x39,0x99,0x93,0x39,
	0x93,0x96,0x69,0x98,0x00,0x00,0x00,0x00,0x00,0x00,0x00,0x00,0x00,0x00,0x00,0x00,0x00,0x00,0x00,0x00,0x06,0x66,0x96,0x99,
	0x66,0x99,0x99,0x99,0x99,0x99,0x99,0x99,0x99,0x96,0x66,0x60,0x00,0xCA,0x69,0x99,0x99,0x99,0x99,0x99,0x99,0x66,0x66,0x69,
	0x96,0x66,0x69,0x69,0x99,0x99,0x99,0x66,0x69,0x99,0x99,0x93,0x33,0x99,0x99,0x96,0x96,0x99,0x96,0x66,0x69,0x99,0x66,0x66,
	0x99,0x66,0x66,0x66,0x66,0x66,0x66,0x69,0x39,0x33,0x99,0x39,0x99,0x99,0x99,0x99,0x99,0x99,0x99,0x99,0x99,0x99,0x99,0x99,
	0x99,0x99,0x99,0x39,0x93,0x99,0x99,0x99,0x99,0x99,0x96,0x99,0x99,0x99,0x99,0x99,0x99,0x99,0x99,0x99,0x39,0x99,0x96,0x39,
	0x99,0x99,0x96,0x69,0x99,0x99,0x99,0x99,0x99,0x33,0x93,0x39,0x99,0x99,0x99,0x99,0x99,0x99,0x96,0x00,0x00,0x00,0x00,0xFF,
	0x96,0x99,0x99,0x69,0x96,0x69,0x99,0x99,0x66,0x66,0x99,0x60,0xA0,0x80,0x00,0x00,0x00,0x00,0x08,0x04,0x69,0x99,0x40,0x00,
	0x00,0x00,0x00,0x06,0x99,0x99,0x96,0x99,0x99,0x99,0x99,0x99,0x94,0x00,0x00,0x00,0x00,0x00,0x00,0x00,0x00,0x00,0x00,0x00,
	0x00,0x06,0x66,0x99,0x99,0x99,0x99,0x99,0x99,0x69,0x99,0x99,0x99,0x99,0x99,0x99,0x99,0x96,0x69,0x99,0x99,0x99,0x99,0x99,
	0x99,0x99,0x99,0x00,0x00,0x99,0x99,0x99,0x99,0x99,0x66,0x66,0x90,0x00,0x04,0x99,0x99,0x66,0x60,0x00,0x00,0x00,0x00,0x00,
	0x00,0x00,0x00,0x00,0x00,0x00,0x00,0x00,0x00,0x00,0x69,0x99,0x99,0x99,0x99,0x99,0x99,0x99,0x99,0x99,0x99,0x99,0x99,0x99,
	0x99,0x99,0x99,0x90,0x09,0x99,0x99,0x90,0x00,0xFF,0x99,0x99,0x99,0x99,0x99,0x99,0x99,0x99,0x99,0x99,0x99,0x99,0x99,0x99,
	0x99,0x99,0x99,0x96,0x64,0xA0,0x00,0x00,0x00,0x00,0x00,0x00,0x00,0x00,0x00,0x00,0x00,0x04,0x6A,0x80,0x00,0x00,0x00,0x00,
	0x00,0x86,0x69,0x66,0x99,0x96,0x96,0x69,0x99,0x99,0x69,0x99,0x99,0x69,0x64,0x66,0x66,0x66,0x66,0x66,0x66,0x66,0xA0,0x00,
	0x00,0x00,0x00,0x00,0x00,0x00,0x00,0x00,0x00,0x00,0x00,0x00,0x00,0x00,0x00,0x00,0x06,0x69,0x96,0x69,0x69,0x69,0x69,0x66,
	0x99,0x93,0x99,0x99,0x99,0x93,0x33,0x66,0x66,0x69,0x99,0x80,0x00,0x00,0x00,0x00,0x00,0x00,0x00,0x00,0x00,0x00,0x00,0x00,
	0x00,0x00,0x06,0x66,0x96,0x69,0x96,0x39,0x33,0x99,0x99,0x99,0x99,0x99,0x99,0x96,0x66,0x60,0x00,0xCA,0x66,0x69,0x99,0x99,
	0x99,0x99,0x99,0x96,0x69,0x96,0x66,0x69,0x99,0x66,0x66,0x69,0x99,0x96,0x69,0x99,0x99,0x93,0x39,0x99,0x99,0x96,0x69,0x99,
	0x99,0x69,0x69,0x69,0x99,0x99,0x96,0x66,0x66,0x66,0x99,0x96,0x96,0x96,0x69,0x99,0x99,0x93,0x99,0x99,0x99,0x99,0x99,0x99,
	0x99,0x99,0x99,0x99,0x99,0x99,0x99,0x99,0x99,0x39,0x69,0x99,0x99,0x99,0x99,0x99,0x99,0x99,0x99,0x99,0x99,0x99,0x99,0x99,
	0x99,0x99,0x93,0x99,0x96,0x99,0x99,0x99,0x99,0x99,0x39,0x99,0x99,0x99,0x99,0x99,0x99,0x99,0x99,0x99,0x99,0x99,0x99,0x99,
	0x96,0x00,0x00,0x00,0x00,0xFF,0x69,0x66,0x99,0x66,0x99,0x96,0x69,0x99,0x99,0x66,0x68,0xA8,0xA8,0x00,0x08,0x00,0x00,0x00,
	0x04,0x86,0x99,0x99,0x00,0x00,0x00,0x00,0x00,0x06,0x96,0x99,0x99,0x99,0x99,0x99,0x99,0x99,0x99,0x60,0x00,0x00,0x00,0x00,
	0x00,0x00,0x00,0x00,0x00,0x00,0x00,0xA8,0x46,0x69,0x99,0x99,0x99,0x99,0x99,0x99,0x99,0x66,0x99,0x99,0x69,0x99,0x99,0x99,
	0x99,0x99,0x99,0x99,0x99,0x99,0x99,0x99,0x90,0x00,0x06,0x99,0x99,0x99,0x99,0x69,0x99,0x99,0x90,0x00,0x06,0x99,0x99,0x60,
	0x00,0x00,0x00,0x00,0x00,0x00,0x00,0x00,0x99,0x40,0x00,0x00,0x00,0x00,0x00,0x00,0x00,0x00,0xA6,0x99,0x99,0x99,0x99,0x99,
	0x99,0x99,0x99,0x99,0x99,0x96,0x99,0x99,0x99,0x90,0x09,0x99,0x99,0x90,0x00,0xFF,0x99,0x99,0x99,0x99,0x99,0x99,0x99,0x99,
	0x99,0x99,0x99,0x99,0x99,0x99,0x99,0x99,0x99,0x96,0x68,0x00,0x00,0x00,0x00,0x00,0x00,0x00,0x00,0x00,0x00,0x00,0x09,0x99,
	0x66,0xA0,0x00,0x00,0x00,0x00,0x00,0x00,0x06,0x66,0x69,0x69,0x99,0x99,0x69,0x99,0x69,0x96,0x66,0x99,0x96,0x66,0x66,0x66,
	0x66,0x66,0x60,0x00,0x00,0x00,0x00,0x00,0x00,0x00,0x00,0x00,0x00,0x00,0x00,0x00,0x00,0x00,0x00,0x00,0x00,0x00,0x00,0x00,
	0x00,0x66,0x66,0x66,0x66,0x64,0x66,0x33,0x39,0x99,0x99,0x39,0x39,0x99,0x66,0x66,0x99,0x99,0x96,0x68,0x00,0x00,0x00,0x00,
	0x00,0x00,0x00,0x00,0x00,0x00,0x00,0x00,0x66,0x96,0x96,0x69,0x36,0x99,0x63,0x36,0x69,0x99,0x99,0x99,0x99,0x96,0x66,0x60,
	0x00,0xCA,0x99,0x69,0x99,0x99,0x99,0x99,0x99,0x99,0x99,0x96,0x66,0x99,0x99,0x96,0x69,0x99,0x69,0x66,0x99,0x99,0x93,0x99,
	0x39,0x39,0x39,0x96,0x99,0x99,0x69,0x66,0x99,0x99,0x99,0x99,0x96,0x96,0x69,0x66,0x96,0x66,0x96,0x69,0x69,0x69,0x99,0x99,
	0x99,0x99,0x99,0x99,0x99,0x99,0x99,0x99,0x99,0x99,0x99,0x99,0x99,0x99,0x99,0x99,0x69,0x99,0x99,0x99,0x99,0x99,0x99,0x99,
	0x99,0x99,0x99,0x99,0x99,0x99,0x99,0x93,0x99,0x99,0x96,0x99,0x99,0x99,0x99,0x99,0x99,0x99,0x69,0x99,0x99,0x99,0x99,0x93,
	0x99,0x99,0x99,0x99,0x39,0x99,0x96,0x00,0x00,0x00,0x00,0xFF,0x69,0x66,0x69,0x96,0x99,0x66,0x69,0x99,0x99,0x96,0x80,0x00,
	0xA0,0x00,0x00,0x00,0x00,0x00,0x08,0xA9,0x96,0x99,0x00,0x00,0x00,0x00,0x00,0x04,0x99,0x99,0x99,0x99,0x99,0x99,0x99,0x99,
	0x99,0x9A,0x00,0x00,0x00,0x00,0x00,0x00,0x00,0x00,0x00,0x00,0x00,0x00,0x46,0x66,0x99,0x99,0x99,0x99,0x99,0x99,0x99,0x99,
	0x66,0x99,0x96,0x99,0x99,0x99,0x99,0x99,0x99,0x99,0x99,0x69,0x99,0x99,0xA0,0x00,0x09,0x99,0x99,0x99,0x99,0x99,0x99,0x99,
	0x90,0x00,0x06,0x93,0x99,0x00,0x00,0x00,0x00,0x00,0x00,0x00,0x00,0x00,0x09,0x99,0x9A,0x00,0x00,0x00,0x00,0x00,0x00,0x00,
	0x00,0x00,0x46,0x99,0x99,0x99,0x99,0x99,0x99,0x99,0x99,0x96,0x99,0x99,0x99,0x90,0x09,0x99,0x99,0x90,0x00,0xFF,0x99,0x99,
	0x99,0x99,0x99,0x99,0x99,0x99,0x99,0x99,0x99,0x99,0x99,0x99,0x99,0x99,0x99,0x66,0xA0,0x00,0x80,0x00,0x00,0x00,0x00,0x00,
	0x00,0x00,0x00,0x06,0x66,0x69,0x66,0x66,0x00,0x00,0x00,0x00,0x00,0x00,0x00,0x66,0x66,0x66,0x66,0x69,0x96,0x69,0x69,0x66,
	0x69,0x99,0x66,0x66,0x66,0x66,0x66,0x60,0x00,0x00,0x00,0x00,0x00,0x00,0x00,0x00,0x00,0x00,0x00,0x00,0x00,0x00,0x00,0x00,
	0x00,0x00,0x00,0x00,0x00,0x00,0x00,0x00,0x06,0x66,0x66,0x66,0x66,0x39,0x96,0x69,0x99,0x39,0x36,0x66,0x66,0x66,0x66,0x66,
	0x66,0x66,0x66,0xA0,0x00,0x00,0x00,0x00,0x00,0x00,0x00,0x00,0x00,0x06,0x66,0x66,0x69,0x66,0x66,0x39,0x69,0x33,0x66,0x99,
	0x39,0x99,0x99,0x96,0x66,0x60,0x00,0xCA,0x99,0x69,0x99,0x99,0x99,0x99,0x99,0x99,0x99,0x96,0x66,0x96,0x99,0x99,0x96,0x66,
	0x69,0x66,0x69,0x69,0x99,0x99,0x39,0x99,0x99,0x99,0x96,0x99,0x99,0x96,0x69,0x99,0x66,0x69,0x96,0x66,0x96,0x69,0x96,0x96,
	0x96,0x66,0x69,0x96,0x69,0x69,0x99,0x99,0x99,0x99,0x99,0x99,0x99,0x99,0x99,0x99,0x99,0x99,0x99,0x99,0x99,0x33,0x69,0x99,
	0x99,0x99,0x99,0x99,0x99,0x99,0x99,0x99,0x99,0x99,0x99,0x99,0x99,0x93,0x96,0x99,0x96,0x99,0x99,0x99,0x99,0x99,0x93,0x93,
	0x96,0x99,0x99,0x99,0x99,0x93,0x39,0x99,0x99,0x99,0x39,0x99,0x96,0x00,0x00,0x00,0x00,0xFF,0x66,0x69,0x69,0x99,0x99,0x96,
	0x69,0x96,0x99,0x64,0x00,0x00,0x00,0x08,0x00,0x00,0x00,0x00,0xA6,0x99,0x99,0x99,0x00,0x00,0x00,0x00,0x00,0x09,0x99,0x99,
	0x99,0x99,0x66,0x99,0x99,0x99,0x99,0x99,0x00,0x00,0x00,0x00,0x00,0x00,0x00,0x00,0x00,0x00,0x00,0x08,0xA4,0x69,0x99,0x99,
	0x99,0x99,0x99,0x99,0x99,0x96,0x96,0x99,0x99,0x99,0x99,0x99,0x99,0x99,0x96,0x66,0x69,0x66,0x69,0x99,0x00,0x00,0x99,0x99,
	0x99,0x99,0x99,0x99,0x99,0x96,0x90,0x00,0x08,0x99,0x30,0x00,0x00,0x00,0x00,0x00,0x00,0x00,0x00,0x00,0x00,0x99,0x99,0x99,
	0x90,0x00,0x00,0x00,0x00,0x00,0x00,0x00,0x00,0x00,0x46,0x99,0x99,0x99,0x99,0x99,0x99,0x96,0x99,0x99,0x99,0x90,0x09,0x99,
	0x99,0x90,0x00,0xFF,0x99,0x99,0x99,0x99,0x99,0x99,0x99,0x99,0x99,0x99,0x99,0x99,0x99,0x99,0x99,0x99,0x99,0x66,0x8A,0x00,
	0x00,0x00,0x00,0x00,0x00,0x00,0x00,0x00,0xA6,0x39,0x66,0x66,0x99,0x66,0x40,0x00,0x00,0x00,0x00,0x00,0x00,0x06,0x66,0x66,
	0x66,0x96,0x96,0x66,0x66,0x66,0x99,0x96,0x99,0x96,0x66,0x66,0x68,0x00,0x00,0x00,0x00,0x00,0x00,0x00,0x00,0x00,0x00,0x00,
	0x00,0x00,0x00,0x00,0x00,0x00,0x00,0x00,0x00,0x00,0x00,0x00,0x00,0x00,0x00,0x00,0xA6,0x66,0x66,0x33,0x99,0x96,0x99,0x99,
	0x66,0x66,0x66,0x96,0x66,0x66,0x66,0x66,0x66,0x66,0x66,0x66,0x6A,0x00,0x00,0x00,0x00,0x00,0x00,0x86,0x99,0x66,0x99,0x69,
	0x96,0x93,0x99,0x93,0x36,0x99,0x99,0x99,0x99,0x96,0x66,0x60,0x00,0xCA,0x96,0x69,0x99,0x99,0x99,0x99,0x99,0x99,0x99,0x99,
	0x66,0x66,0x99,0x99,0x99,0x69,0x99,0x96,0x66,0x69,0x96,0x93,0x99,0x99,0x99,0x99,0x99,0x99,0x99,0x96,0x69,0x99,0x66,0x69,
	0x66,0x96,0x66,0x66,0x96,0x66,0x69,0x66,0x69,0x99,0x69,0x66,0x69,0x99,0x99,0x99,0x99,0x99,0x99,0x99,0x99,0x99,0x99,0x99,
	0x99,0x99,0x99,0x33,0x66,0x99,0x99,0x99,0x99,0x99,0x66,0x66,0x69,0x39,0x99,0x99,0x99,0x99,0x99,0x93,0x39,0x99,0x96,0x99,
	0x99,0x99,0x99,0x99,0x99,0x99,0x96,0x93,0x99,0x99,0x99,0x99,0x93,0x99,0x99,0x99,0x99,0x99,0x96,0x00,0x00,0x00,0x00,0xFF,
	0x99,0x66,0x96,0x66,0x96,0x99,0x69,0x69,0x6A,0xA0,0x08,0x80,0x00,0x0A,0x00,0x00,0x88,0x00,0xA6,0x69,0x99,0x99,0x00,0x00,
	0x00,0x00,0x00,0x06,0x99,0x99,0x99,0x99,0x99,0x99,0x99,0x99,0x99,0x99,0x9A,0x00,0x00,0x00,0x00,0x00,0x00,0x00,0x00,0x00,
	0x00,0x00,0x86,0x66,0x69,0x99,0x99,0x99,0x99,0x99,0x99,0x99,0x96,0x69,0x96,0x69,0x99,0x99,0x66,0x66,0x69,0x99,0x99,0x99,
	0x99,0x98,0x00,0x09,0x99,0x99,0x99,0x99,0x99,0x99,0x99,0x99,0x60,0x00,0x00,0x96,0x00,0x00,0x69,0x99,0x99,0x99,0x96,0x00,
	0x00,0x00,0x00,0x09,0x99,0x99,0x99,0x96,0x96,0xA0,0x00,0x00,0x00,0x00,0x00,0x00,0x00,0x00,0x00,0x66,0x99,0x99,0x96,0x66,
	0x69,0x99,0x99,0x90,0x09,0x99,0x99,0x90,0x00,0xFF,0x99,0x99,0x99,0x99,0x99,0x99,0x99,0x99,0x99,0x99,0x99,0x99,0x99,0x99,
	0x99,0x99,0x99,0x66,0x80,0x80,0x00,0x00,0x00,0x00,0x00,0x00,0x00,0x66,0x66,0x69,0x96,0x99,0x99,0x96,0x66,0x00,0x00,0x00,
	0x00,0x00,0x00,0x00,0x0A,0x66,0x66,0x66,0x66,0x66,0x66,0x66,0x66,0x96,0x66,0x66,0x66,0x68,0x00,0x00,0x00,0x00,0x00,0x00,
	0x8A,0x46,0x66,0x66,0x66,0x66,0x69,0x33,0x66,0x99,0x96,0x96,0x66,0xA0,0x00,0x00,0x00,0x00,0x00,0x00,0x00,0x00,0x00,0x08,
	0x69,0x99,0x99,0x33,0x39,0x99,0x66,0x66,0x66,0x66,0x66,0x6A,0x00,0x00,0x0A,0x66,0x66,0x66,0x00,0x00,0x00,0x09,0x99,0x99,
	0x96,0x94,0x69,0x66,0x69,0x96,0x66,0x69,0x96,0x39,0x39,0x99,0x99,0x99,0x99,0x96,0x96,0x60,0x00,0xCA,0x69,0x69,0x69,0x99,
	0x99,0x99,0x99,0x99,0x99,0x99,0x96,0x66,0x69,0x99,0x99,0x96,0x66,0x96,0x99,0x66,0x99,0x93,0x99,0x99,0x93,0x39,0x96,0x99,
	0x99,0x99,0x99,0x99,0x99,0x99,0x99,0x69,0x96,0x69,0x69,0x99,0x69,0x96,0x69,0x96,0x66,0x99,0x69,0x99,0x66,0x66,0x69,0x99,
	0x99,0x99,0x99,0x99,0x99,0x99,0x99,0x99,0x99,0x33,0x93,0x99,0x99,0x99,0x99,0x90,0x8A,0x6A,0x6A,0x99,0x99,0x99,0x99,0x99,
	0x99,0x99,0x39,0x99,0x99,0x99,0x99,0x99,0x93,0x99,0x99,0x99,0x99,0x99,0x99,0x99,0x99,0x99,0x99,0x93,0x99,0x39,0x39,0x99,
	0x96,0x00,0x00,0x00,0x00,0xFF,0x66,0x66,0x66,0x69,0x66,0x99,0x69,0x99,0x00,0x88,0xAA,0x08,0x00,0xA8,0x80,0x00,0x88,0x00,
	0xA9,0x69,0x99,0x99,0x00,0x00,0x00,0x00,0x00,0x06,0x99,0x99,0x99,0x99,0x99,0x99,0x99,0x99,0x99,0x99,0x99,0x00,0x00,0x00,
	0x00,0x00,0x00,0x00,0x00,0x00,0x00,0x00,0x84,0x66,0x69,0x99,0x99,0x99,0x99,0x99,0x99,0x99,0x99,0x66,0x99,0x66,0x96,0x69,
	0x96,0x99,0x99,0x99,0x96,0x99,0x99,0x60,0x00,0x49,0x99,0x99,0x99,0x99,0x96,0x66,0x99,0x99,0x60,0x00,0x0A,0x90,0x00,0x06,
	0x99,0x99,0x99,0x99,0x99,0x9A,0x00,0x00,0x00,0x00,0x99,0x99,0x99,0x66,0x99,0x99,0x64,0x80,0x00,0x00,0x00,0x00,0x00,0x00,
	0x00,0x00,0x0A,0x99,0x39,0x96,0x69,0x99,0x99,0x90,0x09,0x99,0x99,0x90,0x00,0xFF,0x99,0x99,0x99,0x99,0x99,0x99,0x96,0x66,
	0x99,0x99,0x99,0x93,0x99,0x99,0x93,0x99,0x99,0x6A,0x08,0x00,0x00,0x00,0x00,0x00,0x00,0x00,0xA9,0x96,0x63,0x69,0x99,0x66,
	0x99,0x66,0x66,0x60,0x00,0x00,0x00,0x00,0x00,0x00,0x00,0x04,0x66,0x66,0x99,0x69,0x66,0x69,0x96,0x66,0x66,0x66,0x96,0x80,
	0x00,0x00,0x00,0x00,0x0A,0x66,0x66,0x66,0x66,0x66,0x69,0x66,0x66,0x39,0x99,0x99,0x99,0x99,0x69,0x99,0x99,0x6A,0x00,0x00,
	0x00,0x00,0x00,0x00,0x00,0x00,0x0A,0x99,0x99,0x93,0x99,0x96,0x66,0x66,0x66,0x68,0x00,0x00,0x00,0x00,0x00,0x66,0x66,0x60,
	0x00,0x00,0x08,0x99,0x99,0x99,0x96,0x66,0x66,0x69,0x66,0x96,0x66,0x99,0x96,0x99,0x93,0x69,0x39,0x63,0x99,0x96,0x69,0x60,
	0x00,0xCA,0x69,0x69,0x99,0x99,0x99,0x99,0x99,0x99,0x99,0x99,0x99,0x69,0x96,0x99,0x99,0x99,0x99,0x96,0x66,0x36,0x69,0x99,
	0x99,0x99,0x99,0x99,0x69,0x99,0x99,0x99,0x69,0x96,0x99,0x99,0x99,0x99,0x99,0x69,0x96,0x69,0x66,0x66,0x69,0x99,0x66,0x96,
	0x99,0x66,0x66,0x99,0x66,0x66,0x99,0x99,0x99,0x99,0x99,0x99,0x99,0x99,0x99,0x39,0x63,0x93,0x39,0x39,0x99,0x09,0x04,0x46,
	0x04,0x89,0x99,0x99,0x99,0x99,0x99,0x99,0x33,0x99,0x99,0x99,0x99,0x99,0x99,0x33,0x99,0x99,0x99,0x39,0x93,0x99,0x99,0x99,
	0x99,0x99,0x99,0x99,0x99,0x99,0x96,0x00,0x00,0x00,0x00,0xFF,0x96,0x66,0x66,0x96,0x66,0x69,0x69,0x6A,0x00,0xA8,0x80,0xA0,
	0x08,0x00,0x00,0xA0,0x0A,0x80,0x69,0x69,0x99,0x96,0x00,0x00,0x00,0x00,0x00,0x06,0x99,0x99,0x99,0x99,0x99,0x99,0x99,0x99,
	0x99,0x99,0x99,0x68,0x00,0x00,0x00,0x00,0x00,0x00,0x00,0x00,0x00,0x00,0x84,0x66,0x69,0x99,0x99,0x99,0x99,0x99,0x99,0x99,
	0x69,0x99,0x96,0x66,0x66,0x99,0x99,0x80,0x00,0x96,0x96,0x69,0x99,0x00,0x00,0x99,0x99,0x99,0x96,0x66,0x69,0x99,0x99,0x99,
	0x90,0x00,0x00,0x00,0x00,0x49,0x99,0x99,0x99,0x99,0x99,0x99,0x60,0x00,0x00,0x00,0x49,0x99,0x99,0x99,0x99,0x99,0x99,0x99,
	0x94,0x00,0x00,0x00,0x00,0x00,0x00,0x00,0x00,0xA9,0x99,0x99,0x99,0x99,0x99,0x60,0x09,0x99,0x99,0x90,0x00,0xFF,0x99,0x99,
	0x99,0x99,0x99,0x99,0x99,0x99,0x99,0x99,0x99,0x69,0x96,0x66,0x66,0x99,0x99,0x64,0xAA,0x80,0x00,0x00,0x00,0x00,0x00,0xA6,
	0x66,0x69,0x69,0x96,0x99,0x99,0x99,0x66,0x99,0x64,0x00,0x00,0x00,0x00,0x00,0x00,0x08,0x0A,0xA6,0x96,0x69,0x96,0x69,0x66,
	0x69,0x66,0x66,0x66,0x6A,0x00,0x00,0x00,0x00,0xA6,0x66,0x66,0x66,0x96,0x66,0x66,0x66,0x96,0x69,0x99,0x99,0x99,0x69,0x99,
	0x66,0x99,0x99,0x69,0x66,0x68,0x00,0x00,0x00,0x00,0x00,0x00,0x00,0x00,0x46,0x69,0x33,0x66,0x64,0x80,0x00,0x00,0x00,0x00,
	0x00,0x00,0x08,0x66,0x66,0x00,0x00,0x00,0x69,0x99,0x99,0x99,0x96,0x66,0x66,0x66,0x36,0x99,0x99,0x69,0x69,0x99,0x93,0x96,
	0x93,0x96,0x99,0x96,0x69,0x90,0x00,0xCA,0x99,0x66,0x69,0x69,0x99,0x99,0x99,0x99,0x99,0x99,0x99,0x96,0x69,0x99,0x69,0x69,
	0x99,0x66,0x96,0x93,0x99,0x96,0x99,0x99,0x99,0x99,0x66,0x99,0x69,0x93,0x99,0x99,0x99,0x99,0x66,0x99,0x69,0x96,0x69,0x69,
	0x99,0x66,0x96,0x69,0x96,0x69,0x99,0x66,0x66,0x66,0x66,0x66,0x66,0x66,0x69,0x99,0x99,0x99,0x99,0x99,0x99,0x93,0x69,0x93,
	0x93,0x99,0x98,0x40,0xA0,0xA4,0x06,0xA9,0x99,0x99,0x99,0x99,0x99,0x99,0x93,0x33,0x99,0x99,0x99,0x99,0x99,0x99,0x99,0x99,
	0x96,0x39,0x33,0x99,0x99,0x99,0x99,0x99,0x99,0x99,0x99,0x99,0x96,0x00,0x00,0x00,0x00,0xFF,0x66,0x66,0x96,0x99,0x69,0x66,
	0x64,0x00,0x00,0x40,0x08,0x08,0x88,0x00,0x08,0x08,0x0A,0xA0,0x69,0x99,0x99,0x9A,0x00,0x00,0x00,0x00,0x00,0x04,0x99,0x99,
	0x99,0x99,0x99,0x99,0x99,0x99,0x99,0x99,0x99,0x96,0x00,0x00,0x00,0x00,0x00,0x00,0x00,0x00,0x00,0x00,0xA6,0x66,0x99,0x99,
	0x99,0x99,0x99,0x99,0x99,0x99,0x66,0x99,0x96,0x99,0x69,0x99,0x60,0x00,0x00,0x00,0x69,0x96,0x60,0x00,0x04,0x96,0x99,0x99,
	0x99,0x99,0x99,0x99,0x99,0x99,0x90,0x00,0x00,0x00,0x00,0x69,0x96,0x69,0x99,0x99,0x99,0x99,0x96,0x00,0x00,0x00,0x06,0x99,
	0x99,0x69,0x99,0x99,0x99,0x99,0x99,0x99,0x96,0x6A,0x00,0x00,0x00,0x00,0x00,0x89,0x99,0x99,0x69,0x99,0x99,0x90,0x09,0x99,
	0x99,0x90,0x00,0xFF,0x99,0x99,0x99,0x99,0x99,0x99,0x99,0x99,0x39,0x99,0x33,0x99,0x93,0x96,0x99,0x99,0x99,0x64,0xA0,0x8A,
	0x80,0x00,0x00,0x00,0x46,0x66,0x96,0x69,0x96,0x66,0x66,0x66,0x66,0x66,0x69,0x66,0x68,0x00,0x00,0x00,0x00,0x00,0x08,0x00,
	0x84,0x66,0x66,0x99,0x66,0x99,0x99,0x99,0x99,0x99,0x00,0x00,0x00,0x08,0x66,0x96,0x96,0x69,0x96,0x66,0x66,0x66,0x66,0x66,
	0x96,0x99,0x99,0x93,0x39,0x99,0x96,0x63,0x96,0x69,0x96,0x66,0x66,0x66,0x00,0x00,0x00,0x00,0x00,0x00,0x00,0x06,0x40,0x00,
	0x00,0x00,0x00,0x00,0x00,0x00,0x00,0x00,0x86,0x66,0x60,0x00,0x00,0x09,0x99,0x99,0x99,0x99,0x99,0x66,0x66,0x66,0x99,0x99,
	0x99,0x69,0x93,0x39,0x36,0x39,0x66,0x36,0x99,0x39,0x96,0x60,0x00,0xCA,0x69,0x96,0x69,0x66,0x99,0x99,0x99,0x99,0x99,0x99,
	0x99,0x99,0x66,0x66,0x66,0x69,0x66,0x66,0x96,0x64,0x96,0x99,0x69,0x99,0x69,0x96,0x96,0x99,0x69,0x66,0x69,0x99,0x99,0x99,
	0x96,0x96,0x99,0x96,0x66,0x69,0x66,0x66,0x66,0x66,0x99,0x96,0x99,0x66,0x96,0x99,0x66,0x99,0x96,0x69,0x96,0x66,0x66,0x66,
	0x99,0x99,0x99,0x39,0x93,0x93,0x99,0x99,0x60,0x06,0x00,0x0A,0x0A,0xA6,0x99,0x99,0x99,0x99,0x99,0x99,0x99,0x99,0x69,0x99,
	0x39,0x99,0x99,0x99,0x99,0x99,0x99,0x39,0x93,0x39,0x99,0x99,0x99,0x99,0x99,0x99,0x99,0x99,0x36,0x00,0x00,0x00,0x00,0xFF,
	0x66,0x66,0x66,0x66,0x69,0x99,0xA8,0x00,0x80,0x00,0x00,0x00,0x80,0x00,0x80,0x00,0x06,0xA0,0x69,0x69,0x99,0x9A,0x00,0x00,
	0x00,0x00,0x00,0x06,0x99,0x99,0x99,0x99,0x99,0x99,0x99,0x99,0x99,0x99,0x99,0x99,0x60,0x00,0x00,0x00,0x00,0x00,0x00,0x00,
	0x00,0x00,0xA6,0x99,0x99,0x99,0x99,0x99,0x99,0x99,0x99,0x99,0x99,0x99,0x99,0x99,0x66,0x69,0x00,0x00,0x00,0x00,0x69,0x99,
	0x60,0x00,0x06,0x99,0x99,0x99,0x99,0x99,0x99,0x99,0x99,0x66,0x60,0x00,0x00,0x00,0x06,0x99,0x99,0x99,0x99,0x99,0x99,0x99,
	0x99,0x40,0x00,0x00,0x00,0x99,0x99,0x96,0x99,0x99,0x99,0x99,0x99,0x99,0x99,0x99,0x96,0x64,0x00,0x00,0x00,0x99,0x99,0x99,
	0x99,0x99,0x99,0x60,0x09,0x99,0x99,0x90,0x00,0xFF,0x99,0x99,0x99,0x99,0x99,0x99,0x99,0x99,0x99,0x99,0x99,0x99,0x99,0x39,
	0x99,0x93,0x99,0x66,0x6A,0x08,0x00,0x00,0x00,0x09,0x96,0x69,0x96,0x66,0x99,0x69,0x66,0x69,0x94,0x66,0x66,0x99,0x96,0xA0,
	0x00,0x00,0x00,0x00,0x00,0x00,0x08,0x69,0x39,0x99,0x66,0x69,0x99,0x99,0x99,0x99,0x00,0x00,0x00,0x96,0x96,0x66,0x66,0x66,
	0x66,0x96,0x99,0x99,0x66,0x99,0x39,0x69,0x99,0x96,0x99,0x99,0x39,0x69,0x96,0x69,0x96,0x66,0x66,0x96,0x66,0xA0,0x00,0x00,
	0x00,0x00,0x00,0x00,0x00,0x00,0x00,0x00,0x00,0x00,0x00,0x00,0x00,0x00,0x66,0x96,0x00,0x00,0x00,0x99,0x99,0x99,0x99,0x99,
	0x99,0x93,0x69,0x69,0x99,0x99,0x99,0x99,0x99,0x33,0x33,0x33,0x99,0x96,0x99,0x99,0x96,0x60,0x00,0xCA,0x99,0x99,0x69,0x96,
	0x90,0x69,0x93,0x33,0x99,0x99,0x99,0x99,0x96,0x99,0x66,0x66,0x66,0x69,0x66,0x96,0x66,0x69,0x99,0x69,0x66,0x99,0x96,0x69,
	0x99,0x99,0x69,0x99,0x99,0x99,0x99,0x99,0x69,0x99,0x69,0x66,0x66,0x99,0x66,0x66,0x69,0x66,0x69,0x69,0x96,0x69,0x66,0x69,
	0x99,0x69,0x66,0x66,0x69,0x66,0x66,0x66,0x66,0x99,0x69,0x93,0x99,0x99,0x88,0xA0,0x00,0x00,0x00,0x46,0x99,0x99,0x99,0x99,
	0x99,0x99,0x93,0x39,0x69,0x96,0x96,0x99,0x93,0x39,0x39,0x99,0x99,0x99,0x99,0x99,0x39,0x99,0x99,0x99,0x99,0x39,0x99,0x99,
	0x36,0x00,0x00,0x00,0x00,0xFF,0x66,0x66,0x66,0x66,0x69,0x60,0x00,0x08,0x00,0x80,0x00,0x00,0x00,0x00,0x08,0x04,0x99,0x80,
	0x66,0x99,0x99,0x90,0x00,0x00,0x00,0x00,0x00,0x06,0x99,0x99,0x99,0x99,0x99,0x99,0x99,0x99,0x99,0x99,0x99,0x99,0x6A,0x80,
	0x00,0x00,0x00,0x00,0x00,0x00,0x00,0x00,0x46,0x69,0x96,0x66,0x99,0x99,0x99,0x99,0x99,0x99,0x99,0x99,0x99,0x99,0x69,0x60,
	0x00,0x00,0x00,0x00,0x04,0x66,0x80,0x00,0x66,0x66,0x66,0x99,0x99,0x99,0x99,0x99,0x99,0x69,0x98,0x00,0x00,0x00,0x09,0x69,
	0x39,0x99,0x99,0x99,0x99,0x66,0x99,0x9A,0x00,0x00,0x00,0x06,0x66,0x99,0x99,0x99,0x33,0x99,0x99,0x99,0x99,0x99,0x96,0xA0,
	0x08,0x00,0x06,0x99,0x99,0x99,0x99,0x99,0x99,0x90,0x03,0x99,0x99,0x90,0x00,0xFF,0x99,0x99,0x99,0x99,0x99,0x99,0x66,0x69,
	0x99,0x99,0x99,0x99,0x99,0x69,0x99,0x99,0x99,0x96,0x6A,0x80,0x88,0x00,0x06,0x69,0x93,0x99,0x99,0x96,0x99,0x99,0x99,0x94,
	0xA8,0x04,0x06,0x99,0x99,0x68,0x00,0x00,0x00,0x00,0x00,0x00,0x0A,0x66,0x99,0x99,0x99,0x99,0x99,0x99,0x96,0x90,0x00,0x00,
	0x66,0x66,0x66,0x66,0x66,0x66,0x66,0x66,0x69,0x69,0x96,0x69,0x33,0x99,0x99,0x39,0x69,0x39,0x39,0x33,0x99,0x96,0x99,0x99,
	0x96,0x66,0x48,0x00,0x00,0x00,0x00,0x00,0x00,0x00,0x00,0x00,0x00,0x00,0x00,0x00,0x00,0x00,0xA6,0x69,0x99,0x90,0x00,0x00,
	0x63,0x33,0x99,0x33,0x33,0x33,0x33,0x99,0x66,0x66,0x66,0x69,0x66,0x69,0x96,0x63,0x99,0x93,0x93,0x39,0x96,0x48,0x00,0x00,
	0x00,0xCA,0x00,0x00,0x00,0x00,0x00,0x00,0x00,0x00,0x00,0x00,0x00,0x44,0x99,0x39,0x96,0x66,0x96,0x66,0x69,0x66,0x96,0x99,
	0x99,0x33,0x33,0x33,0x96,0x96,0x66,0x99,0x69,0x66,0x99,0x99,0x99,0x99,0x99,0x99,0x93,0x99,0x66,0x99,0x99,0x93,0x66,0x36,
	0x69,0x96,0x96,0x69,0x66,0x66,0x99,0x66,0x69,0x99,0x99,0x96,0x66,0x66,0x66,0x66,0x66,0x99,0x99,0x66,0x00,0x00,0x00,0x00,
	0x08,0x09,0x99,0x99,0x99,0x99,0x99,0x99,0x93,0x39,0xA0,0x00,0x00,0x00,0x00,0x69,0x99,0x99,0x33,0x39,0x99,0x99,0x33,0x99,
	0x99,0x33,0x99,0x99,0x99,0x96,0x66,0x00,0x00,0x00,0x00,0xFF,0x66,0x66,0x66,0x66,0x66,0xA0,0x88,0x8A,0x80,0x00,0x80,0xA8,
	0x88,0xA0,0x80,0x09,0x99,0xA0,0x49,0x99,0x69,0x90,0x00,0x00,0x00,0x00,0x00,0x0A,0x99,0x99,0x99,0x99,0x99,0x99,0x99,0x99,
	0x99,0x99,0x99,0x99,0x96,0xA0,0x00,0x00,0x00,0x00,0x00,0x00,0x00,0x00,0x46,0x69,0x99,0x99,0x99,0x99,0x99,0x99,0x99,0x99,
	0x99,0x99,0x99,0x99,0x69,0x60,0x00,0x09,0xA0,0x00,0x00,0x99,0x00,0x00,0x66,0x99,0x66,0x66,0x99,0x99,0x99,0x99,0x99,0x99,
	0x90,0x00,0x00,0x00,0x09,0x99,0x99,0x99,0x99,0x99,0x99,0x99,0x99,0x33,0x00,0x00,0x00,0x00,0x69,0x69,0x33,0x99,0x99,0x99,
	0x99,0x99,0x99,0x94,0x00,0x00,0x00,0x00,0x0A,0x69,0x99,0x66,0x99,0x99,0x99,0x90,0x06,0x96,0x66,0x90,0x00,0xFF,0x99,0x99,
	0x99,0x99,0x99,0x99,0x99,0x99,0x99,0x99,0x99,0x99,0x99,0x69,0x99,0x99,0x99,0x99,0x66,0x40,0x00,0x8A,0x66,0x96,0x69,0x69,
	0x93,0x39,0x99,0x96,0x99,0x9A,0xAA,0x84,0xA4,0x99,0x99,0x99,0x80,0x00,0x00,0x00,0x00,0x0A,0x0A,0x66,0x69,0x99,0x99,0x69,
	0x99,0x99,0x99,0x40,0x00,0x06,0x66,0x66,0x66,0x66,0x66,0x66,0x66,0x66,0x66,0x69,0x99,0x93,0x33,0x33,0x33,0x33,0x93,0x39,
	0x9A,0x09,0x99,0x66,0x48,0x80,0x00,0x00,0x00,0x00,0x00,0x00,0x00,0x00,0x00,0x00,0x00,0x00,0x00,0x00,0x00,0x00,0x06,0x99,
	0x99,0x96,0x99,0x80,0x00,0x04,0x39,0x93,0x39,0x99,0x99,0x93,0x99,0x33,0x69,0x66,0x66,0x66,0x66,0x66,0x96,0x69,0x39,0x93,
	0x99,0x40,0x00,0x00,0x44,0x60,0x00,0xCA,0x99,0x96,0x66,0x96,0x60,0x06,0x69,0x93,0x33,0x96,0x6A,0x00,0x00,0x09,0x96,0x66,
	0x66,0x66,0x99,0x99,0x99,0x69,0x33,0x33,0x39,0x99,0x96,0x99,0x99,0x99,0x69,0x96,0x99,0x99,0x99,0x99,0x66,0x66,0x69,0x99,
	0x99,0x99,0x99,0x69,0x96,0x99,0x99,0x99,0x96,0x99,0x99,0x99,0x99,0x99,0x99,0x99,0x99,0x99,0x66,0x69,0x99,0x96,0x66,0x99,
	0x99,0x94,0x00,0x00,0x00,0x00,0x00,0x89,0x99,0x99,0x99,0x99,0x99,0x39,0x99,0x96,0x00,0x00,0x08,0x00,0x00,0x4A,0x69,0x69,
	0x33,0x39,0x99,0x99,0x33,0x39,0x99,0x93,0x39,0x99,0x99,0x99,0x96,0x00,0x00,0x00,0x00,0xFF,0x69,0x99,0x66,0x66,0x60,0x00,
	0x0A,0x08,0xAA,0x00,0x00,0x00,0x00,0x0A,0x00,0x69,0x99,0x40,0x49,0x99,0x99,0x90,0x00,0x00,0x00,0x00,0x00,0x06,0x99,0x99,
	0x99,0x99,0x99,0x99,0x99,0x99,0x99,0x99,0x99,0x99,0x66,0x40,0x00,0x00,0x00,0x00,0x00,0x00,0x00,0x0A,0x66,0x99,0x99,0x66,
	0x99,0x99,0x99,0x99,0x96,0x99,0x99,0x99,0x96,0x69,0x96,0x80,0x00,0x09,0x96,0x00,0x00,0x8A,0x00,0x00,0x96,0x69,0x99,0x99,
	0x99,0x99,0x99,0x99,0x99,0x99,0x9A,0x00,0x00,0x00,0x09,0x99,0x99,0x93,0x99,0x99,0x99,0x93,0x39,0x93,0x00,0x00,0x00,0x00,
	0x43,0x69,0x99,0x99,0x99,0x99,0x39,0x33,0x99,0x00,0x00,0x00,0x00,0x00,0x00,0x08,0x99,0x99,0x93,0x39,0x93,0x90,0x09,0x99,
	0x99,0x90,0x00,0xFF,0x99,0x99,0x99,0x99,0x99,0x99,0x99,0x99,0x99,0x99,0x99,0x96,0x99,0x99,0x99,0x99,0x99,0x96,0x96,0x66,
	0x46,0x66,0x66,0x66,0x96,0x66,0x69,0x93,0x99,0x99,0x99,0x98,0x00,0x0A,0x06,0x69,0x66,0x66,0x60,0x00,0x00,0x00,0x00,0x0A,
	0xAA,0x66,0x99,0x69,0x99,0x69,0x99,0x99,0x69,0x00,0x00,0x96,0x96,0x66,0x66,0x66,0x66,0x60,0x00,0x88,0x66,0x66,0x66,0x99,
	0x99,0x33,0x33,0x33,0x96,0x40,0x00,0x00,0x00,0x00,0x00,0x00,0x00,0x00,0x00,0x00,0x00,0x00,0x00,0x00,0x00,0x00,0x00,0x00,
	0x00,0x00,0x86,0x69,0x69,0x99,0x99,0x96,0x66,0x00,0x00,0x89,0x99,0x99,0x99,0x99,0x99,0x99,0x99,0x99,0x99,0x99,0x66,0x66,
	0x66,0x96,0x69,0x69,0x99,0x9A,0x00,0x06,0x99,0x96,0x66,0x60,0x00,0xCA,0x66,0x66,0x66,0x66,0x6A,0x00,0x66,0x69,0x99,0x99,
	0x99,0x99,0x36,0x00,0x06,0x99,0x99,0x99,0x99,0x99,0x99,0x66,0x99,0x99,0x99,0x99,0x66,0x99,0x66,0x99,0x66,0x66,0x66,0x66,
	0x66,0x66,0x66,0x66,0x66,0x66,0x69,0x66,0x99,0x69,0x99,0x66,0x69,0x99,0x99,0x99,0x99,0x99,0x99,0x99,0x99,0x66,0x66,0x99,
	0x66,0x99,0x99,0x96,0x66,0x66,0x99,0x9A,0x00,0x00,0x00,0x08,0x00,0x49,0x99,0x99,0x99,0x99,0x99,0x99,0x96,0x00,0x00,0x00,
	0x00,0x00,0x00,0x00,0x06,0x69,0x33,0x39,0x99,0x99,0x33,0x33,0x99,0x96,0x93,0x39,0x99,0x96,0x96,0x00,0x00,0x00,0x00,0xFF,
	0x66,0x66,0x64,0xA0,0x80,0x00,0x0A,0x80,0x80,0x00,0x00,0x08,0x08,0x00,0x86,0x99,0x66,0xA0,0x66,0x99,0x99,0x60,0x00,0x00,
	0x00,0x00,0x00,0x04,0x66,0x69,0x99,0x99,0x99,0x99,0x69,0x99,0x99,0x99,0x99,0x99,0x96,0x64,0x00,0x00,0x00,0x00,0x00,0x00,
	0x08,0xA6,0x66,0x66,0x99,0x96,0x96,0x66,0x99,0x99,0x99,0x99,0x69,0x66,0x69,0x66,0x66,0x00,0x00,0x46,0x66,0x60,0x00,0x00,
	0x00,0x09,0x93,0x99,0x99,0x99,0x99,0x99,0x99,0x99,0x99,0x99,0x99,0x00,0x00,0x00,0x09,0x99,0x99,0x99,0x99,0x99,0x99,0x99,
	0x99,0x93,0x90,0x00,0x00,0x00,0x06,0x99,0x99,0x93,0x99,0x93,0x99,0x33,0x30,0x00,0x00,0x00,0x00,0x00,0x00,0x00,0x0A,0x99,
	0x99,0x99,0x99,0x90,0x06,0x99,0x99,0x90,0x00,0xFF,0x99,0x99,0x99,0x99,0x99,0x99,0x99,0x99,0x99,0x99,0x99,0x99,0x66,0x69,
	0x99,0x99,0x99,0x96,0x99,0x66,0x66,0x69,0x39,0x99,0x66,0x66,0x66,0x69,0x69,0x99,0x99,0x40,0x00,0x08,0xA6,0x66,0x66,0x66,
	0x66,0x00,0x00,0x00,0x80,0x08,0x0A,0x66,0x96,0x66,0x66,0x66,0x66,0x96,0x66,0x00,0x00,0x66,0x66,0x66,0x66,0x66,0x66,0x60,
	0x00,0x00,0x00,0x00,0x00,0x00,0x00,0x00,0x00,0x00,0x00,0x00,0x00,0x00,0x00,0x00,0x00,0x00,0x00,0x00,0x00,0x00,0x00,0x00,
	0x00,0x00,0x00,0x00,0x00,0x00,0x00,0x08,0x66,0x66,0x66,0x66,0x96,0x66,0x60,0x00,0x0A,0x99,0x99,0x99,0x99,0x99,0x99,0x99,
	0x99,0x99,0x99,0x66,0x96,0x66,0x66,0x66,0x66,0x66,0x69,0x00,0x99,0x99,0x99,0x96,0x66,0x60,0x00,0xCA,0x69,0x99,0x66,0x66,
	0x66,0x60,0x06,0x66,0x99,0x99,0x99,0x99,0x99,0x99,0x60,0x06,0x99,0x99,0x99,0x99,0x99,0x66,0x69,0x99,0x99,0x99,0x96,0x66,
	0x66,0x66,0x69,0x66,0x66,0x66,0x66,0x66,0x66,0x66,0x69,0x66,0x66,0x66,0x66,0x66,0x69,0x66,0x66,0x66,0x99,0x69,0x99,0x66,
	0x66,0x66,0x66,0x66,0x66,0x66,0x66,0x69,0x66,0x66,0x66,0x99,0x99,0x60,0x00,0x00,0x00,0x00,0x00,0x99,0x99,0x99,0x99,0x96,
	0x66,0x99,0x60,0x00,0x00,0x00,0x00,0x00,0x00,0x00,0x08,0x0A,0x33,0x33,0x39,0x99,0x99,0x33,0x39,0x99,0x33,0x93,0x39,0x39,
	0x96,0x00,0x00,0x00,0x00,0xFF,0x96,0x66,0xA0,0x00,0x00,0x00,0x00,0x00,0x00,0x00,0x00,0x00,0x88,0x00,0x46,0x66,0x69,0xA0,
	0x66,0x96,0x66,0xA0,0x00,0x00,0x00,0x00,0x00,0x0A,0x99,0x96,0x99,0x69,0x99,0x69,0x96,0x99,0x99,0x99,0x99,0x99,0x66,0x64,
	0xA0,0x00,0x00,0x00,0x00,0x00,0x0A,0x66,0x66,0x96,0x69,0x66,0x66,0x66,0x99,0x66,0x96,0x66,0x96,0x66,0x66,0x66,0x96,0x00,
	0x00,0x66,0x69,0x90,0x00,0x00,0x00,0x09,0x99,0x99,0x99,0x99,0x99,0x99,0x99,0x99,0x99,0x99,0x99,0x00,0x00,0x00,0xA9,0x99,
	0x99,0x99,0x99,0x99,0xA9,0x99,0x99,0x99,0x90,0x00,0x00,0x00,0x00,0x99,0x39,0x33,0x99,0x93,0x39,0x99,0x00,0x00,0x00,0xA0,
	0x00,0x00,0x00,0x00,0x00,0xA9,0x99,0x99,0x99,0x90,0x09,0x96,0x99,0x90,0x00,0xFF,0x99,0x99,0x99,0x99,0x99,0x99,0x99,0x99,
	0x99,0x99,0x99,0x99,0x99,0x69,0x99,0x69,0x99,0x99,0x66,0x99,0x66,0x96,0x99,0x66,0x66,0x66,0x66,0x66,0x96,0x69,0x99,0xA0,
	0x00,0x00,0x06,0x66,0x66,0x66,0x66,0x60,0x00,0xA8,0x08,0x48,0xAA,0x66,0x66,0x69,0x66,0x66,0x66,0x66,0x90,0x00,0x00,0x69,
	0x66,0x66,0x66,0x66,0x66,0x00,0x00,0x00,0x00,0x00,0x00,0x00,0x00,0x00,0x00,0x00,0x00,0x00,0x00,0x00,0x00,0x00,0x00,0x00,
	0x00,0x00,0x00,0x00,0x00,0x00,0x00,0x04,0x69,0x66,0x00,0x00,0x00,0x00,0x86,0x66,0x66,0x66,0x66,0x66,0x80,0x00,0xA9,0x99,
	0x99,0x99,0x99,0x99,0x99,0x99,0x99,0x99,0x99,0x96,0x99,0x99,0x96,0x99,0x99,0x99,0x99,0x60,0x86,0x99,0x66,0x96,0x66,0x60,
	0x00,0xCA,0x66,0x69,0x96,0x66,0x66,0x66,0x00,0x66,0x66,0x99,0x99,0x99,0x99,0x99,0x99,0x00,0x66,0x66,0x66,0x96,0x96,0x99,
	0x99,0x39,0x99,0x69,0x96,0x66,0x66,0x69,0x69,0x66,0x66,0x66,0x66,0x66,0x66,0x66,0x66,0x66,0x66,0x66,0x66,0x66,0x66,0x66,
	0x66,0x66,0x66,0x66,0x66,0x66,0x66,0x66,0x66,0x66,0x66,0x66,0x66,0x66,0x96,0x66,0x69,0x66,0x66,0x40,0x00,0x00,0x00,0x00,
	0x0A,0x93,0x99,0x39,0x93,0x33,0x39,0x93,0x00,0xA0,0x00,0x00,0x00,0x00,0x00,0x00,0x00,0x00,0x43,0x33,0x39,0x93,0x33,0x93,
	0x39,0x99,0x33,0x99,0x33,0x99,0x96,0x00,0x00,0x00,0x00,0xFF,0x66,0x6A,0x00,0x00,0x00,0x00,0x00,0x00,0x08,0x00,0x08,0x8A,
	0x00,0x06,0x66,0x96,0x99,0x80,0x66,0x66,0x69,0x40,0x00,0x00,0x00,0x00,0x00,0x0A,0x99,0x99,0x96,0x99,0x99,0x96,0x69,0x99,
	0x99,0x99,0x99,0x99,0x66,0x66,0x6A,0x00,0x00,0x00,0x00,0x08,0xA6,0x66,0x66,0x66,0x66,0x66,0x66,0x66,0x66,0x96,0x66,0x66,
	0x66,0x66,0x69,0x96,0x66,0x00,0x00,0x99,0x99,0x9A,0x00,0x00,0x00,0x09,0x99,0x99,0x99,0x99,0x99,0x99,0x99,0x99,0x99,0x69,
	0x96,0x00,0x00,0x00,0x49,0x99,0x8A,0x99,0x99,0x96,0x08,0x99,0x99,0x99,0x96,0x00,0x00,0x00,0x00,0x63,0x93,0x39,0x39,0x99,
	0x99,0x96,0x00,0x04,0x99,0x99,0x99,0x94,0x00,0x00,0x00,0x00,0x99,0x99,0x99,0x90,0x09,0x99,0x99,0x90,0x00,0xFF,0x99,0x99,
	0x99,0x96,0x69,0x99,0x99,0x99,0x99,0x99,0x96,0x99,0x99,0x66,0x99,0x99,0x69,0x99,0x66,0x69,0x99,0x96,0x66,0x66,0x66,0x66,
	0x96,0x66,0x66,0x69,0x66,0x60,0x00,0x00,0x06,0x66,0x66,0x66,0x66,0x66,0x80,0xA0,0x80,0x04,0xA6,0x66,0x69,0x66,0x66,0x69,
	0x66,0x99,0x60,0x00,0x00,0x99,0x99,0x66,0x66,0x66,0x68,0x00,0x00,0x00,0x00,0x00,0x00,0x00,0x00,0x00,0x00,0x00,0x00,0x00,
	0x00,0x00,0x00,0x00,0x00,0x00,0x00,0x00,0x00,0x00,0x0A,0x46,0x66,0x66,0x66,0x66,0x68,0x00,0x00,0x00,0x00,0x66,0x66,0x66,
	0x66,0x66,0x00,0x00,0x99,0x99,0x99,0x99,0x99,0x99,0x99,0x99,0x99,0x96,0x99,0x96,0x66,0x96,0x69,0x69,0x96,0x66,0x99,0x99,
	0x00,0x0A,0x69,0x96,0x99,0x60,0x00,0xCA,0x99,0x69,0x66,0x66,0x66,0x66,0x60,0x06,0x66,0x69,0x99,0x99,0x99,0x99,0x6A,0x00,
	0x66,0x96,0x96,0x96,0x66,0x66,0x69,0x99,0x99,0x39,0x96,0x66,0x66,0x66,0x66,0x66,0x66,0x69,0x66,0x96,0x66,0x66,0x66,0x96,
	0x66,0x66,0x99,0x66,0x66,0x66,0x66,0x66,0x66,0x66,0x66,0x66,0x66,0x66,0x66,0x66,0x66,0x66,0x66,0x66,0x99,0x66,0x66,0x66,
	0x96,0x60,0x00,0x00,0x00,0x00,0x06,0x99,0x99,0x99,0x99,0x93,0x99,0x98,0x00,0x00,0x00,0x00,0x00,0x00,0x00,0x00,0x0A,0x00,
	0x00,0x99,0x33,0x99,0x99,0x99,0x99,0x99,0x99,0x39,0x99,0x33,0x36,0x00,0x00,0x00,0x00,0xFF,0x64,0xA0,0x00,0x00,0x00,0x00,
	0x00,0x00,0x00,0x08,0x00,0xA0,0x08,0x49,0x69,0x99,0x69,0x40,0x49,0x99,0x99,0x00,0x00,0x00,0x00,0x00,0x00,0x0A,0x99,0x99,
	0x99,0x99,0x99,0x99,0x99,0x66,0x96,0x66,0x96,0x66,0x66,0x66,0x64,0xA4,0xAA,0x80,0x0A,0xA4,0x66,0x66,0x66,0x66,0x66,0x66,
	0x66,0x66,0x66,0x66,0x66,0x66,0x66,0x66,0x66,0x66,0x66,0x00,0x00,0x60,0x66,0x96,0x00,0x00,0x00,0x06,0x99,0x99,0x99,0x66,
	0x99,0x99,0x69,0x99,0x99,0x99,0x93,0x00,0x00,0x00,0xA8,0x00,0x00,0x49,0x99,0x00,0x00,0x99,0x99,0x99,0x99,0x00,0x00,0x00,
	0x00,0x09,0x99,0x99,0x99,0x99,0x99,0x60,0x00,0x69,0x99,0x99,0x99,0x99,0x69,0x80,0x00,0x00,0x09,0x99,0x99,0x90,0x09,0x99,
	0x99,0x90,0x00,0xFF,0x99,0x99,0x99,0x99,0x99,0x96,0x99,0x99,0x66,0x93,0x96,0x69,0x96,0x99,0x99,0x99,0x99,0x96,0x69,0x96,
	0x96,0x69,0x69,0x66,0x69,0x66,0x66,0x66,0x69,0x66,0x69,0x00,0x00,0x00,0x06,0x66,0x66,0x66,0x96,0x66,0x64,0x8A,0xA8,0x06,
	0x66,0x69,0x66,0x66,0x66,0x66,0x69,0x69,0x60,0x00,0x00,0x96,0x66,0x66,0x66,0x66,0x66,0x60,0x00,0x00,0x00,0x00,0x00,0x00,
	0x00,0x00,0x00,0x00,0x00,0x00,0x00,0x00,0x00,0x00,0x00,0x0A,0x66,0x66,0x66,0x46,0x69,0x99,0x96,0x96,0x66,0x66,0x66,0x60,
	0x00,0x00,0x00,0x06,0x66,0x66,0x69,0x60,0x00,0x09,0x99,0x99,0x99,0x99,0x99,0x99,0x99,0x99,0x99,0x99,0x99,0x99,0x66,0x99,
	0x66,0x66,0x66,0x66,0x69,0x00,0x49,0x98,0x00,0x00,0x88,0x60,0x00,0xCA,0x66,0x69,0x96,0x99,0x96,0x66,0x80,0x04,0x66,0x66,
	0x66,0x44,0x00,0x00,0x0A,0x99,0x66,0x69,0x93,0x69,0x69,0x66,0x66,0x99,0x99,0x69,0x99,0x66,0x66,0x66,0x66,0x66,0x66,0x69,
	0x66,0x66,0x66,0x66,0x66,0x66,0x66,0x66,0x66,0x66,0x66,0x66,0x66,0x66,0x66,0x66,0x66,0x66,0x66,0x66,0x66,0x66,0x66,0x66,
	0x66,0x66,0x99,0x66,0x66,0x66,0x96,0xA0,0x00,0x00,0x00,0x00,0x06,0x99,0x99,0x99,0x99,0x99,0x99,0xA0,0x80,0x00,0x00,0x00,
	0x00,0x00,0x00,0x00,0x00,0x00,0x00,0x06,0x99,0x99,0x99,0x99,0x99,0x99,0x99,0x93,0x99,0x39,0x36,0x00,0x00,0x00,0x00,0xFF,
	0x64,0x00,0x00,0x00,0x00,0x00,0x00,0x00,0x00,0x80,0x04,0x88,0xA9,0x99,0x99,0x69,0x99,0x80,0x69,0x99,0x99,0x00,0x00,0x00,
	0x00,0x00,0x00,0x08,0x99,0x99,0x99,0x99,0x99,0x99,0x99,0x96,0x66,0x66,0x66,0x99,0x99,0x99,0x66,0x44,0x44,0x4A,0x44,0x66,
	0x66,0x66,0x69,0x99,0x99,0x66,0x66,0x66,0x69,0x69,0x99,0x99,0x99,0x99,0x66,0x69,0x66,0x00,0x00,0x00,0x06,0x66,0x00,0x00,
	0x00,0x00,0x00,0x46,0x69,0x99,0x99,0x99,0x99,0x66,0x99,0x66,0x64,0x80,0x00,0x00,0x00,0x00,0x00,0x89,0x96,0x00,0x00,0x99,
	0x99,0x99,0x99,0x00,0x00,0x40,0x00,0x00,0x99,0x99,0x99,0x99,0x99,0x00,0x00,0x69,0x99,0x99,0x99,0x99,0x66,0x99,0x00,0x00,
	0x00,0x99,0x99,0x90,0x09,0x96,0x99,0x90,0x00,0xFF,0x99,0x99,0x96,0x99,0x96,0x99,0x96,0x66,0x69,0x69,0x39,0x99,0x99,0x69,
	0x69,0x96,0x99,0x99,0x99,0x96,0x69,0x66,0x99,0x96,0x96,0x66,0x66,0x66,0x66,0x66,0x96,0x00,0x00,0x00,0x06,0x69,0x66,0x66,
	0x66,0x66,0x66,0x46,0x66,0x66,0x66,0x99,0x96,0x66,0x66,0x66,0x66,0x66,0x60,0x00,0x00,0x69,0x69,0x96,0x66,0x66,0x66,0x66,
	0x80,0x00,0x00,0x00,0x00,0x00,0x00,0x00,0x00,0x00,0x00,0x00,0x00,0x06,0x69,0x96,0x66,0x66,0x66,0x66,0x66,0x66,0x99,0x99,
	0x99,0x96,0x66,0x66,0x66,0x66,0x40,0x00,0x00,0x06,0x66,0x66,0x66,0xA0,0x00,0x49,0x99,0x99,0x99,0x99,0x99,0x99,0x96,0x99,
	0x99,0x99,0x99,0x99,0x66,0x66,0x66,0x69,0x66,0x66,0x69,0x96,0x00,0x00,0x04,0x66,0x00,0x00,0x00,0xCA,0x00,0x00,0x00,0x00,
	0x00,0x00,0x00,0x60,0x00,0x00,0x00,0x08,0xA9,0x99,0x99,0x99,0x66,0x46,0x66,0x99,0x66,0x99,0x96,0x99,0x99,0x96,0x96,0x66,
	0x66,0x66,0x66,0x66,0x66,0x69,0x99,0x66,0x66,0x66,0x66,0x99,0x66,0x66,0x66,0x66,0x66,0x66,0x66,0x66,0x66,0x66,0x66,0x66,
	0x66,0x66,0x66,0x66,0x66,0x66,0x66,0x66,0x93,0x66,0x66,0x66,0x99,0x80,0x00,0x00,0x00,0x00,0x06,0x99,0x99,0x99,0x99,0x99,
	0x96,0x00,0x00,0x00,0x00,0x00,0x00,0x00,0x00,0x00,0x00,0x00,0x00,0x00,0x49,0x99,0x99,0x99,0x99,0x99,0x99,0x99,0x99,0x99,
	0x96,0x00,0x00,0x00,0x00,0xFF,0x48,0x00,0x00,0x00,0x00,0x00,0x00,0x00,0x00,0x00,0x08,0x8A,0xA9,0x69,0x99,0x99,0x99,0xA0,
	0x69,0x99,0x96,0x00,0x00,0x00,0x00,0x00,0x00,0x06,0x69,0x99,0x99,0x96,0x99,0x99,0x96,0x66,0x66,0x66,0x99,0x66,0x66,0x99,
	0x99,0x96,0x66,0x96,0x66,0x69,0x69,0x66,0x66,0x99,0x99,0x99,0x99,0x99,0x99,0x96,0x69,0x99,0x96,0x99,0x99,0x66,0x66,0x00,
	0x00,0x00,0x04,0x66,0x00,0x00,0x00,0x00,0x00,0x00,0x00,0x00,0x00,0x00,0x00,0x00,0x00,0x00,0x00,0x00,0x00,0x00,0x00,0x00,
	0x0A,0x99,0x9A,0x00,0x00,0x99,0x99,0x99,0x99,0x00,0x00,0x86,0x00,0x00,0xA9,0x99,0x99,0x99,0x96,0x00,0x00,0x99,0x99,0x99,
	0x99,0x99,0x66,0x66,0x60,0x00,0x00,0x06,0x99,0x90,0x09,0x69,0x96,0x90,0x00,0xFF,0x99,0x99,0x36,0x66,0x99,0x96,0x99,0x99,
	0x69,0x69,0x69,0x69,0x99,0x99,0x99,0x69,0x99,0x99,0x99,0x99,0x99,0x99,0x69,0x66,0x69,0x66,0x66,0x66,0x66,0x66,0x66,0x00,
	0x00,0x00,0x06,0x96,0x69,0x66,0x66,0x66,0x66,0x66,0x66,0x66,0x66,0x66,0x96,0x66,0x69,0x99,0x99,0x66,0x60,0x00,0x00,0xA9,
	0x69,0x99,0x66,0x66,0x66,0x66,0x66,0x66,0x66,0x66,0x66,0x96,0x96,0x99,0x99,0x90,0x00,0x00,0x00,0x89,0x66,0x66,0x66,0x69,
	0x66,0x69,0x66,0x69,0x99,0x99,0x66,0x66,0x66,0x66,0x66,0x66,0x48,0x00,0x00,0x06,0x66,0x66,0x64,0x00,0x00,0x99,0x99,0x99,
	0x99,0x99,0x99,0x99,0x99,0x99,0x99,0x99,0x99,0x99,0x96,0x66,0x66,0x66,0x96,0x66,0x69,0x99,0x99,0x99,0x99,0x40,0x00,0x00,
	0x00,0xCA,0x00,0x00,0x00,0x00,0x00,0x06,0x66,0x66,0x66,0x66,0x96,0x96,0x96,0x66,0x69,0x69,0x93,0x96,0x66,0x69,0x66,0x66,
	0x66,0x66,0x66,0x69,0x66,0x66,0x66,0x96,0x66,0x66,0x66,0x69,0x39,0x99,0x66,0x69,0x66,0x66,0x66,0x66,0x66,0x66,0x66,0x66,
	0x66,0x96,0x66,0x66,0x66,0x96,0x66,0x66,0x66,0x99,0x66,0x66,0x66,0x66,0x69,0x99,0x96,0x66,0x66,0x80,0x00,0x00,0x00,0x00,
	0x06,0x99,0x99,0x99,0x99,0x99,0x9A,0x00,0x00,0x00,0x00,0x00,0x00,0x00,0x00,0x00,0x00,0x00,0x00,0x00,0x04,0x69,0x99,0x99,
	0x99,0x99,0x99,0x99,0x99,0x99,0x96,0x00,0x00,0x00,0x00,0xFF,0xA0,0x00,0x00,0x00,0x00,0x00,0x00,0x00,0x00,0x08,0xA0,0x84,
	0x66,0x66,0x66,0x66,0x66,0xA0,0x46,0x66,0x96,0x00,0x00,0x00,0x00,0x00,0x00,0x0A,0x66,0x96,0x69,0x66,0x69,0x99,0x96,0x66,
	0x69,0x99,0x66,0x96,0x66,0x99,0x99,0x99,0x96,0x69,0x69,0x69,0x99,0x99,0x99,0x99,0x99,0x99,0x99,0x99,0x99,0x99,0x69,0x99,
	0x99,0x69,0x99,0x96,0x96,0x00,0x00,0x00,0x00,0x66,0x00,0x06,0x00,0x00,0x00,0x00,0x00,0x00,0x00,0x00,0x00,0x00,0x00,0x00,
	0x00,0x00,0x00,0x00,0x00,0x00,0x49,0x99,0x98,0x00,0x00,0x99,0x99,0x99,0x99,0x00,0x00,0x09,0x00,0x00,0x09,0x99,0x99,0x99,
	0x90,0x00,0x00,0x99,0x99,0x99,0x99,0x99,0x96,0x69,0x99,0x00,0x00,0x00,0x66,0x90,0x09,0x99,0x99,0x90,0x00,0xFF,0x99,0x99,
	0x33,0x96,0x66,0x66,0x69,0x66,0x69,0x69,0x99,0x96,0x96,0x99,0x99,0x99,0x99,0x99,0x96,0x99,0x99,0x69,0x99,0x66,0x69,0x99,
	0x66,0x66,0x66,0x66,0x69,0xA0,0x00,0x00,0x06,0x96,0x69,0x66,0x99,0x66,0x69,0x66,0x66,0x66,0x96,0x66,0x99,0x96,0x99,0x99,
	0x66,0x69,0x60,0x00,0x00,0x06,0x69,0x99,0x66,0x66,0x66,0x66,0x66,0x66,0x66,0x66,0x66,0x66,0x99,0x69,0x60,0x00,0x00,0x00,
	0x00,0x99,0x66,0x66,0x66,0x66,0x99,0x66,0x66,0x66,0x99,0x93,0x69,0x66,0x66,0x66,0x66,0x40,0x00,0x00,0x00,0xA6,0x66,0x66,
	0x60,0x00,0x06,0x99,0x99,0x99,0x99,0x96,0x99,0x99,0x99,0x99,0x99,0x99,0x99,0x99,0x96,0x66,0x66,0x66,0x99,0x69,0x69,0x99,
	0x99,0x99,0x69,0x80,0x04,0x60,0x00,0xCA,0x99,0x66,0x60,0x46,0x66,0x66,0x66,0x66,0x66,0x6A,0x04,0x66,0x66,0x99,0x69,0x99,
	0x99,0x96,0x69,0x66,0x66,0x66,0x69,0x93,0x99,0x93,0x96,0x66,0x96,0x66,0x66,0x66,0x66,0x96,0x99,0x99,0x99,0x96,0x66,0x66,
	0x66,0x96,0x66,0x66,0x66,0x66,0x66,0x69,0x66,0x66,0x66,0x66,0x66,0x66,0x66,0x69,0x96,0x66,0x66,0x66,0x66,0x99,0x96,0x66,
	0x66,0xA0,0x00,0x00,0x00,0x00,0x09,0x99,0x99,0x99,0x99,0x99,0x00,0x00,0x00,0x00,0x00,0x00,0x00,0x00,0x00,0x00,0x00,0x00,
	0x00,0x00,0x00,0xA6,0x99,0x99,0x99,0x99,0x99,0x99,0x99,0x99,0x96,0x00,0x00,0x00,0x00,0xFF,0xA0,0x00,0x00,0x00,0x00,0x00,
	0x00,0x00,0x00,0x00,0x00,0xA9,0x99,0x66,0x66,0x66,0x99,0xA0,0x69,0x99,0x96,0x00,0x00,0x00,0x00,0x00,0x00,0x06,0x96,0x66,
	0x66,0x66,0x99,0x96,0x66,0x69,0x69,0x99,0x96,0x99,0x66,0x69,0x99,0x99,0x99,0x99,0x99,0x99,0x99,0x99,0x99,0x99,0x66,0x99,
	0x99,0x99,0x99,0x99,0x99,0x99,0x99,0x99,0x99,0x69,0x69,0x00,0x00,0x00,0x00,0x04,0x40,0x66,0x60,0x00,0x00,0x00,0x00,0x00,
	0x00,0x00,0x00,0x00,0x00,0x00,0x00,0x00,0x00,0x00,0x0A,0x69,0x99,0x99,0x9A,0x00,0x00,0x99,0x99,0x99,0x99,0x80,0x00,0x09,
	0x40,0x00,0x04,0x99,0x99,0x99,0x90,0x00,0x0A,0x96,0x69,0x99,0x99,0x99,0x99,0x69,0x99,0x90,0x00,0x00,0x99,0x90,0x09,0x99,
	0x99,0x90,0x00,0xFF,0x99,0x99,0x93,0x39,0x39,0x99,0x69,0x99,0x99,0x66,0x99,0x99,0x99,0x96,0x96,0x99,0x99,0x96,0x96,0x69,
	0x69,0x99,0x99,0x66,0x66,0x66,0x69,0x66,0x69,0x66,0x66,0x00,0x00,0x00,0x06,0x66,0x66,0x99,0x69,0x99,0x69,0x96,0x69,0x66,
	0x69,0x66,0x66,0x96,0x69,0x96,0x69,0x69,0x96,0x00,0x00,0x04,0x69,0x96,0x69,0x66,0x66,0x96,0x66,0x66,0x66,0x69,0x69,0x69,
	0x66,0x60,0x00,0x00,0x00,0x00,0x49,0x99,0x66,0x66,0x66,0x66,0x66,0x69,0x69,0x99,0x69,0x96,0x66,0x66,0x66,0x64,0x00,0x00,
	0x00,0x00,0x00,0x66,0x66,0x66,0x80,0x00,0x09,0x99,0x99,0x99,0x99,0x99,0x99,0x99,0x99,0x99,0x99,0x99,0x99,0x99,0x99,0x96,
	0x66,0x69,0x69,0x96,0x60,0x49,0x99,0x00,0x99,0x00,0x00,0x90,0x00,0xCA,0x66,0x46,0x60,0x06,0x96,0xA0,0x06,0x64,0x00,0x00,
	0x00,0x69,0x66,0x66,0x69,0x99,0x99,0x99,0x96,0x66,0x99,0x66,0x66,0x69,0x93,0x96,0x66,0x66,0x66,0x66,0x66,0x66,0x66,0x99,
	0x69,0x99,0x99,0x99,0x69,0x66,0x66,0x99,0x99,0x66,0x66,0x66,0x66,0x66,0x66,0x99,0x99,0x66,0x66,0x66,0x66,0x66,0x66,0x69,
	0x66,0x66,0x66,0x99,0x96,0x66,0x66,0x80,0x00,0x00,0x00,0x00,0x06,0x99,0x99,0x99,0x99,0x99,0x08,0x00,0x00,0x00,0x00,0x00,
	0xA6,0xA0,0x00,0x80,0x00,0x00,0x00,0x00,0x00,0x00,0x69,0x99,0x99,0x99,0x99,0x99,0x99,0x99,0x96,0x00,0x00,0x00,0x00,0xFF,
	0x00,0x00,0x00,0x00,0x00,0x00,0x00,0x00,0x00,0x00,0x00,0x99,0x99,0x99,0x99,0x99,0x99,0x80,0x69,0x99,0x94,0x00,0x00,0x00,
	0x00,0x00,0x00,0x04,0x99,0x99,0x99,0x99,0x96,0x96,0x96,0x66,0x69,0x69,0x96,0x99,0x99,0x99,0x99,0x99,0x99,0x99,0x99,0x99,
	0x99,0x99,0x99,0x99,0x96,0x99,0x96,0x99,0x99,0x69,0x96,0x99,0x99,0x99,0x99,0x99,0x69,0x00,0x00,0x00,0x00,0x00,0x66,0x66,
	0x60,0x00,0x00,0x00,0x00,0x00,0x00,0x00,0x00,0x00,0x00,0x00,0xA6,0x60,0x00,0x00,0x49,0x99,0x99,0x99,0x90,0x00,0x08,0x99,
	0x99,0x99,0x99,0x60,0x00,0x09,0x90,0x00,0x00,0x99,0x99,0x99,0x90,0x00,0x06,0x99,0x99,0x99,0x99,0x90,0x09,0x99,0x99,0x99,
	0x00,0x00,0x09,0x90,0x09,0x00,0x00,0x00,0x00,0xFF,0x00,0x69,0x99,0x99,0x93,0x33,0x33,0x99,0x69,0x96,0x63,0x99,0x96,0x99,
	0x99,0x99,0x99,0x99,0x96,0x69,0x99,0x99,0x99,0x96,0x66,0x99,0x66,0x66,0x66,0x66,0x96,0x00,0x00,0x00,0x06,0x66,0x66,0x66,
	0x66,0x66,0x66,0x69,0x96,0x66,0x66,0x66,0x96,0x66,0x66,0x99,0x96,0x69,0x69,0x00,0x00,0x00,0x06,0x96,0x96,0x66,0x69,0x66,
	0x66,0x66,0x66,0x66,0x96,0x64,0x00,0x00,0x00,0x00,0x00,0x06,0x99,0x99,0x96,0x66,0x66,0x66,0x66,0x66,0x66,0x99,0x66,0x93,
	0x96,0x6A,0x00,0x00,0x00,0x00,0x00,0x00,0x06,0x66,0x66,0x66,0x00,0x00,0x69,0x99,0x99,0x99,0x99,0x99,0x99,0x99,0x99,0x99,
	0x99,0x99,0x99,0x99,0x99,0x96,0x66,0x66,0x66,0x96,0x60,0x69,0x96,0x00,0x69,0x04,0x00,0x60,0x00,0xCA,0x90,0x09,0x60,0x66,
	0x66,0xA0,0x00,0x00,0xA6,0x96,0x80,0x40,0x66,0x66,0x66,0x99,0x99,0x99,0x69,0x99,0x96,0x66,0x69,0x96,0x93,0x39,0x96,0x66,
	0x66,0x66,0x66,0x66,0x69,0x99,0x99,0x99,0x99,0x99,0x99,0x99,0x66,0x66,0x66,0x66,0x66,0x66,0x66,0x66,0x66,0x66,0x66,0x66,
	0x66,0x66,0x66,0x66,0x66,0x66,0x96,0x66,0x66,0x96,0x99,0x66,0x66,0x00,0x00,0x00,0x00,0x00,0x06,0x99,0x99,0x99,0x99,0x60,
	0x00,0x00,0x00,0x00,0x00,0x0A,0x99,0x99,0xA0,0x00,0x00,0x00,0x00,0x00,0x00,0x00,0x00,0x69,0x99,0x99,0x99,0x99,0x99,0x99,
	0x96,0x00,0x00,0x00,0x00,0xFF,0x00,0x00,0x00,0x00,0x00,0x00,0x00,0x00,0x00,0x00,0x06,0x99,0x99,0x99,0x99,0x99,0x66,0xA0,
	0x69,0x99,0x9A,0x00,0x00,0x00,0x00,0x00,0x00,0x0A,0x99,0x99,0x99,0x96,0x99,0x99,0x96,0x96,0x99,0x99,0x99,0x99,0x99,0x99,
	0x99,0x99,0x99,0x99,0x99,0x99,0x99,0x99,0x99,0x96,0x96,0x69,0x66,0x99,0x99,0x99,0x96,0x99,0x99,0x69,0x99,0x99,0x99,0x00,
	0x00,0x0A,0x00,0x04,0x66,0x66,0x60,0x00,0x00,0x00,0x00,0x00,0x00,0x00,0x09,0x69,0x69,0x99,0x99,0x90,0x00,0x00,0x09,0x99,
	0x99,0x99,0x90,0x00,0x0A,0x99,0x99,0x99,0x99,0xA0,0x00,0x09,0x99,0x00,0x00,0xA9,0x66,0x69,0x90,0x00,0x06,0x99,0x93,0x93,
	0x39,0x80,0x00,0x96,0x69,0x99,0x90,0x00,0x00,0x90,0x00,0x00,0x00,0x00,0x00,0xFF,0x00,0x00,0xA9,0x99,0x99,0x99,0x33,0x39,
	0x66,0x96,0x39,0x99,0x99,0x99,0x99,0x99,0x99,0x99,0x99,0x99,0x96,0x99,0x99,0x69,0x96,0x66,0x99,0x66,0x66,0x66,0x66,0x00,
	0x00,0x00,0xA6,0x66,0x66,0x66,0x66,0x66,0x66,0x66,0x66,0x66,0x66,0x96,0x96,0x66,0x66,0x99,0x99,0x90,0x66,0x40,0x00,0x00,
	0x00,0xA6,0x99,0x69,0x69,0x66,0x66,0x66,0x66,0x96,0x00,0x00,0x00,0x00,0x00,0x00,0x00,0x99,0x69,0x99,0x96,0x66,0x66,0x66,
	0x66,0x66,0x66,0x99,0x99,0x99,0x00,0x00,0x00,0x00,0x00,0x00,0x00,0x00,0x66,0x66,0x66,0x66,0x00,0x08,0x99,0x99,0x99,0x99,
	0x99,0x99,0x99,0x99,0x99,0x99,0x99,0x99,0x99,0x99,0x99,0x96,0x66,0x66,0x66,0x66,0x60,0x99,0x90,0x00,0x86,0x06,0x80,0x60,
	0x00,0xCA,0x60,0x06,0x60,0x66,0x66,0x60,0x96,0x00,0x96,0x66,0x60,0x00,0x69,0x69,0x66,0x66,0x99,0x93,0x96,0x99,0x96,0x66,
	0x66,0x66,0x99,0x39,0x99,0x99,0x66,0x66,0x66,0x69,0x69,0x99,0x99,0x99,0x99,0x99,0x99,0x99,0x96,0x66,0x69,0x69,0x66,0x66,
	0x66,0x66,0x66,0x66,0x66,0x66,0x66,0x66,0x66,0x66,0x69,0x66,0x66,0x66,0x66,0x66,0x66,0x64,0x46,0x00,0x00,0x00,0x00,0x00,
	0x06,0x99,0x99,0x99,0x99,0xA0,0x00,0x00,0x00,0x00,0x00,0xA6,0x69,0x99,0x96,0x00,0x00,0x00,0x00,0x00,0x00,0x00,0x00,0x06,
	0x99,0x99,0x99,0x99,0x99,0x69,0x96,0x00,0x00,0x00,0x00,0xFF,0x80,0x00,0x00,0x00,0x00,0x00,0x00,0x00,0x00,0x00,0x66,0x99,
	0x66,0x69,0x99,0x99,0x99,0x00,0x69,0x99,0x9A,0x00,0x00,0x00,0x00,0x00,0x00,0x0A,0x99,0x99,0x99,0x66,0x66,0x69,0x69,0x66,
	0x99,0x99,0x99,0x99,0x99,0x99,0x99,0x99,0x99,0x99,0x99,0x99,0x99,0x99,0x99,0x99,0x99,0x69,0x69,0x99,0x99,0x99,0x99,0x99,
	0x99,0x99,0x99,0x99,0x96,0x00,0x00,0x09,0xA0,0x46,0x66,0x66,0x80,0x00,0xA6,0x6A,0x80,0x00,0x00,0x00,0x00,0x69,0x99,0x99,
	0x99,0x9A,0x00,0x00,0x09,0x99,0x99,0x99,0x90,0x00,0x0A,0x99,0x99,0x99,0x99,0x00,0x00,0x09,0x99,0x00,0x00,0x03,0x99,0x66,
	0x90,0x00,0x06,0x96,0x69,0x99,0x96,0x00,0x0A,0x99,0x99,0x99,0x90,0x00,0x00,0x90,0x00,0x00,0x00,0x00,0x00,0xFF,0x00,0x00,
	0x00,0x69,0x99,0x69,0x93,0x33,0x39,0x36,0x66,0x99,0x60,0x00,0x08,0x00,0x00,0xAA,0x64,0x66,0x99,0x99,0x96,0x99,0x99,0x66,
	0x69,0x66,0x96,0x96,0x66,0x00,0x00,0x00,0x06,0x66,0x66,0x66,0x66,0x66,0x66,0x96,0x66,0x66,0x66,0x69,0x96,0x66,0x66,0x99,
	0x66,0x00,0x00,0x68,0x00,0x00,0x00,0x00,0x08,0x66,0x66,0x96,0xA4,0xA8,0x00,0x00,0x00,0x00,0x00,0x00,0x00,0x00,0x69,0x69,
	0x99,0x96,0x96,0x66,0x66,0x66,0x66,0x66,0x69,0x96,0x00,0x00,0x00,0x00,0x00,0x00,0x00,0x00,0x00,0x86,0x66,0x66,0x66,0x69,
	0x00,0x09,0x99,0x99,0x99,0x99,0x99,0x99,0x99,0x99,0x99,0x99,0x99,0x99,0x99,0x99,0x99,0x99,0x66,0x66,0x66,0x69,0x60,0x93,
	0x90,0x40,0x00,0x04,0x60,0x40,0x00,0xCA,0x40,0xA6,0x60,0x66,0x69,0x60,0x09,0x90,0x09,0x99,0x60,0x00,0x06,0x69,0x66,0x66,
	0x99,0x99,0x96,0x99,0x96,0x99,0x96,0x66,0x63,0x99,0x96,0x99,0x96,0x66,0x66,0x66,0x69,0x99,0x99,0x99,0x99,0x99,0x99,0x99,
	0x99,0x96,0x66,0x66,0x96,0x96,0x66,0x66,0x66,0x66,0x66,0x66,0x66,0x66,0x66,0x66,0x66,0x96,0x66,0x66,0x66,0x66,0x66,0x46,
	0x44,0x00,0x00,0x00,0x00,0x00,0x06,0x69,0x99,0x99,0x99,0x00,0x00,0x00,0x00,0x00,0x80,0x69,0x99,0x99,0x99,0x60,0x00,0x00,
	0x00,0x00,0x00,0x00,0x08,0x00,0x49,0x99,0x99,0x99,0x99,0x99,0x96,0x00,0x00,0x00,0x00,0xFF,0x00,0x00,0x00,0x00,0x00,0x00,
	0x00,0x00,0x00,0x0A,0x66,0x69,0x66,0x96,0x99,0x99,0x96,0xA0,0x46,0x99,0x90,0x00,0x00,0x00,0x00,0x00,0x00,0x0A,0x99,0x99,
	0x96,0x69,0x99,0x99,0x99,0x96,0x99,0x69,0x99,0x99,0x99,0x99,0x99,0x99,0x99,0x99,0x99,0x99,0x99,0x99,0x99,0x99,0x99,0x99,
	0x99,0x99,0x99,0x99,0x99,0x99,0x99,0x99,0x69,0x99,0x99,0x60,0x00,0x06,0x66,0x66,0x66,0x00,0x00,0x00,0xA9,0x99,0x99,0x68,
	0x00,0x00,0x00,0x00,0x69,0x99,0x99,0x96,0x00,0x00,0x09,0x99,0x99,0x99,0x90,0x00,0x06,0x99,0x99,0x99,0x99,0x00,0x00,0x09,
	0x99,0x60,0x00,0x00,0x99,0x99,0x90,0x00,0x09,0x96,0x69,0x66,0x94,0x00,0x06,0x99,0x99,0x99,0x99,0x00,0x00,0x00,0x00,0x00,
	0x00,0x00,0x00,0xFF,0x00,0x00,0x00,0x04,0x99,0x96,0x69,0x99,0x33,0x39,0x66,0x60,0x80,0x00,0x00,0x00,0x00,0x00,0x08,0x00,
	0x00,0x00,0x00,0x00,0x80,0x8A,0x0A,0x08,0xA0,0x00,0xA0,0x00,0x00,0x08,0xA9,0x66,0x66,0x66,0x66,0x96,0x96,0x66,0x66,0x96,
	0x66,0x66,0x96,0x96,0x66,0x66,0x94,0x00,0x00,0x00,0x00,0x00,0x00,0x00,0x00,0x00,0x00,0x00,0x00,0x00,0x00,0x00,0x00,0x00,
	0x00,0x00,0x0A,0x66,0x69,0x99,0x96,0x99,0x96,0x66,0x66,0x66,0xA8,0x00,0x00,0x00,0x00,0x00,0x00,0x00,0x00,0x00,0x00,0x04,
	0x66,0x00,0x66,0x66,0x66,0x69,0x9A,0x69,0x99,0x99,0x99,0x99,0x99,0x99,0x99,0x99,0x99,0x99,0x99,0x99,0x99,0x99,0x99,0x99,
	0x96,0x66,0x66,0x66,0x60,0x69,0x40,0x9A,0x08,0x86,0x60,0x60,0x00,0xCA,0x40,0x66,0x60,0x66,0x96,0xA0,0x00,0x99,0x00,0x99,
	0x60,0x06,0x06,0x66,0x66,0x96,0x96,0x99,0x99,0x69,0x99,0x99,0x99,0x96,0x66,0x99,0x99,0x99,0x99,0x66,0x66,0x66,0x66,0x99,
	0x99,0x99,0x99,0x99,0x99,0x99,0x99,0x99,0x99,0x99,0x66,0x66,0x66,0x66,0x66,0x66,0x66,0x66,0x66,0x66,0x66,0x66,0x66,0x66,
	0x66,0x66,0x66,0x44,0x8A,0x88,0x80,0x00,0x00,0x00,0x00,0x00,0x06,0x69,0x99,0x99,0x90,0x00,0x00,0x00,0x00,0x00,0xAA,0x99,
	0x99,0x99,0x99,0x99,0x4A,0x00,0x00,0x00,0x00,0x00,0x00,0x00,0xAA,0x99,0x99,0x99,0x99,0x99,0x96,0x00,0x00,0x00,0x00,0xFF,
	0xA0,0x00,0x00,0x00,0x00,0x00,0x00,0x00,0x00,0x86,0x66,0x66,0x69,0x99,0x99,0x66,0x66,0xA0,0x66,0x99,0x90,0x00,0x00,0x00,
	0x00,0x00,0x00,0x08,0x99,0x99,0x99,0x99,0x99,0x99,0x99,0x99,0x99,0x96,0x99,0x99,0x69,0x99,0x99,0x99,0x99,0x99,0x99,0x99,
	0x99,0x99,0x99,0x99,0x99,0x99,0x99,0x99,0x96,0x99,0x99,0x99,0x99,0x99,0x99,0x99,0x99,0x90,0x00,0x06,0x66,0x66,0x60,0x00,
	0x00,0x00,0xA6,0x99,0x99,0x99,0x60,0x00,0x00,0x00,0x0A,0x99,0x99,0x99,0x00,0x00,0x09,0x99,0x99,0x99,0x90,0x00,0x09,0x99,
	0x99,0x99,0x99,0x00,0x00,0x09,0x99,0x60,0x00,0x00,0x99,0x99,0x90,0x00,0x06,0x99,0x96,0x66,0x90,0x00,0x04,0x99,0x99,0x99,
	0x99,0xA0,0x00,0x00,0x09,0x00,0x66,0x80,0x00,0xFF,0x00,0x00,0x00,0x00,0x46,0x96,0x69,0x93,0x39,0x99,0x66,0xA0,0x00,0x00,
	0x00,0x00,0x00,0x00,0x08,0x00,0x00,0x00,0x00,0x00,0x00,0x00,0x00,0x00,0x00,0x00,0x00,0x00,0x00,0x00,0x06,0x66,0x66,0x66,
	0x66,0x66,0x66,0x66,0x69,0x69,0x66,0x66,0x96,0x69,0x66,0x66,0x60,0x00,0x00,0x00,0x00,0x00,0x00,0x00,0x00,0x00,0x00,0x00,
	0x00,0x00,0x00,0x00,0x00,0x00,0x00,0x0A,0x69,0x99,0x66,0x99,0x69,0x96,0x4A,0x00,0x00,0x00,0x00,0x00,0x00,0x00,0x00,0x00,
	0x00,0x00,0x00,0x00,0xA6,0x66,0x66,0x00,0x06,0x66,0x66,0x99,0x99,0x99,0x99,0x99,0x99,0x99,0x99,0x99,0x99,0x99,0x99,0x99,
	0x99,0x99,0x99,0x99,0x99,0x99,0x96,0x69,0x66,0x66,0x60,0x69,0x00,0x99,0x00,0xA6,0x60,0x00,0x00,0xCA,0x40,0x66,0x60,0x66,
	0x66,0x00,0x00,0x06,0x60,0x49,0x60,0x09,0x96,0x00,0x66,0x66,0x99,0x66,0x99,0x69,0x99,0x99,0x99,0x99,0x99,0x99,0x69,0x99,
	0x99,0x99,0x69,0x66,0x69,0x99,0x99,0x99,0x99,0x99,0x99,0x99,0x99,0x99,0x99,0x99,0x99,0x96,0x66,0x66,0x66,0x66,0x66,0x66,
	0x66,0x66,0x66,0x66,0x66,0x66,0x66,0x66,0x66,0xA0,0x88,0x08,0xA0,0x00,0x00,0x00,0x00,0x00,0x06,0x69,0x99,0x99,0x60,0x00,
	0x00,0x00,0x80,0x80,0x89,0x99,0x99,0x99,0x99,0x99,0x90,0x80,0x00,0x00,0x00,0x00,0x00,0x00,0x00,0x04,0x99,0x99,0x99,0x99,
	0x96,0x00,0x00,0x00,0x00,0xFF,0xA0,0x00,0x00,0x00,0x00,0x00,0x00,0x00,0x00,0x46,0x66,0x66,0x66,0x66,0x69,0x96,0x66,0xA0,
	0x69,0x66,0x90,0x00,0x00,0x00,0x00,0x00,0x00,0x00,0x96,0x69,0x99,0x99,0x99,0x99,0x99,0x99,0x99,0x96,0x99,0x99,0x99,0x99,
	0x69,0x99,0x99,0x99,0x99,0x99,0x99,0x99,0x96,0x99,0x99,0x99,0x99,0x99,0x99,0x99,0x99,0x99,0x99,0x66,0x99,0x99,0x99,0x90,
	0x00,0x00,0x64,0xA0,0x00,0x08,0x00,0x00,0x09,0x96,0x66,0x99,0x96,0x9A,0x00,0x00,0x00,0x06,0x99,0x99,0x00,0x00,0x09,0x99,
	0x99,0x99,0x90,0x00,0x99,0x99,0x99,0x99,0x99,0x00,0x00,0x49,0x99,0x99,0x00,0x00,0xA9,0x99,0x90,0x00,0x09,0x96,0x99,0x99,
	0x90,0x00,0x06,0x99,0x99,0x99,0x99,0x90,0x00,0x00,0x09,0x99,0x99,0x90,0x00,0xFF,0x99,0x60,0x00,0x00,0x04,0x99,0x96,0x36,
	0x93,0x39,0x96,0x00,0x00,0x00,0x00,0x00,0x00,0x00,0x00,0x00,0x00,0x00,0x00,0x00,0x00,0x00,0x00,0x00,0x00,0x08,0x00,0x00,
	0x00,0x00,0x46,0x66,0x69,0x66,0x66,0x96,0x99,0x69,0x66,0x66,0x66,0x66,0x66,0x66,0x99,0x66,0x6A,0x00,0x00,0x00,0x00,0x00,
	0x00,0x00,0x00,0x00,0x00,0x00,0x00,0x00,0x00,0x00,0x00,0x08,0x66,0x66,0x66,0x40,0x00,0x00,0x00,0x00,0x00,0x00,0x00,0x00,
	0x00,0x00,0x00,0x00,0x00,0x00,0x00,0x00,0x46,0x66,0x66,0x66,0x60,0x00,0x06,0x66,0x69,0x69,0x99,0x99,0x99,0x99,0x99,0x99,
	0x99,0x99,0x99,0x99,0x99,0x99,0x99,0x99,0x99,0x99,0x99,0x99,0x36,0x69,0x66,0x66,0x40,0x69,0x00,0x93,0x00,0x66,0x60,0x00,
	0x00,0xCA,0x40,0x66,0x60,0x66,0x96,0x08,0x88,0x00,0x90,0x09,0x60,0x06,0x90,0x00,0x66,0x99,0x99,0x99,0x96,0x99,0x99,0x99,
	0x96,0x69,0x96,0x93,0x96,0x99,0x69,0x99,0x66,0x96,0x99,0x99,0x99,0x99,0x93,0x99,0x99,0x99,0x99,0x99,0x99,0x99,0x99,0x99,
	0x99,0x66,0x66,0x66,0x69,0x96,0x66,0x66,0x66,0x66,0x66,0x66,0x66,0x66,0x48,0x80,0x00,0x00,0x00,0x00,0x00,0x00,0x00,0x00,
	0x89,0x99,0x99,0x99,0x00,0x00,0x00,0x00,0x00,0x00,0x69,0x99,0x99,0x99,0x99,0x99,0x99,0x9A,0x00,0x80,0x00,0x00,0x00,0x08,
	0x00,0x00,0x86,0x99,0x39,0x99,0x96,0x00,0x00,0x00,0x00,0xFF,0x60,0x00,0x00,0x00,0x00,0x00,0x00,0x00,0x08,0x66,0x66,0x66,
	0x96,0x96,0x96,0x99,0x69,0xA0,0x69,0x96,0x60,0x00,0x00,0x00,0x00,0x00,0x00,0x0A,0x99,0x99,0x99,0x99,0x99,0x99,0x99,0x99,
	0x99,0x99,0x99,0x99,0x99,0x99,0x69,0x99,0x99,0x99,0x99,0x99,0x99,0x99,0x99,0x99,0x99,0x99,0x99,0x99,0x99,0x99,0x99,0x99,
	0x99,0x99,0x69,0x96,0x99,0x96,0x00,0x00,0x00,0x00,0x00,0x09,0x60,0x00,0x09,0x69,0x69,0x99,0x99,0x66,0x60,0x00,0x00,0x00,
	0x69,0x99,0x00,0x00,0x06,0x99,0x99,0x99,0x98,0x09,0x99,0x99,0x99,0x99,0x99,0x00,0x00,0x69,0x99,0x99,0x00,0x00,0x03,0x99,
	0x90,0x00,0x09,0x96,0x99,0x99,0x90,0x00,0x09,0x99,0x99,0x99,0x99,0x98,0x00,0x00,0x09,0x96,0x99,0x90,0x00,0xFF,0x99,0x99,
	0x60,0x00,0x00,0x96,0x66,0x96,0x93,0x99,0x96,0x00,0x00,0x00,0x00,0x00,0x00,0x00,0x00,0x00,0x00,0x00,0x00,0x00,0x00,0x00,
	0x00,0x00,0x00,0x00,0x00,0x00,0x00,0x00,0x66,0x96,0x66,0x66,0x66,0x96,0x69,0x66,0x66,0x66,0x66,0x96,0x99,0x66,0x69,0x66,
	0x66,0x60,0x00,0x00,0x00,0x00,0x00,0x00,0x00,0x00,0x00,0x00,0x00,0x00,0x00,0x00,0x00,0x00,0x00,0x00,0x00,0x00,0x00,0x00,
	0x00,0x00,0x00,0x00,0x00,0x00,0x00,0x00,0x00,0x00,0x00,0x00,0x84,0x66,0x66,0x66,0x66,0x66,0x80,0x00,0x06,0x66,0x69,0x99,
	0x99,0x99,0x99,0x99,0x99,0x99,0x99,0x99,0x99,0x99,0x99,0x99,0x99,0x99,0x99,0x90,0x00,0x00,0x00,0x00,0x00,0x06,0x40,0x69,
	0x09,0x99,0x00,0x66,0x60,0x00,0x00,0xCA,0x40,0x66,0x90,0x66,0x96,0x08,0x80,0x40,0xA6,0x06,0x60,0x09,0x90,0x40,0x69,0x69,
	0x69,0x99,0x99,0x66,0x69,0x99,0x99,0x96,0x96,0x93,0x96,0x99,0x99,0x99,0x96,0x66,0x99,0x99,0x99,0x99,0x99,0x39,0x99,0x99,
	0x99,0x99,0x99,0x99,0x99,0x99,0x99,0x99,0x99,0x96,0x66,0x66,0x66,0x66,0x66,0x69,0x66,0x66,0x66,0x66,0x80,0x08,0x00,0x08,
	0x00,0x00,0x00,0x00,0x00,0x00,0x09,0x99,0x99,0x98,0x0A,0x00,0x00,0x00,0x00,0x04,0x99,0x99,0x99,0x99,0x99,0x99,0x99,0x99,
	0x80,0x00,0x00,0x00,0x00,0x00,0x00,0x00,0x84,0x69,0x33,0x99,0x96,0x00,0x00,0x00,0x00,0xFF,0x6A,0xA0,0x00,0x00,0x00,0x00,
	0x00,0x00,0x04,0x66,0x69,0x99,0x66,0x66,0x96,0x99,0x96,0x80,0x66,0x99,0xA0,0x00,0x00,0x00,0x00,0x00,0x00,0x00,0x99,0x99,
	0x99,0x99,0x99,0x99,0x99,0x99,0x96,0x69,0x99,0x99,0x99,0x99,0x99,0x96,0x99,0x99,0x99,0x99,0x99,0x99,0x99,0x99,0x99,0x96,
	0x99,0x99,0x99,0x96,0x06,0x99,0x99,0x99,0x99,0x99,0x99,0x69,0x00,0x00,0x00,0x00,0x00,0x66,0x90,0x00,0x04,0x99,0x66,0x69,
	0x99,0x99,0x99,0x80,0x00,0x00,0x06,0x99,0x00,0x00,0x06,0x99,0x99,0x99,0x99,0x99,0x99,0x99,0x99,0x99,0x99,0x00,0x00,0x99,
	0x99,0x99,0x60,0x00,0x06,0x99,0x90,0x00,0x09,0x96,0x99,0x99,0x90,0x00,0x06,0x99,0x99,0x99,0x99,0x96,0x00,0x00,0x09,0x99,
	0x99,0x90,0x00,0xFF,0x99,0x69,0x90,0x00,0x00,0x99,0x99,0x66,0x69,0x99,0x99,0x80,0x00,0x00,0x00,0x00,0x00,0x00,0x00,0x00,
	0x00,0x00,0x00,0x00,0x00,0x00,0x00,0x00,0x00,0x00,0x00,0x00,0x00,0x86,0x96,0x96,0x66,0x66,0x66,0x96,0x66,0x66,0x66,0x66,
	0x66,0x66,0x69,0x99,0x66,0x99,0x66,0x96,0x48,0x00,0x00,0x00,0x00,0x00,0x00,0x00,0x00,0x00,0x00,0x00,0x00,0x00,0x00,0x00,
	0x00,0x00,0x00,0x00,0x00,0x00,0x00,0x00,0x00,0x00,0x00,0x00,0x00,0x00,0x00,0x00,0x84,0x66,0x66,0x66,0x66,0x66,0x66,0x66,
	0x00,0x00,0x06,0x66,0x99,0x99,0x99,0x96,0x69,0x99,0x99,0x99,0x99,0x99,0x99,0x99,0x99,0x99,0x99,0x99,0x33,0x99,0x99,0x99,
	0x99,0x66,0x66,0x66,0x40,0x69,0x09,0x99,0x00,0x66,0x60,0x00,0x00,0xCA,0x40,0x66,0x90,0x66,0x66,0x08,0x60,0x6A,0x0A,0x08,
	0xA0,0x06,0x00,0x60,0x69,0x66,0x66,0x99,0x44,0x44,0x96,0x99,0x99,0x99,0x96,0x69,0x99,0x99,0x96,0x66,0x96,0x66,0x99,0x99,
	0x99,0x99,0x99,0x99,0x99,0x99,0x99,0x99,0x99,0x99,0x99,0x99,0x99,0x99,0x99,0x99,0x99,0x69,0x96,0x66,0x66,0x66,0x99,0x96,
	0x66,0x64,0x40,0x00,0x00,0x80,0x00,0x00,0x00,0x00,0x00,0x00,0x06,0x99,0x99,0xA0,0x00,0x00,0x00,0x00,0x00,0x06,0x99,0x66,
	0x69,0x99,0x99,0x99,0x99,0x99,0x98,0x00,0x00,0x00,0x00,0x00,0x00,0x00,0x00,0x49,0x39,0x99,0x96,0x00,0x00,0x00,0x00,0xFF,
	0x66,0xA0,0x00,0x00,0x00,0x00,0x00,0x0A,0x46,0x66,0x99,0x99,0x99,0x96,0x66,0x69,0x99,0xA0,0x49,0x99,0xA0,0x00,0x00,0x00,
	0x00,0x00,0x00,0x08,0x99,0x99,0x99,0x99,0x99,0x99,0x99,0x99,0x99,0x99,0x99,0x99,0x99,0x99,0x99,0x99,0x99,0x99,0x99,0x99,
	0x99,0x99,0x99,0x99,0x99,0x99,0x99,0x99,0x99,0x96,0x0A,0x99,0x99,0x99,0x99,0x99,0x69,0x99,0x90,0x00,0x00,0x00,0xA6,0x66,
	0x90,0x00,0x00,0x99,0x96,0x99,0x69,0x99,0x99,0x99,0x00,0x00,0x00,0x06,0x40,0x00,0x00,0x99,0x99,0x99,0x69,0x99,0x99,0x99,
	0x99,0x99,0x99,0x00,0x00,0x99,0x99,0x99,0x60,0x00,0x00,0x99,0x90,0x00,0x09,0x96,0x99,0x99,0x90,0x00,0x09,0x99,0x99,0x99,
	0x99,0x99,0x00,0x00,0x09,0x66,0x99,0x90,0x00,0xFF,0x99,0x99,0x96,0x00,0x00,0x69,0x66,0x66,0x66,0x39,0x99,0x60,0x00,0x00,
	0x00,0x00,0x00,0x00,0x00,0x00,0x00,0x00,0x00,0x00,0x00,0x00,0x00,0x00,0x00,0x00,0x00,0x00,0x08,0x46,0x66,0x66,0x66,0x66,
	0x66,0x66,0x66,0x69,0x69,0x96,0x66,0x66,0x66,0x69,0x96,0x66,0x96,0x66,0x69,0x9A,0x00,0x00,0x00,0x00,0x00,0x00,0x00,0x00,
	0x00,0x00,0x00,0x00,0x00,0x00,0x00,0x00,0x00,0x00,0x00,0x00,0x00,0x00,0x00,0x00,0x00,0x00,0x00,0xA4,0x69,0x34,0x66,0x66,
	0x66,0x66,0x66,0x66,0x66,0x66,0x00,0x00,0x06,0x66,0x99,0x99,0x99,0x99,0x99,0x99,0x99,0x99,0x99,0x99,0x99,0x99,0x99,0x99,
	0x99,0x99,0x99,0x99,0x99,0x99,0x93,0x96,0x66,0x96,0x40,0x66,0x09,0x99,0x00,0x69,0x60,0x00,0x00,0xCA,0x40,0x96,0x60,0xA6,
	0x69,0x06,0x90,0x46,0xA0,0x00,0x88,0x09,0x06,0x60,0x00,0x00,0x00,0x00,0x8A,0xA4,0x69,0x99,0x99,0x99,0x96,0x69,0x99,0x69,
	0x99,0x96,0x69,0x66,0x99,0x39,0x99,0x99,0x99,0x99,0x99,0x99,0x99,0x99,0x99,0x99,0x99,0x99,0x99,0x99,0x99,0x99,0x99,0x99,
	0x99,0x99,0x96,0x66,0x66,0x66,0x66,0x68,0x00,0x00,0x00,0x00,0x00,0x00,0x00,0x00,0x00,0x00,0x06,0x66,0x96,0x00,0x00,0x00,
	0x00,0x00,0x00,0x69,0x99,0x93,0x66,0x99,0x99,0x99,0x99,0x99,0x99,0xA0,0x00,0x00,0x00,0x00,0x00,0x00,0x00,0x0A,0x49,0x99,
	0x96,0x00,0x00,0x00,0x00,0xFF,0x66,0x6A,0x08,0x00,0x00,0x00,0x00,0xA4,0x66,0x66,0x66,0x66,0x99,0x96,0x66,0x96,0x69,0x00,
	0x69,0x66,0xA0,0x00,0x00,0x00,0x00,0x00,0x00,0x00,0x99,0x99,0x99,0x99,0x99,0x99,0x96,0x99,0x99,0x99,0x99,0x99,0x99,0x96,
	0x99,0x99,0x99,0x96,0x99,0x99,0x99,0x99,0x99,0x99,0x99,0x99,0x99,0x99,0x99,0x96,0x00,0x99,0x99,0x99,0x99,0x66,0x66,0x96,
	0x99,0x00,0x00,0x89,0x99,0x69,0x90,0x00,0x00,0x69,0x66,0x99,0x96,0x96,0x66,0x99,0x6A,0x00,0x00,0x00,0x60,0x00,0x00,0x99,
	0x49,0x90,0x06,0x99,0x99,0x96,0x69,0x66,0x96,0x00,0x0A,0x99,0x99,0x99,0x60,0x00,0x00,0x99,0x90,0x00,0x06,0x96,0x99,0x99,
	0x90,0x00,0x09,0x99,0x99,0x99,0x99,0x99,0x00,0x00,0x09,0x69,0x08,0x80,0x00,0xFF,0x06,0x99,0x99,0x00,0x00,0x66,0x99,0x66,
	0x66,0x99,0x99,0x90,0x00,0x00,0x00,0x08,0x96,0x99,0x94,0xAA,0x00,0x08,0x80,0x00,0x00,0x00,0x0A,0x00,0x00,0x00,0x00,0x0A,
	0x86,0x99,0x69,0x69,0x66,0x66,0x66,0x66,0x66,0x66,0x66,0x69,0x66,0x66,0x96,0x99,0x66,0x66,0x69,0x66,0x66,0x60,0x00,0x04,
	0x00,0x00,0x00,0x00,0x00,0x00,0x00,0x00,0x00,0x00,0x00,0x00,0x00,0x00,0x00,0x00,0x00,0x00,0x00,0x00,0x00,0x8A,0x44,0x66,
	0x66,0x99,0x96,0x96,0x66,0x66,0x66,0x66,0x66,0x66,0x66,0x66,0x00,0x00,0x04,0x69,0x99,0x99,0x99,0x69,0x99,0x99,0x96,0x99,
	0x99,0x99,0x99,0x93,0x39,0x99,0x99,0x39,0x99,0x99,0x99,0x99,0x99,0x96,0x66,0x66,0x40,0x66,0x09,0x93,0x00,0x69,0x60,0x00,
	0x00,0xCA,0x40,0x66,0x60,0x09,0x69,0x06,0x60,0x09,0x96,0x00,0x00,0x09,0x06,0x60,0x0A,0x89,0x69,0x99,0x99,0x99,0x99,0x96,
	0x99,0x69,0x99,0x69,0x99,0x99,0x96,0x69,0x66,0x66,0x39,0x99,0x99,0x93,0x99,0x99,0x99,0x99,0x99,0x99,0x99,0x99,0x99,0x99,
	0x99,0x99,0x99,0x99,0x99,0x99,0x99,0x99,0x99,0x99,0x96,0x69,0x96,0x68,0x00,0x00,0x00,0x00,0x00,0x00,0x00,0x00,0x00,0x00,
	0x06,0x99,0x94,0x00,0x00,0x00,0x00,0x00,0x0A,0x99,0x93,0x99,0x66,0x99,0x99,0x99,0x99,0x99,0x99,0x60,0x00,0x80,0x00,0x00,
	0x00,0x00,0x00,0x00,0xA6,0x99,0x96,0x00,0x00,0x00,0x00,0xFF,0x66,0x66,0xA8,0x80,0x00,0x08,0xA4,0x46,0x66,0x66,0x96,0x69,
	0x99,0x99,0x99,0x99,0x69,0xA0,0x69,0x96,0x00,0x00,0x00,0x00,0x00,0x00,0x00,0x00,0x69,0x99,0x99,0x99,0x99,0x99,0x99,0x69,
	0x99,0x99,0x99,0x99,0x99,0x99,0x99,0x99,0x96,0x96,0x66,0x99,0x99,0x99,0x99,0x99,0x99,0x99,0x99,0x99,0x69,0x96,0x00,0x99,
	0x96,0x69,0x99,0x96,0x69,0x99,0x99,0x99,0x99,0x99,0x69,0x66,0x96,0x00,0x00,0x09,0x99,0x99,0x99,0x99,0x99,0x66,0x66,0xA0,
	0x00,0x00,0x00,0x00,0x00,0x66,0x00,0x00,0x00,0x99,0x96,0x99,0x99,0x99,0x9A,0x00,0x06,0x99,0x99,0x69,0x96,0x00,0x00,0x69,
	0x90,0x00,0x06,0x99,0x99,0x99,0x90,0x00,0x06,0x99,0x99,0x99,0x99,0x99,0x00,0x00,0x09,0x60,0x00,0x00,0x00,0xFF,0x00,0x99,
	0x66,0x00,0x00,0x99,0x96,0x66,0x66,0x99,0x99,0x96,0x00,0x00,0x00,0x00,0x49,0x99,0x96,0x66,0x96,0x96,0x66,0x66,0x69,0x69,
	0x66,0x66,0x96,0x46,0x66,0x66,0x66,0x66,0x66,0x66,0x66,0x69,0x66,0x69,0x66,0x96,0x66,0x99,0x66,0x66,0x96,0x69,0x96,0x66,
	0x66,0x96,0x66,0xA0,0x00,0x09,0x66,0x64,0xA0,0x00,0x00,0x00,0x00,0x00,0x00,0x00,0x00,0x00,0x00,0x00,0x00,0x00,0x08,0x44,
	0x66,0x66,0x66,0x66,0x66,0x46,0x66,0x96,0x99,0x66,0x66,0x46,0x66,0x46,0x66,0x96,0x66,0x66,0x80,0x00,0x0A,0x99,0x69,0x99,
	0x69,0x99,0x99,0x99,0x99,0x99,0x99,0x99,0x99,0x99,0x69,0x99,0x99,0x99,0x99,0x99,0x99,0x99,0x99,0x00,0x88,0x66,0x40,0x96,
	0x09,0x99,0xA0,0x69,0x6A,0x00,0x00,0xCA,0x40,0x66,0x60,0x09,0x96,0x06,0x90,0x06,0x96,0x60,0x86,0x00,0x09,0x69,0x66,0x99,
	0x69,0x96,0x99,0x99,0x99,0x96,0x99,0x99,0x96,0x66,0x99,0x96,0x99,0x69,0x66,0x66,0x39,0x99,0x99,0x99,0x99,0x99,0x99,0x99,
	0x99,0x99,0x99,0x99,0x99,0x99,0x99,0x99,0x99,0x99,0x99,0x99,0x99,0x99,0x99,0x99,0x99,0x99,0x96,0x68,0x00,0x08,0x80,0x00,
	0x00,0x00,0x00,0x00,0x00,0x00,0x09,0x99,0x60,0x00,0x00,0x00,0x00,0x00,0x09,0x99,0x33,0x93,0x96,0x99,0x99,0x99,0x99,0x99,
	0x99,0x96,0x00,0x00,0x00,0x00,0x00,0x00,0x00,0x00,0x0A,0x69,0x96,0x00,0x00,0x00,0x00,0xFF,0x66,0x66,0x66,0x46,0x64,0x46,
	0x66,0x66,0x69,0x66,0x99,0x69,0x99,0x99,0x69,0x99,0x99,0x80,0x66,0x66,0x00,0x00,0x00,0x00,0x00,0x00,0x00,0x08,0x69,0x99,
	0x99,0x69,0x99,0x99,0x99,0x99,0x99,0x99,0x99,0x99,0x99,0x99,0x99,0x99,0x99,0x99,0x96,0x99,0x99,0x99,0x99,0x99,0x99,0x99,
	0x99,0x99,0x99,0x66,0x08,0x99,0x99,0x99,0x99,0x99,0x96,0x96,0x99,0x69,0x99,0x99,0x99,0x99,0x66,0x60,0x00,0x04,0x99,0x99,
	0x99,0x99,0x99,0x99,0x66,0x99,0x00,0x00,0x00,0x00,0x00,0x00,0x00,0x00,0x00,0x04,0x99,0x99,0x99,0x99,0x60,0x00,0x09,0x99,
	0x99,0x99,0x69,0xA0,0x00,0x09,0x90,0x00,0x00,0x99,0x99,0x99,0x90,0x00,0x06,0x99,0x99,0x99,0x99,0x99,0x00,0x00,0x06,0x00,
	0x00,0x00,0x00,0xFF,0x09,0x66,0x98,0x00,0x00,0x69,0x66,0x66,0x69,0x96,0x66,0x69,0x90,0x0A,0x00,0x00,0x0A,0x99,0x99,0x99,
	0x66,0x66,0x99,0x96,0x66,0x96,0x66,0x99,0x96,0x99,0x96,0x66,0x66,0x66,0x66,0x66,0x66,0x66,0x96,0x66,0x99,0x99,0x96,0x99,
	0x66,0x69,0x96,0x69,0x96,0x66,0x66,0x66,0x69,0x00,0x00,0x06,0x66,0x66,0x66,0x96,0x96,0x66,0x64,0x40,0x00,0x00,0x00,0x00,
	0x09,0x00,0x00,0x66,0x99,0x96,0x69,0x96,0x66,0x66,0x66,0x66,0x69,0x99,0x69,0x96,0x66,0x64,0x66,0x66,0x66,0x66,0x96,0x66,
	0x00,0x00,0x08,0x69,0x99,0x99,0xA0,0x06,0x99,0x99,0x99,0x99,0x99,0x99,0x99,0x93,0x99,0x99,0x99,0x99,0x99,0x99,0x99,0x99,
	0x99,0x99,0x00,0x00,0x00,0x00,0x00,0x00,0x00,0x99,0x6A,0x00,0x00,0xCA,0x40,0x96,0x90,0x04,0x00,0x00,0x00,0x06,0x90,0x09,
	0x6A,0x00,0x0A,0x66,0x69,0x99,0x99,0x99,0x99,0x99,0x99,0x96,0x99,0x99,0x99,0x96,0x69,0x66,0x99,0x99,0x96,0x66,0x99,0x39,
	0x99,0x99,0x99,0x99,0x99,0x99,0x99,0x99,0x99,0x99,0x99,0x99,0x99,0x99,0x99,0x99,0x99,0x99,0x99,0x99,0x99,0x99,0x99,0x99,
	0x99,0x48,0x00,0x00,0x00,0x00,0x00,0x00,0x00,0x00,0x00,0x00,0x09,0x99,0x88,0x00,0x00,0x00,0x08,0x00,0x69,0x99,0x33,0x99,
	0x99,0x99,0x99,0x99,0x99,0x99,0x99,0x99,0x6A,0x00,0x00,0x00,0x00,0x00,0x00,0x00,0x00,0x88,0x96,0x00,0x00,0x00,0x00,0xFF,
	0x66,0x66,0x66,0x66,0x66,0x66,0x66,0x66,0x99,0x69,0x69,0x69,0x99,0x66,0x66,0x99,0x66,0x80,0x66,0x64,0x00,0x00,0x00,0x00,
	0x00,0x00,0x00,0x00,0x66,0x69,0x69,0x99,0x99,0x69,0x99,0x99,0x99,0x99,0x99,0x99,0x99,0x99,0x99,0x99,0x99,0x99,0x99,0x99,
	0x99,0x99,0x99,0x99,0x99,0x99,0x99,0x99,0x99,0x96,0x04,0x99,0x99,0x99,0x99,0x99,0x96,0x69,0x99,0x69,0x96,0x99,0x66,0x96,
	0x96,0x90,0x00,0x00,0x69,0x99,0x99,0x99,0x99,0x99,0x99,0x99,0x90,0x00,0x00,0x00,0x00,0x00,0x00,0x00,0x00,0x00,0x99,0x99,
	0x99,0x99,0x80,0x00,0x09,0x96,0x99,0x99,0x99,0x60,0x00,0x04,0x90,0x00,0x00,0x99,0x99,0x99,0x90,0x00,0x0A,0x99,0x99,0x99,
	0x96,0x99,0x00,0x00,0x09,0x00,0x00,0x00,0x00,0xFF,0x69,0x99,0x90,0x00,0x06,0x69,0x96,0x99,0x66,0x99,0x90,0x09,0x96,0x00,
	0x00,0x00,0x00,0x99,0x99,0x99,0x99,0x66,0x66,0x66,0x96,0x96,0x66,0x99,0x96,0x99,0x96,0x66,0x96,0x66,0x69,0x66,0x66,0x66,
	0x69,0x66,0x66,0x99,0x96,0x69,0x99,0x69,0x99,0x99,0x96,0x66,0x66,0x66,0x69,0x00,0x00,0x06,0x96,0x69,0x99,0x96,0x64,0x00,
	0x00,0x00,0x00,0x00,0x00,0x00,0x00,0x00,0x0A,0x66,0x99,0x96,0x66,0x69,0x99,0x66,0x66,0x66,0x96,0x69,0x69,0x66,0x66,0x66,
	0x66,0x66,0x66,0x66,0x66,0x66,0x80,0x00,0x08,0x96,0x99,0x99,0x00,0x00,0x49,0x99,0x99,0x99,0x99,0x99,0x99,0x99,0x99,0x99,
	0x99,0x99,0x99,0x99,0x99,0x99,0x99,0x99,0x66,0x96,0x60,0x64,0x09,0x99,0x90,0x99,0x6A,0x00,0x00,0xCA,0x40,0x66,0x90,0x0A,
	0x99,0x09,0x96,0x04,0x90,0x06,0x90,0x00,0x00,0x00,0x00,0x86,0x99,0x99,0x99,0x96,0x99,0x96,0x66,0x96,0x66,0x69,0x99,0x96,
	0x99,0x99,0x66,0x69,0x69,0x33,0x99,0x99,0x99,0x99,0x99,0x99,0x99,0x99,0x99,0x99,0x99,0x99,0x99,0x99,0x99,0x99,0x99,0x99,
	0x99,0x93,0x99,0x93,0x99,0x99,0x96,0x60,0x00,0x00,0x00,0x00,0x00,0x00,0x00,0x00,0x00,0x00,0x09,0x96,0x00,0x00,0x00,0x00,
	0x00,0x00,0x99,0x99,0x33,0x99,0x99,0x99,0x99,0x99,0x99,0x99,0x99,0x99,0x96,0x00,0x00,0x00,0x00,0x00,0x00,0x00,0x00,0x00,
	0x46,0x00,0x00,0x00,0x00,0xFF,0x66,0x66,0x69,0x66,0x66,0x66,0x66,0x66,0x66,0x69,0x66,0x66,0x69,0x99,0x69,0x99,0x99,0x80,
	0x46,0x6A,0x00,0x00,0x00,0x00,0x00,0x00,0x00,0x00,0x46,0x66,0x99,0x69,0x99,0x99,0x99,0x99,0x99,0x99,0x99,0x99,0x99,0x99,
	0x99,0x99,0x99,0x99,0x99,0x99,0x99,0x99,0x99,0x99,0x99,0x99,0x99,0x99,0x99,0x96,0x00,0x99,0x99,0x99,0x99,0x99,0x99,0x96,
	0x66,0x66,0x99,0x99,0x69,0x99,0x96,0x99,0x00,0x00,0x06,0x99,0x99,0x99,0x99,0x99,0x99,0x99,0x99,0x90,0x00,0x00,0x00,0x00,
	0x00,0x00,0x00,0x69,0x99,0x99,0x99,0x99,0x00,0x00,0x99,0x99,0x99,0x99,0x96,0x00,0x00,0x00,0x90,0x00,0x00,0x69,0x99,0x99,
	0x90,0x00,0x00,0x99,0x66,0x96,0x96,0x69,0x00,0x00,0x09,0x9A,0xAA,0x60,0x00,0xFF,0x99,0x99,0x60,0x00,0x86,0x66,0x99,0x66,
	0x99,0x66,0x60,0x09,0x99,0x00,0x00,0x00,0x00,0x06,0x99,0x99,0x99,0x69,0x69,0x66,0x66,0x96,0x69,0x99,0x99,0x99,0x96,0x66,
	0x66,0x66,0x66,0x66,0x66,0x66,0x66,0x96,0x66,0x69,0x66,0x66,0x96,0x66,0x66,0x66,0x99,0x99,0x99,0x99,0x99,0x00,0x00,0xA9,
	0x00,0x00,0x00,0x00,0x00,0x00,0x00,0x00,0x00,0x00,0x00,0x00,0x60,0x00,0x04,0x96,0x69,0x60,0x00,0x69,0x66,0x66,0x66,0x66,
	0x60,0x04,0x99,0x96,0x66,0x66,0x66,0x66,0x66,0x66,0x66,0x66,0xA0,0x00,0x00,0x96,0x99,0x90,0x00,0x00,0x00,0x0A,0x69,0x99,
	0x39,0x99,0x99,0x99,0x99,0x99,0x99,0x99,0x99,0x99,0x99,0x99,0x99,0x99,0x99,0x66,0x60,0x86,0x09,0x99,0x90,0x69,0x9A,0x00,
	0x00,0xCA,0x60,0x8A,0x40,0x09,0x99,0x09,0x99,0x00,0x90,0xA9,0x99,0x40,0x99,0x99,0x99,0xA0,0x49,0x99,0x99,0x99,0x99,0x99,
	0x99,0x99,0x99,0x99,0x99,0x96,0x99,0x96,0x96,0x99,0x69,0x93,0x99,0x99,0x99,0x99,0x99,0x93,0x99,0x99,0x99,0x99,0x99,0x99,
	0x93,0x99,0x99,0x99,0x99,0x99,0x99,0x99,0x99,0x99,0x99,0x99,0x96,0x00,0x00,0x00,0x00,0x00,0x08,0x00,0x00,0x00,0x00,0x00,
	0x09,0x60,0x08,0x00,0x00,0x00,0x00,0x09,0x99,0x99,0x99,0x99,0x99,0x99,0x99,0x99,0x99,0x99,0x99,0x99,0x99,0xA0,0x00,0x00,
	0x00,0x00,0x00,0x00,0x00,0x00,0x06,0x00,0x00,0x00,0x00,0xFF,0x66,0x69,0x66,0x66,0x66,0x66,0x66,0x66,0x66,0x66,0x66,0x66,
	0x69,0x99,0x96,0x99,0x66,0xA0,0x46,0x40,0x00,0x00,0x00,0x00,0x00,0x00,0x00,0x00,0xA6,0x66,0x96,0x69,0x99,0x99,0x99,0x99,
	0x99,0x99,0x99,0x99,0x99,0x99,0x99,0x99,0x99,0x99,0x99,0x99,0x99,0x99,0x99,0x99,0x99,0x99,0x99,0x99,0x99,0x96,0x08,0x99,
	0x99,0x99,0x99,0x99,0x99,0x66,0x66,0x69,0x99,0x96,0x66,0x99,0x99,0x99,0xA0,0x00,0x00,0x89,0x69,0x69,0x69,0x99,0x96,0x99,
	0x69,0x99,0x80,0x00,0x00,0x00,0x06,0x00,0x00,0x66,0x99,0x99,0x69,0x94,0x00,0x06,0x99,0x99,0x66,0x99,0x90,0x00,0x00,0x00,
	0x66,0x00,0x00,0x69,0x99,0x99,0x9A,0x00,0x06,0x99,0x99,0x99,0x99,0x69,0x00,0x00,0x09,0x96,0x66,0x60,0x00,0xFF,0x69,0x66,
	0x00,0x00,0x96,0x69,0x33,0x96,0x93,0x96,0x60,0x09,0x99,0x90,0x00,0x00,0x00,0x00,0x69,0x99,0x99,0x99,0x99,0x99,0x96,0x99,
	0x69,0x96,0x99,0x99,0x96,0x66,0x66,0x66,0x66,0x96,0x66,0x99,0x69,0x96,0x66,0x66,0x66,0x66,0x69,0x66,0x66,0x66,0x66,0x96,
	0x99,0x69,0x99,0x00,0x00,0x86,0x00,0x00,0x00,0x00,0x00,0x00,0x00,0x00,0x00,0x00,0x00,0x00,0x90,0x00,0x06,0x96,0x66,0x60,
	0x00,0x06,0x66,0x96,0x66,0x66,0x00,0x00,0x06,0x96,0x66,0x66,0x66,0x66,0x66,0x66,0x66,0x06,0x60,0x00,0x00,0x99,0x99,0x90,
	0x00,0x00,0x00,0x00,0x00,0x00,0x00,0x00,0x00,0x99,0x99,0x69,0x99,0x93,0x99,0x99,0x99,0x99,0x93,0x39,0x99,0x66,0x60,0x88,
	0x09,0x39,0x90,0x69,0x9A,0x00,0x00,0xCA,0x66,0x80,0x00,0x00,0x00,0x04,0x99,0x80,0x90,0xA9,0x99,0x40,0x96,0x96,0x96,0x00,
	0x69,0x99,0x69,0x99,0x99,0x99,0x99,0x99,0x99,0x99,0x99,0x99,0x99,0x69,0x66,0x69,0x69,0x93,0x39,0x99,0x99,0x99,0x99,0x93,
	0x99,0x99,0x99,0x99,0x99,0x99,0x99,0x99,0x99,0x99,0x99,0x99,0x99,0x99,0x99,0x99,0x99,0x99,0x94,0x00,0x08,0x00,0x00,0x00,
	0x00,0x00,0x00,0x00,0x08,0x00,0x09,0xA0,0x00,0x00,0x00,0x00,0x00,0x69,0x99,0x99,0x99,0x99,0x99,0x99,0x99,0x99,0x99,0x99,
	0x99,0x99,0x99,0x9A,0x00,0x00,0x00,0x00,0x00,0x00,0x00,0x00,0x06,0x00,0x00,0x00,0x00,0xFF,0x99,0x66,0x96,0x66,0x66,0x66,
	0x66,0x66,0x66,0x69,0x96,0x66,0x66,0x99,0x66,0x99,0x96,0x00,0x46,0xA0,0x00,0x00,0x00,0x00,0x00,0x00,0x00,0x00,0xA6,0x66,
	0x66,0x69,0x99,0x99,0x99,0x99,0x99,0x99,0x99,0x99,0x99,0x99,0x99,0x99,0x96,0x96,0x99,0x99,0x99,0x69,0x99,0x99,0x99,0x99,
	0x99,0x99,0x99,0x96,0x00,0x99,0x99,0x99,0x99,0x99,0x99,0x99,0x99,0x99,0x69,0x99,0x99,0x99,0x99,0x66,0x64,0x00,0x00,0x00,
	0x69,0x99,0x99,0x99,0x99,0x99,0x99,0x99,0x68,0x00,0x00,0x00,0x69,0x00,0x00,0x49,0x99,0x66,0x99,0x90,0x00,0x09,0x99,0x66,
	0x66,0x69,0xA0,0x00,0x00,0x00,0x09,0x00,0x00,0x49,0x99,0x96,0x96,0x00,0x69,0x99,0x99,0x99,0x96,0x96,0x00,0x00,0x09,0x99,
	0x99,0x90,0x00,0xFF,0x99,0x60,0x00,0x09,0x99,0x99,0x99,0x99,0x99,0x99,0x60,0x09,0x99,0x69,0x00,0x00,0x00,0x00,0x09,0x99,
	0x99,0x99,0x69,0x99,0x66,0x66,0x69,0x96,0x69,0x96,0x99,0x99,0x69,0x69,0x99,0x96,0x66,0x66,0x69,0x66,0x66,0x66,0x96,0x66,
	0xA4,0x66,0x66,0x66,0x96,0x66,0x66,0x66,0x66,0x00,0x00,0xA0,0x00,0x00,0x00,0x00,0x00,0x00,0x00,0x00,0x00,0x00,0x00,0x00,
	0x60,0x00,0x09,0x99,0x69,0x00,0x00,0x00,0x99,0x99,0x99,0x98,0x00,0x00,0x00,0xA6,0x66,0x66,0x66,0x66,0x66,0x66,0x60,0x00,
	0x60,0x00,0x00,0x99,0x99,0x96,0x00,0x00,0x00,0x00,0x00,0x00,0x00,0x00,0x00,0x09,0x33,0x99,0x93,0x39,0x99,0x93,0x99,0x33,
	0x99,0x99,0x99,0x96,0x60,0x86,0x09,0x39,0x90,0x99,0x60,0x00,0x00,0xCA,0x66,0x66,0x64,0x09,0x99,0x09,0x99,0x60,0x90,0xA9,
	0x96,0x90,0x96,0x94,0x00,0x0A,0x99,0x96,0x96,0x69,0x66,0x69,0x99,0x99,0x69,0x99,0x69,0x99,0x99,0x99,0x63,0x66,0x99,0x99,
	0x93,0x99,0x39,0x99,0x99,0x99,0x99,0x99,0x99,0x99,0x99,0x99,0x99,0x99,0x99,0x99,0x99,0x99,0x99,0x99,0x99,0x99,0x99,0x99,
	0x90,0x00,0x00,0x00,0x00,0x00,0x00,0x00,0x00,0x00,0x00,0x00,0x09,0x80,0x00,0x00,0x00,0x00,0x00,0x69,0x99,0x99,0x99,0x99,
	0x99,0x99,0x99,0x99,0x99,0x99,0x99,0x99,0x99,0x96,0x00,0x00,0x00,0x00,0x00,0x00,0x00,0x00,0x06,0x00,0x00,0x00,0x00,0xFF,
	0x66,0x66,0x66,0x66,0x96,0x66,0x66,0x69,0x66,0x66,0x96,0x99,0x96,0x99,0x66,0x96,0x69,0xA0,0xA6,0x40,0x00,0x00,0x00,0x00,
	0x00,0x00,0x00,0x00,0x06,0x69,0x99,0x99,0x99,0x96,0x96,0x66,0x99,0x99,0x99,0x99,0x99,0x99,0x99,0x99,0x99,0x99,0x66,0x99,
	0x99,0x66,0x99,0x99,0x99,0x99,0x99,0x99,0x99,0x94,0x06,0x99,0x99,0x99,0x99,0x99,0x99,0x96,0x66,0x99,0x99,0x99,0x69,0x99,
	0x99,0x99,0x66,0xA0,0x00,0x00,0x00,0x00,0x06,0x69,0x69,0x48,0x00,0x00,0x00,0x00,0x00,0x00,0x09,0x00,0x00,0x06,0x66,0x96,
	0x66,0x00,0x00,0x66,0x66,0x99,0x96,0x66,0x00,0x00,0x00,0x00,0x09,0x80,0x00,0x09,0x99,0x99,0x99,0x69,0x99,0x99,0x99,0x99,
	0x99,0x96,0x00,0x00,0x00,0x99,0x99,0x60,0x00,0xFF,0x00,0x00,0x0A,0x99,0x96,0x66,0x66,0x96,0x99,0x99,0x90,0x09,0x99,0x99,
	0x90,0x00,0x00,0x00,0x08,0x99,0x99,0x66,0x99,0x66,0x66,0x69,0x66,0x99,0x99,0x99,0x99,0x99,0x99,0x99,0x99,0x99,0x66,0x99,
	0x66,0x99,0x96,0x66,0x66,0x60,0x00,0x00,0x00,0x00,0x00,0x88,0xA6,0x66,0x66,0x00,0x00,0x00,0x00,0x00,0x00,0x00,0x00,0x00,
	0x00,0x86,0x66,0x90,0x00,0x0A,0x40,0x00,0x09,0x99,0x96,0x00,0x00,0x00,0x09,0x99,0x99,0x90,0x00,0x00,0x00,0x00,0x00,0x8A,
	0xA6,0x6A,0x66,0xA8,0x00,0x00,0x00,0x00,0x00,0x66,0x96,0x99,0x96,0x00,0x00,0x00,0x00,0x00,0x00,0x00,0x00,0x09,0x99,0x99,
	0x99,0x99,0x69,0x99,0x99,0x93,0x99,0x99,0x39,0x64,0x66,0x66,0x96,0x99,0x96,0x99,0x90,0x00,0x00,0xCA,0x66,0x66,0x94,0x09,
	0x93,0x09,0x99,0x90,0x60,0x46,0x99,0x66,0x00,0x00,0xA9,0x96,0x99,0x96,0x99,0x69,0x99,0x66,0x96,0x99,0x96,0x99,0x66,0x69,
	0x66,0x96,0x93,0x96,0x69,0x93,0x99,0x36,0xA6,0xA8,0x66,0x99,0x39,0x99,0x99,0x99,0x99,0x99,0x99,0x99,0x99,0x99,0x99,0x99,
	0x99,0x99,0x99,0x99,0x99,0x99,0x00,0x00,0x00,0x00,0x00,0x00,0x00,0x00,0x00,0x00,0x00,0x00,0x80,0x00,0x00,0x00,0x00,0x00,
	0x04,0x99,0x99,0x99,0x99,0x99,0x99,0x99,0x99,0x99,0x99,0x99,0x99,0x99,0x99,0x99,0x60,0x00,0x00,0x00,0x00,0x00,0x00,0x00,
	0x06,0x00,0x00,0x00,0x00,0xFF,0x66,0x66,0x66,0x66,0x99,0x66,0x66,0x96,0x69,0x69,0x66,0x99,0x99,0x99,0x99,0x96,0x96,0x40,
	0xA6,0xA0,0x00,0x00,0x00,0x00,0x00,0x00,0x00,0x00,0x84,0x69,0x99,0x99,0x96,0x99,0x99,0x96,0x69,0x99,0x99,0x69,0x99,0x99,
	0x99,0x99,0x99,0x99,0x99,0x99,0x99,0x99,0x99,0x99,0x99,0x99,0x99,0x99,0x99,0x96,0x0A,0x99,0x99,0x99,0x99,0x99,0x99,0x66,
	0x96,0x99,0x99,0x99,0x69,0x99,0x99,0x99,0x99,0x9A,0x00,0x00,0x00,0x00,0x00,0x00,0x00,0x00,0x00,0x00,0x00,0x00,0x00,0x00,
	0x06,0x60,0x00,0x00,0x99,0x99,0x90,0x00,0x06,0x69,0x69,0x99,0x66,0x96,0x00,0x00,0x60,0x00,0x06,0x90,0x00,0x0A,0x99,0x99,
	0x99,0x99,0x99,0x99,0x99,0x99,0x99,0x90,0x00,0x00,0x00,0x00,0x00,0x00,0x00,0xFF,0x00,0x00,0x09,0x99,0x99,0x99,0x99,0x96,
	0x66,0x66,0x60,0x09,0x99,0x99,0x94,0x00,0x00,0x00,0x00,0x89,0x99,0x66,0x66,0x96,0x99,0x99,0x96,0x66,0x66,0x66,0x66,0x96,
	0x69,0x99,0x99,0x99,0x96,0x99,0x66,0x66,0x66,0x66,0x66,0x60,0x00,0x00,0x00,0x00,0x00,0x00,0x00,0x00,0x0A,0x00,0x00,0x40,
	0x00,0x00,0x00,0x00,0x08,0xA6,0x66,0x66,0x66,0x90,0x00,0x06,0x80,0x00,0x06,0x99,0x99,0x00,0x00,0x00,0x00,0x99,0x99,0x96,
	0x00,0x00,0x00,0x00,0x00,0x00,0x00,0x00,0x00,0x00,0x00,0x00,0x00,0x00,0x00,0x69,0x66,0x96,0x09,0x98,0x00,0x00,0x00,0x00,
	0x00,0x00,0x00,0x99,0x99,0x99,0x99,0x99,0x99,0x99,0x99,0x93,0x99,0x99,0x96,0x00,0x00,0x00,0x03,0x96,0x93,0x69,0x90,0x00,
	0x00,0xCA,0x66,0x66,0x66,0x09,0x99,0x09,0x99,0x90,0x60,0x49,0x60,0x00,0x8A,0x66,0x69,0x99,0x99,0x99,0x99,0x99,0x69,0x99,
	0x96,0x99,0x99,0x99,0x99,0x66,0x66,0x66,0x69,0x99,0x69,0x93,0x36,0xA4,0x08,0x88,0x06,0x99,0x99,0x99,0x99,0x99,0x99,0x99,
	0x99,0x39,0x99,0x99,0x99,0x99,0x99,0x99,0x99,0x99,0x99,0x96,0x80,0xA0,0x00,0x00,0x00,0x00,0x00,0x00,0x00,0x00,0x00,0x00,
	0x00,0x00,0x00,0x00,0x00,0x00,0x09,0x99,0x99,0x99,0x99,0x99,0x99,0x99,0x99,0x99,0x99,0x99,0x99,0x99,0x99,0x99,0x99,0x00,
	0x00,0xA0,0x00,0x00,0x00,0x00,0x06,0x00,0x00,0x00,0x00,0xFF,0x66,0x66,0x99,0x66,0x66,0x66,0x99,0x96,0x99,0x99,0x99,0x99,
	0x99,0x66,0x96,0x69,0x99,0x80,0x44,0xA0,0x00,0x00,0x00,0x00,0x00,0x00,0x00,0x00,0x04,0x66,0x99,0x99,0x96,0x69,0x99,0x99,
	0x69,0x96,0x99,0x69,0x99,0x99,0x99,0x99,0x99,0x99,0x99,0x99,0x99,0x99,0x96,0x69,0x99,0x99,0x99,0x99,0x99,0x96,0x0A,0x99,
	0x99,0x99,0x99,0x99,0x99,0x99,0x99,0x99,0x99,0x99,0x99,0x99,0x69,0x99,0x99,0x99,0x60,0x00,0x00,0x00,0x00,0x00,0x00,0x00,
	0x00,0x00,0x00,0x0A,0x90,0x00,0x00,0x90,0x00,0x00,0x0A,0x6A,0x00,0x00,0x69,0x99,0x99,0x99,0x99,0x96,0x00,0x00,0x90,0x00,
	0x0A,0x90,0x00,0x00,0x69,0x99,0x99,0x99,0x99,0x99,0x99,0x99,0x99,0x90,0x00,0x00,0x00,0x00,0x00,0x00,0x00,0xFF,0x00,0x0A,
	0x69,0x99,0x66,0x99,0x99,0x99,0x99,0x99,0x90,0x06,0x69,0x99,0x99,0xA8,0x00,0x00,0x00,0x06,0x64,0x96,0x66,0x96,0x96,0x99,
	0x99,0x99,0x66,0x66,0x66,0x66,0x66,0x66,0x66,0x99,0x99,0x96,0x66,0x66,0x66,0x66,0x66,0x00,0x00,0x00,0x00,0x00,0x00,0x00,
	0x00,0x00,0x00,0x00,0x00,0x06,0xA0,0x00,0x00,0x06,0x66,0x66,0x69,0x66,0x66,0x60,0x00,0x09,0xA0,0x00,0x09,0x99,0x99,0x40,
	0x00,0x00,0x00,0xA9,0x99,0x99,0x60,0x00,0x00,0x00,0x00,0x00,0x00,0x00,0x00,0x00,0x00,0x00,0x00,0x00,0x00,0x66,0x66,0x60,
	0x00,0xA9,0x9A,0x00,0x00,0x00,0x00,0x00,0x04,0x99,0x99,0x99,0x99,0x99,0x99,0x99,0x99,0x99,0x99,0x00,0x00,0x08,0x80,0x00,
	0xA3,0x39,0x66,0x39,0x90,0x00,0x00,0xCA,0x96,0x66,0x66,0x09,0x99,0xA9,0x99,0x9A,0x00,0x99,0x6A,0x69,0x66,0x66,0x66,0x96,
	0x99,0x66,0x99,0x99,0x99,0x99,0x99,0x99,0x99,0x96,0x66,0x99,0x69,0x96,0x69,0x99,0x99,0x99,0x3A,0x40,0x8A,0x08,0xA0,0xA9,
	0x99,0x99,0x99,0x99,0x39,0x99,0x99,0x99,0x99,0x99,0x99,0x99,0x99,0x99,0x99,0x99,0x99,0xA0,0x00,0x00,0x00,0x00,0x00,0x00,
	0x80,0x00,0x00,0x00,0x00,0x00,0x00,0x00,0x00,0x00,0x0A,0x00,0x69,0x33,0x39,0x99,0x99,0x99,0x99,0x99,0x99,0x99,0x99,0x99,
	0x99,0x99,0x99,0x99,0x99,0x88,0x00,0x08,0x00,0x00,0x00,0x00,0x06,0x00,0x00,0x00,0x00,0xFF,0x96,0x99,0x69,0x99,0x99,0x99,
	0x66,0x99,0x69,0x99,0x99,0x99,0x99,0x99,0x69,0x99,0x66,0xA0,0x46,0xA0,0x00,0x00,0x00,0x00,0x00,0x00,0x00,0x00,0x06,0x66,
	0x99,0x99,0x69,0x99,0x99,0x99,0x99,0x99,0x99,0x99,0x99,0x99,0x99,0x99,0x99,0x99,0x99,0x99,0x99,0x99,0x99,0x99,0x99,0x99,
	0x99,0x99,0x99,0x96,0x04,0x99,0x99,0x99,0x99,0x99,0x99,0x99,0x99,0x99,0x99,0x99,0x99,0x99,0x99,0x99,0x99,0x93,0x99,0xA0,
	0x00,0x00,0x00,0x00,0x00,0x00,0x00,0x00,0x69,0x99,0x9A,0x00,0x00,0x49,0x00,0x00,0x00,0x00,0x00,0x06,0x99,0x69,0x99,0x99,
	0x99,0x96,0x00,0x00,0x90,0x00,0x00,0x99,0x00,0x00,0x09,0x99,0x99,0x69,0x99,0x69,0x99,0x66,0x99,0x80,0x00,0x60,0x00,0x00,
	0x00,0x00,0x00,0xFF,0x00,0x66,0x66,0x66,0x66,0x66,0x66,0x96,0x69,0x99,0x60,0x06,0x99,0x66,0x66,0x60,0x00,0x00,0x00,0x00,
	0x00,0x99,0x66,0x66,0x66,0x66,0x66,0x66,0x66,0x66,0x66,0x66,0x66,0x66,0x96,0x66,0x66,0x66,0x66,0x69,0x66,0x66,0x66,0xA0,
	0x00,0x00,0x00,0x00,0x00,0x00,0x00,0x00,0x00,0x00,0x00,0x00,0x60,0x00,0x00,0x06,0x66,0x66,0x66,0x66,0x66,0xA0,0x00,0x06,
	0x00,0x00,0x06,0x66,0x69,0x6A,0x00,0x00,0x00,0x00,0xA6,0x69,0x99,0x80,0x00,0x00,0x00,0x00,0x00,0x00,0x00,0x00,0x00,0x00,
	0x00,0x00,0x00,0x66,0x66,0x00,0x00,0x00,0x69,0x66,0x66,0x46,0x44,0xA6,0x66,0x96,0x99,0x99,0x99,0x99,0x99,0x99,0x99,0x99,
	0x99,0x6A,0x00,0x86,0x96,0x66,0x80,0x0A,0x66,0x99,0x90,0x00,0x00,0xCA,0x99,0x66,0x99,0x99,0x99,0x99,0x99,0x96,0x00,0x93,
	0x93,0x93,0x99,0x69,0x96,0x69,0x99,0x99,0x96,0x99,0x93,0x69,0x99,0x99,0x99,0x96,0x66,0x69,0x39,0x66,0x69,0x96,0x69,0x39,
	0x60,0x00,0x00,0x00,0xA6,0x06,0x39,0x93,0x99,0x99,0x99,0x99,0x99,0x99,0x99,0x99,0x99,0x99,0x99,0x99,0x99,0x99,0x96,0x00,
	0x00,0x00,0x00,0x00,0x00,0x00,0x00,0x00,0x00,0x00,0x00,0x00,0x00,0x80,0x00,0x00,0x00,0x00,0x66,0x99,0x99,0x99,0x99,0x99,
	0x99,0x99,0x99,0x99,0x99,0x99,0x99,0x99,0x99,0x99,0x99,0x96,0x00,0x00,0x00,0x00,0x00,0x00,0x06,0x00,0x00,0x00,0x00,0xFF,
	0x66,0x66,0x66,0x99,0x99,0x96,0x66,0x99,0x99,0x99,0x69,0x99,0x99,0x99,0x99,0x69,0x96,0xA0,0x46,0x40,0x00,0x00,0x00,0x00,
	0x00,0x00,0x00,0x00,0x86,0x66,0x99,0x99,0x00,0x99,0x99,0x99,0x99,0x99,0x99,0x99,0x99,0x99,0x99,0x99,0x99,0x99,0x99,0x99,
	0x99,0x99,0x69,0x99,0x99,0x99,0x99,0x99,0x99,0x96,0x08,0x99,0x99,0x99,0x99,0x99,0x99,0x96,0x99,0x66,0x69,0x99,0x66,0x96,
	0x69,0x99,0x99,0x99,0x99,0x99,0x4A,0x00,0x00,0x00,0x00,0x00,0xA6,0x69,0x99,0x99,0x99,0x00,0x00,0x09,0x90,0x00,0x00,0x00,
	0x00,0x99,0x99,0x99,0x99,0x99,0x99,0x66,0x00,0x00,0x66,0x00,0x00,0x49,0x00,0x00,0x06,0x99,0x99,0x99,0x99,0x69,0x99,0x99,
	0x99,0x00,0x00,0x90,0x00,0x00,0x00,0x80,0x00,0xFF,0x69,0x66,0x96,0x69,0x66,0x66,0x66,0x66,0x66,0x96,0x60,0x06,0x66,0x69,
	0x96,0x69,0x88,0x00,0x00,0x00,0x00,0x66,0x96,0x66,0x66,0x66,0x96,0x66,0x99,0x96,0x66,0x66,0x96,0x66,0x96,0x66,0x66,0x66,
	0x66,0x66,0x96,0x66,0x66,0x96,0x00,0x00,0x00,0x00,0x00,0x00,0x00,0x00,0x00,0x00,0x00,0x00,0x66,0x00,0x00,0x04,0x66,0x66,
	0x69,0x66,0x66,0x00,0x00,0x06,0xA0,0x00,0x06,0x66,0x66,0x69,0x00,0x00,0x00,0x00,0x00,0x49,0x99,0x96,0x00,0x00,0x00,0x00,
	0x00,0x00,0x00,0x00,0x00,0x00,0x00,0x00,0x09,0x99,0x66,0x00,0x00,0x00,0x0A,0x99,0x66,0x66,0x99,0x99,0x99,0x99,0x99,0x99,
	0x99,0x99,0x69,0x99,0x99,0x99,0x99,0x96,0x6A,0x00,0x00,0x86,0x69,0x60,0x08,0x99,0x96,0x90,0x00,0xCA,0x99,0x99,0x39,0x99,
	0x99,0x93,0x99,0x93,0x00,0x33,0x99,0x33,0x99,0x99,0x96,0x69,0x99,0x66,0x99,0x96,0x93,0x99,0x99,0x99,0x99,0x96,0x66,0x69,
	0x99,0x96,0x69,0x69,0x66,0x99,0x00,0x08,0x00,0x08,0x08,0x8A,0x33,0x33,0x39,0x93,0x99,0x99,0x99,0x93,0x33,0x39,0x99,0x99,
	0x93,0x99,0x93,0x99,0x80,0x00,0x00,0x00,0x00,0x00,0x00,0x00,0x00,0x00,0x00,0x00,0x00,0x00,0x00,0x00,0x00,0x00,0x00,0x09,
	0x66,0x99,0x93,0x99,0x99,0x99,0x99,0x99,0x99,0x99,0x99,0x39,0x99,0x99,0x99,0x99,0x99,0x99,0x00,0x00,0xA0,0x00,0x00,0x00,
	0x06,0x00,0x00,0x00,0x00,0xFF,0x66,0x66,0x66,0x66,0x69,0x66,0x96,0x99,0x66,0x99,0x99,0x69,0x99,0x99,0x99,0x69,0x99,0xA0,
	0x46,0x40,0x00,0x00,0x00,0x00,0x00,0x00,0x00,0x00,0x46,0x66,0x99,0x99,0x00,0x99,0x99,0x99,0x99,0x99,0x99,0x99,0x99,0x99,
	0x99,0x99,0x99,0x99,0x99,0x99,0x99,0x99,0x99,0x99,0x99,0x99,0x99,0x96,0x99,0x96,0x00,0x99,0x99,0x69,0x69,0x96,0x99,0x96,
	0x96,0x66,0x66,0x99,0x66,0x99,0x66,0x99,0x99,0x99,0x99,0x99,0x66,0x69,0x99,0x96,0x96,0x99,0x99,0x99,0x99,0x99,0x69,0x90,
	0x00,0x00,0x09,0x80,0x00,0x00,0x89,0x99,0x99,0x99,0x69,0x99,0x99,0x96,0x00,0x00,0xA9,0x00,0x00,0x09,0x90,0x00,0x00,0xA6,
	0x99,0x99,0x99,0x99,0x99,0x99,0x90,0x00,0x0A,0x60,0x06,0x66,0x66,0x60,0x00,0xFF,0x66,0x66,0x66,0x66,0x66,0x66,0x66,0x66,
	0x66,0x66,0x60,0x06,0x66,0x66,0x66,0x66,0x68,0x00,0x00,0x00,0x00,0x69,0x66,0x66,0x96,0x66,0x69,0x96,0x66,0x66,0x66,0x66,
	0x99,0x66,0x69,0x66,0x66,0x96,0x66,0x66,0x66,0x66,0x66,0x66,0x66,0x00,0x00,0x00,0x06,0x8A,0x00,0x00,0x00,0x00,0x00,0x00,
	0x46,0x00,0x00,0x00,0x66,0x66,0x66,0x66,0x66,0x00,0x00,0x66,0x40,0x00,0x06,0x96,0x66,0x66,0x60,0x00,0x00,0x00,0x00,0x00,
	0x08,0x66,0x69,0x00,0x00,0x00,0x00,0x00,0x00,0x00,0x00,0x00,0x00,0x00,0x86,0x66,0x96,0x00,0x00,0x00,0x00,0x08,0x99,0x99,
	0x69,0x99,0x99,0x99,0x99,0x99,0x99,0x99,0x99,0x99,0x99,0x99,0x99,0x96,0x66,0x66,0x66,0x00,0x00,0x48,0x68,0x06,0x99,0x90,
	0x00,0xCA,0x99,0x99,0x33,0x33,0x39,0x93,0x39,0x93,0x00,0x93,0x99,0x99,0x99,0x96,0x66,0x69,0x99,0x99,0x96,0x69,0x66,0x99,
	0x99,0x69,0x99,0x99,0x99,0x93,0x99,0x96,0x69,0x66,0x66,0x96,0x08,0x00,0x00,0x00,0xA4,0xAA,0x99,0x99,0x99,0x99,0x93,0x99,
	0x99,0x99,0x33,0x39,0x99,0x93,0x99,0x99,0x99,0x9A,0x00,0x00,0x00,0x00,0x00,0x00,0x00,0x00,0x00,0x00,0x00,0x00,0x00,0x00,
	0x00,0x00,0x00,0x00,0x00,0x43,0x99,0x99,0x99,0x39,0x99,0x39,0x99,0x99,0x39,0x99,0x99,0x99,0x99,0x99,0x99,0x99,0x99,0x99,
	0x60,0x00,0x00,0x00,0x00,0x00,0x06,0x00,0x00,0x00,0x00,0xFF,0x66,0x66,0x66,0x66,0x66,0x66,0x66,0x66,0x66,0x66,0x99,0x66,
	0x69,0x99,0x96,0x99,0x99,0xA0,0x46,0x6A,0x00,0x00,0x00,0x00,0x00,0x00,0x00,0x00,0x46,0x66,0x66,0x96,0x00,0x99,0x99,0x99,
	0x99,0x99,0x69,0x99,0x99,0x99,0x99,0x96,0x99,0x99,0x99,0x99,0x96,0x99,0x99,0x99,0x99,0x99,0x69,0x99,0x99,0x96,0x00,0x99,
	0x96,0x69,0x66,0x66,0x96,0x96,0x69,0x66,0x69,0x96,0x99,0x99,0x96,0x69,0x99,0x69,0x66,0x99,0x99,0x69,0x66,0x66,0x96,0x66,
	0x99,0x96,0x99,0x99,0x99,0x69,0x00,0x00,0x00,0x66,0xA0,0x46,0x69,0x96,0x99,0x66,0x96,0x66,0x99,0x96,0x80,0x00,0x06,0x00,
	0x00,0x06,0x66,0x00,0x00,0x00,0x4A,0x99,0x99,0x96,0x69,0x99,0x90,0x00,0x09,0x90,0x09,0x66,0x66,0x60,0x00,0xFF,0x66,0x66,
	0x66,0x66,0x66,0x66,0x69,0x99,0x99,0x66,0x60,0x06,0x66,0x66,0x66,0x69,0x66,0x00,0x00,0x00,0x00,0x06,0x66,0x99,0x96,0x66,
	0x66,0x66,0x66,0x66,0x66,0x66,0x66,0x96,0x96,0x99,0x96,0x66,0x66,0x66,0x66,0x66,0x66,0x99,0x66,0x80,0x00,0x00,0x00,0x66,
	0x66,0x96,0x40,0x00,0x00,0x00,0x06,0x60,0x00,0x00,0xA6,0x66,0x66,0x66,0x66,0x00,0x00,0x66,0x80,0x00,0x06,0x69,0x66,0x66,
	0x66,0x00,0x00,0x00,0x00,0x00,0x00,0x00,0x00,0x00,0x00,0x00,0x00,0x66,0x66,0x66,0x00,0x00,0x00,0x00,0x06,0x66,0x66,0x6A,
	0x00,0x00,0x00,0x00,0x08,0x69,0x99,0x96,0x69,0x99,0x99,0x99,0x96,0x99,0x99,0x99,0x99,0x99,0x99,0x66,0x66,0x66,0x66,0x66,
	0x44,0x00,0x00,0x06,0x69,0x90,0x00,0xCA,0x99,0x99,0x39,0x93,0x39,0x99,0x99,0x99,0x39,0x99,0x99,0x93,0x99,0x99,0x96,0x66,
	0x99,0x99,0x66,0x66,0x96,0x66,0x66,0x66,0x66,0x99,0x99,0x99,0x39,0x96,0x96,0x66,0x66,0x90,0x00,0x00,0x00,0x00,0x00,0x88,
	0x99,0x99,0x99,0x99,0x99,0x99,0x99,0x99,0x99,0x99,0x99,0x99,0x99,0x99,0x99,0xA0,0x00,0x00,0x00,0x00,0x00,0xA0,0x00,0x00,
	0x08,0x00,0x00,0x00,0x00,0x00,0x00,0x00,0x00,0x00,0x08,0x33,0x99,0x99,0x99,0x99,0x99,0x99,0x99,0x99,0x99,0x99,0x99,0x99,
	0x99,0x99,0x99,0x99,0x99,0x99,0x96,0x00,0x00,0x00,0x00,0x00,0x06,0x00,0x00,0x00,0x00,0xFF,0x66,0x66,0x66,0x66,0x66,0x66,
	0x66,0x69,0x66,0x66,0x66,0x66,0x69,0x69,0x96,0x99,0x66,0xA0,0xA6,0x64,0x00,0x00,0x00,0x00,0x00,0x00,0x00,0x0A,0x66,0x66,
	0x96,0x66,0x00,0x99,0x99,0x69,0x99,0x99,0x99,0x99,0x96,0x99,0x99,0x99,0x99,0x96,0x99,0x99,0x99,0x69,0x99,0x99,0x96,0x69,
	0x99,0x69,0x99,0x96,0x00,0x99,0x99,0x69,0x99,0x99,0x96,0x99,0x66,0x69,0x66,0x99,0x66,0x69,0x69,0x69,0x99,0x99,0x69,0x66,
	0x66,0x69,0x96,0x69,0x66,0x66,0x66,0x69,0x99,0x69,0x96,0x66,0x00,0x00,0x00,0x00,0x99,0x66,0x66,0x66,0x99,0x66,0x66,0x66,
	0x66,0x66,0x40,0x00,0x0A,0x60,0x00,0x08,0x66,0xA0,0x00,0x00,0x00,0x66,0x66,0x66,0x66,0x64,0x00,0x00,0x69,0x60,0x06,0x66,
	0x66,0x60,0x00,0xFF,0x66,0x66,0x66,0x66,0x66,0x66,0x66,0x66,0x66,0x66,0x60,0x06,0x66,0x66,0x66,0x66,0x66,0xA0,0x00,0x00,
	0x00,0x00,0x66,0x66,0x66,0x66,0x66,0x66,0x66,0x66,0x66,0x66,0x66,0x96,0x66,0x66,0x66,0x69,0x99,0x96,0x66,0x66,0xA4,0x66,
	0x66,0x6A,0x00,0x00,0x00,0x86,0x66,0x66,0x64,0x00,0x00,0x00,0x06,0x90,0x00,0x00,0x06,0x96,0x99,0x66,0x66,0x00,0x00,0x99,
	0xA0,0x00,0x06,0x99,0x66,0x66,0x66,0xA0,0x00,0x00,0x00,0x00,0x00,0x00,0x00,0x00,0x00,0x00,0x00,0x06,0x66,0x66,0x00,0x00,
	0x00,0x00,0x00,0x66,0x99,0x99,0x40,0x00,0x00,0x00,0x00,0x0A,0x69,0x99,0x99,0x99,0x99,0x99,0x99,0x99,0x99,0x99,0x99,0x99,
	0x99,0x66,0x66,0x66,0x66,0x66,0x66,0x96,0x66,0x66,0x66,0x60,0x00,0xCA,0x66,0x66,0x99,0x99,0x99,0x99,0x99,0x99,0x93,0x99,
	0x99,0x99,0x99,0x99,0x99,0x99,0x99,0x39,0x66,0x66,0x66,0x66,0x66,0x66,0x66,0x66,0x66,0x99,0x33,0x96,0x66,0x96,0x96,0x60,
	0x00,0x00,0x00,0x00,0x0A,0x44,0x99,0x99,0x99,0x99,0x99,0x99,0x99,0x99,0x99,0x99,0x99,0x99,0x99,0x99,0x9A,0x00,0x00,0x00,
	0x00,0x00,0x00,0x00,0x00,0x00,0x00,0x60,0x00,0x00,0x00,0x00,0x00,0x00,0x00,0x00,0x06,0x93,0x99,0x99,0x99,0x99,0x99,0x99,
	0x99,0x99,0x99,0x99,0x99,0x99,0x99,0x99,0x99,0x99,0x99,0x99,0x99,0xA0,0x00,0x00,0x00,0x00,0x06,0x00,0x00,0x00,0x00,0xFF,
	0x66,0x66,0x66,0x66,0x66,0x66,0x99,0x66,0x66,0x66,0x66,0x66,0x66,0x66,0x66,0x66,0x69,0x60,0xA6,0x66,0x40,0x00,0x00,0x00,
	0x00,0x00,0x00,0x44,0x66,0x99,0x96,0x66,0x00,0x96,0x69,0x96,0x99,0x66,0x99,0x69,0x69,0x99,0x69,0x99,0x99,0x66,0x99,0x96,
	0x99,0x99,0x69,0x99,0x69,0x99,0x99,0x99,0x99,0x66,0x00,0x99,0x69,0x96,0x69,0x66,0x66,0x66,0x66,0x96,0x99,0x66,0x69,0x99,
	0x99,0x66,0x66,0x69,0x99,0x69,0x96,0x66,0x66,0x69,0x96,0x66,0x66,0x69,0x99,0x99,0x96,0x69,0x66,0x00,0x00,0x00,0x06,0x66,
	0x66,0x66,0x66,0x66,0x66,0x66,0x66,0x66,0x60,0x00,0x00,0x60,0x00,0x00,0x66,0x66,0x00,0x00,0x00,0x06,0x66,0x66,0x64,0x00,
	0x00,0x46,0x66,0x60,0x06,0x66,0x96,0x60,0x00,0xFF,0x96,0x99,0x69,0x66,0x96,0x69,0x66,0x99,0x99,0x96,0x60,0x09,0x99,0x69,
	0x69,0x99,0x99,0x96,0x00,0x00,0x00,0x00,0x06,0x66,0x66,0x69,0x96,0x66,0x66,0x69,0x96,0x66,0x66,0x66,0x66,0x96,0x96,0x66,
	0x66,0x66,0x66,0x60,0x00,0x06,0x66,0x66,0x60,0x00,0x00,0x00,0x66,0x66,0x60,0x00,0x00,0x00,0x06,0x96,0x00,0x00,0x08,0x66,
	0x69,0x66,0x66,0x00,0x00,0x66,0x40,0x00,0x06,0x99,0x96,0x66,0x96,0x68,0x00,0x00,0x00,0x00,0x00,0x00,0x00,0x00,0x00,0x00,
	0x00,0x08,0x66,0x66,0x00,0x00,0x00,0x00,0x00,0x09,0x66,0x69,0x96,0x90,0x00,0x00,0x00,0x00,0x00,0x06,0x99,0x99,0x66,0x99,
	0x96,0x99,0x99,0x99,0x69,0x99,0x99,0x66,0x66,0x66,0x69,0x66,0x66,0x96,0x69,0x66,0x66,0x60,0x00,0xCA,0x66,0x66,0x99,0x99,
	0x99,0x99,0x99,0x99,0x99,0x99,0x99,0x99,0x99,0x99,0x99,0x99,0x99,0x96,0x66,0x66,0x66,0x66,0x66,0x66,0x66,0x66,0x66,0x69,
	0x99,0x66,0x66,0x96,0x99,0xA0,0x80,0x00,0x00,0x00,0x04,0x09,0x99,0x99,0x99,0x99,0x99,0x99,0x99,0x99,0x99,0x99,0x99,0x99,
	0x99,0x96,0x00,0x00,0x00,0x00,0x00,0x00,0x00,0x00,0x00,0x00,0x00,0x60,0x00,0x00,0x00,0x00,0x00,0x00,0x00,0x00,0x09,0x99,
	0x99,0x99,0x99,0x99,0x99,0x99,0x99,0x99,0x99,0x99,0x39,0x99,0x99,0x99,0x99,0x99,0x99,0x99,0x99,0x94,0x00,0x00,0x00,0x00,
	0x06,0x00,0x00,0x00,0x00,0xFF,0x66,0x66,0x66,0x66,0x66,0x66,0x66,0x66,0x96,0x66,0x66,0x66,0x66,0x66,0x66,0x69,0x66,0x40,
	0xA9,0x66,0x64,0x00,0x00,0x00,0x00,0x00,0x0A,0x46,0x66,0x69,0x66,0x66,0x00,0x69,0x96,0x69,0x66,0x66,0x99,0x96,0x69,0x96,
	0x96,0x69,0x99,0x99,0x69,0x69,0x66,0x99,0x99,0x99,0x99,0x99,0x99,0x99,0x69,0x96,0x08,0x99,0x99,0x99,0x99,0x99,0x69,0x66,
	0x66,0x66,0x96,0x69,0x96,0x66,0x66,0x69,0x69,0x66,0x96,0x66,0x99,0x96,0x96,0x66,0x96,0x69,0x66,0x66,0x99,0x66,0x96,0x99,
	0x96,0x40,0x00,0x00,0x66,0x66,0x66,0x66,0x66,0x66,0x66,0x66,0x66,0x66,0x64,0x00,0x00,0x00,0x00,0x00,0x66,0x66,0x60,0x00,
	0x00,0x66,0x66,0x6A,0x00,0x00,0x0A,0x66,0x66,0x90,0x06,0x99,0x66,0x60,0x00,0xFF,0x66,0x66,0x66,0x66,0x66,0x66,0x96,0x66,
	0x66,0x66,0x60,0x06,0x69,0x99,0x66,0x66,0x96,0x66,0x40,0x00,0x00,0x00,0x06,0x66,0x66,0x96,0x66,0x66,0x66,0x66,0x99,0x66,
	0x66,0x66,0x66,0x66,0x66,0x66,0x66,0x66,0x66,0x00,0x00,0x06,0x69,0x66,0x66,0x00,0x00,0x00,0x89,0x69,0x90,0x00,0x00,0x00,
	0x00,0x96,0x00,0x00,0x00,0x66,0x66,0x66,0x6A,0x00,0x00,0x66,0x60,0x00,0x06,0x69,0x99,0x66,0x66,0x66,0x80,0x00,0x00,0x00,
	0x00,0x00,0x00,0x00,0x00,0x00,0x00,0x00,0x86,0x66,0x00,0x00,0x00,0x00,0x00,0x09,0x96,0x66,0x66,0x66,0x60,0x00,0x00,0x00,
	0x00,0x00,0x06,0x69,0x99,0x99,0x96,0x99,0x66,0x99,0x99,0x99,0x96,0x66,0x66,0x66,0x66,0x66,0x66,0x99,0x66,0x66,0x66,0x60,
	0x00,0xCA,0x66,0x66,0x99,0x99,0x99,0x99,0x99,0x99,0x99,0x99,0x99,0x99,0x99,0x99,0x66,0x99,0x99,0x99,0x66,0x66,0x69,0x66,
	0x66,0x66,0x66,0x66,0x66,0x69,0x99,0x69,0x66,0x66,0x66,0x80,0x00,0x00,0x00,0x00,0x06,0x69,0x99,0x99,0x99,0x99,0x99,0x99,
	0x99,0x99,0x99,0x99,0x99,0x99,0x99,0x60,0x00,0x00,0x00,0x00,0x00,0x00,0x00,0x00,0x00,0x00,0x49,0x90,0x00,0x00,0x00,0x00,
	0x00,0x00,0x00,0x00,0x99,0x99,0x99,0x99,0x99,0x99,0x99,0x99,0x99,0x99,0x99,0x99,0x99,0x99,0x99,0x99,0x99,0x99,0x99,0x99,
	0x99,0x96,0xA0,0x00,0x00,0x00,0x06,0x00,0x00,0x00,0x00,0xFF,0x66,0x66,0x66,0x66,0x66,0x66,0x66,0x66,0x66,0x66,0x66,0x66,
	0x66,0x66,0x66,0x66,0x66,0xA0,0x46,0x66,0x66,0x6A,0xA0,0x80,0x00,0x88,0x44,0x66,0x66,0x99,0x69,0x96,0x00,0x99,0x99,0x96,
	0x69,0x96,0x96,0x66,0x69,0x69,0x96,0x66,0x96,0x69,0x99,0x69,0x99,0x99,0x99,0x99,0x99,0x99,0x99,0x99,0x99,0x96,0x08,0x99,
	0x96,0x69,0x66,0x96,0x66,0x96,0x66,0x66,0x66,0x66,0x66,0x96,0x96,0x69,0x96,0x66,0x69,0x99,0x66,0x99,0x66,0x66,0x66,0x66,
	0x66,0x66,0x66,0x66,0x66,0x66,0x66,0x99,0x00,0x04,0x66,0x66,0x66,0x69,0x66,0x66,0x66,0x69,0x66,0x66,0x66,0x00,0x00,0x00,
	0x00,0x00,0x66,0x66,0x66,0x80,0x06,0x66,0xA0,0x00,0x00,0x00,0xA6,0x69,0x96,0x60,0x06,0x96,0x66,0x60,0x00,0xFF,0x66,0x99,
	0x69,0x66,0x66,0x66,0x69,0x66,0x66,0x66,0x60,0x06,0x66,0x96,0x96,0x99,0x66,0x99,0x60,0x00,0x00,0x00,0x00,0x66,0x96,0x69,
	0x66,0x66,0x66,0x66,0x66,0x99,0x66,0x66,0x66,0x66,0x66,0x66,0x66,0x66,0x00,0x00,0x00,0x66,0x66,0x66,0x96,0xA0,0x00,0x00,
	0x08,0x66,0x60,0x00,0x00,0x00,0x00,0x66,0xA0,0x00,0x00,0x66,0x66,0x66,0x60,0x00,0x08,0x66,0xA0,0x00,0x06,0x66,0x69,0x66,
	0x66,0x66,0x60,0x00,0x00,0x00,0x00,0x00,0x00,0x00,0x00,0x00,0x00,0x00,0x06,0x66,0x00,0x00,0xA6,0x00,0x00,0x0A,0x69,0x69,
	0x69,0x99,0x99,0x40,0x00,0x00,0x00,0x00,0x00,0x0A,0x66,0x99,0x99,0x99,0x96,0x99,0x99,0x96,0x66,0x66,0x66,0x66,0x66,0x66,
	0x66,0x66,0x66,0x66,0x66,0x60,0x00,0xCA,0x66,0x69,0x99,0x99,0x99,0x99,0x99,0x99,0x99,0x99,0x96,0x99,0x99,0x96,0x96,0x69,
	0x99,0x99,0x96,0x66,0x66,0x66,0x69,0x66,0x66,0x66,0x66,0x66,0x99,0x66,0x66,0x66,0x66,0x00,0x00,0x00,0x00,0x00,0x04,0x99,
	0x99,0x99,0x99,0x99,0x99,0x99,0x99,0x99,0x99,0x99,0x99,0x99,0x96,0x00,0x00,0x00,0x00,0x00,0x00,0x00,0x00,0x00,0x00,0x00,
	0x99,0x60,0x00,0x00,0x00,0x00,0x00,0x00,0x00,0x08,0x69,0x99,0x99,0x99,0x99,0x99,0x99,0x99,0x99,0x96,0x99,0x69,0x99,0x99,
	0x99,0x99,0x99,0x99,0x99,0x96,0x99,0x99,0x90,0x00,0x00,0x00,0x06,0x00,0x00,0x00,0x00,0xFF,0x66,0x69,0x96,0x66,0x66,0x66,
	0x66,0x66,0x66,0x66,0x66,0x66,0x66,0x66,0x66,0x66,0x66,0xA0,0xA6,0x66,0x66,0x66,0x6A,0xAA,0x4A,0x44,0x66,0x66,0x66,0x66,
	0x66,0x66,0x00,0x66,0x66,0x69,0x66,0x66,0x66,0x66,0x96,0x66,0x66,0x99,0x69,0x99,0x99,0x99,0x99,0x99,0x99,0x99,0x99,0x99,
	0x99,0x69,0x99,0x96,0x00,0x69,0x66,0x66,0x69,0x69,0x66,0x99,0x66,0x99,0x96,0x66,0x66,0x69,0x66,0x66,0x69,0x99,0x99,0x99,
	0x66,0x66,0x66,0x66,0x66,0x66,0x66,0x66,0x99,0x99,0x99,0x99,0x96,0x66,0x96,0x99,0x99,0x69,0x99,0x66,0x99,0x96,0x66,0x69,
	0x99,0x96,0x66,0x60,0x00,0x00,0x00,0x00,0x08,0x44,0x44,0x00,0x00,0x00,0x00,0x00,0x00,0xA9,0x66,0x66,0x66,0x60,0x09,0x66,
	0x66,0x60,0x00,0xFF,0x99,0x66,0x66,0x66,0x66,0x66,0x66,0x96,0x66,0x66,0x60,0x06,0x66,0x66,0x66,0x69,0x96,0x96,0x66,0x08,
	0x00,0x00,0x00,0x06,0x66,0x66,0x66,0x66,0x66,0x66,0x66,0x66,0x66,0x66,0x66,0x66,0x66,0x66,0x66,0x00,0x00,0x00,0x06,0x66,
	0x00,0xA6,0x96,0x64,0x00,0x00,0x00,0x06,0xA0,0x00,0x00,0x00,0x00,0x66,0x60,0x00,0x00,0x46,0x66,0x66,0x60,0x00,0x06,0x66,
	0x40,0x00,0x06,0x66,0x66,0x99,0x99,0x66,0x66,0xA0,0x00,0x00,0x00,0x46,0x66,0x6A,0x64,0x68,0x00,0x00,0x00,0x66,0x00,0x00,
	0xA6,0x00,0x00,0x00,0x69,0x69,0x96,0x99,0x69,0x69,0x60,0x00,0x00,0x00,0x00,0x00,0x00,0x00,0x69,0x96,0x99,0x99,0x69,0x66,
	0x66,0x66,0x66,0x66,0x96,0x66,0x96,0x66,0x96,0x66,0x69,0x90,0x00,0xCA,0x99,0x93,0x39,0x99,0x99,0x99,0x99,0x99,0x39,0x99,
	0x99,0x96,0x99,0x96,0x69,0x99,0x99,0x93,0x99,0x99,0x66,0xA8,0x00,0x80,0x08,0x86,0x66,0x66,0x99,0x66,0x69,0x99,0x64,0x00,
	0x00,0x00,0x00,0x00,0xA9,0x99,0x99,0x99,0x99,0x99,0x99,0x99,0x99,0x99,0x39,0x66,0x69,0x96,0x00,0x00,0x00,0x00,0x00,0x00,
	0x00,0x00,0x00,0x00,0x00,0x89,0x96,0x90,0x00,0x00,0x00,0x00,0x00,0x00,0x00,0x09,0x69,0x66,0x99,0x99,0x99,0x99,0x96,0x69,
	0x99,0x99,0x99,0x99,0x66,0x69,0x99,0x69,0x39,0x99,0x99,0x96,0x66,0x99,0x69,0x00,0x00,0x00,0x06,0x00,0x00,0x00,0x00,0xFF,
	0x66,0x99,0x69,0x99,0x66,0x66,0x66,0x66,0x96,0x66,0x66,0x66,0x66,0x66,0x66,0x66,0x66,0x60,0xA9,0x99,0x99,0x66,0x66,0x66,
	0x66,0x69,0x99,0x99,0x99,0x99,0x69,0x99,0x00,0x99,0x66,0x69,0x99,0x96,0x99,0x96,0x66,0x96,0x99,0x99,0x96,0x69,0x99,0x99,
	0x99,0x99,0x99,0x99,0x99,0x99,0x99,0x99,0x96,0x96,0x00,0x66,0x99,0x66,0x99,0x99,0x99,0x99,0x99,0x99,0x99,0x99,0x99,0x99,
	0x99,0x99,0x99,0x96,0x99,0x99,0x96,0x69,0x66,0x66,0x66,0x66,0x66,0x69,0x69,0x96,0x99,0x66,0x96,0x69,0x99,0x96,0x99,0x99,
	0x99,0x69,0x96,0x66,0x96,0x66,0x66,0x96,0x66,0x66,0x00,0x00,0x00,0x00,0x00,0x00,0x00,0x00,0x00,0x00,0x00,0x00,0x06,0x99,
	0x69,0x69,0x69,0x60,0x09,0x69,0x66,0x60,0x00,0xFF,0x66,0x96,0x66,0x66,0x66,0x66,0x66,0x66,0x66,0x66,0x60,0x06,0x66,0x99,
	0x66,0x66,0x96,0x66,0x66,0x60,0x00,0x00,0x00,0x00,0x69,0x66,0x66,0x66,0x66,0x66,0x66,0x66,0x66,0x66,0x69,0x66,0x66,0x6A,
	0x00,0x00,0x00,0x00,0x06,0x60,0x00,0x06,0x66,0x66,0x60,0x00,0x00,0x00,0x00,0x00,0x00,0x00,0x00,0xA9,0x68,0x00,0x00,0x06,
	0x66,0x66,0x60,0x00,0x04,0x66,0x60,0x00,0x0A,0x66,0x66,0x66,0x64,0xA0,0x4A,0x00,0x00,0x00,0x00,0x00,0x69,0x66,0x66,0x66,
	0x00,0x00,0x00,0xA6,0x00,0x00,0x46,0x60,0x00,0x00,0x06,0x96,0x99,0x96,0x99,0x99,0x99,0x90,0x00,0x00,0x00,0x00,0x00,0x00,
	0x04,0x66,0x93,0x99,0x99,0x66,0x66,0x66,0x66,0x66,0x66,0x66,0x66,0x96,0x69,0x96,0x69,0x60,0x00,0xCA,0x66,0x69,0x99,0x99,
	0x99,0x99,0x99,0x99,0x39,0x99,0x66,0x66,0x69,0x99,0x96,0x69,0x96,0x99,0x39,0x99,0x40,0x00,0x00,0x00,0x00,0x00,0x86,0x66,
	0x99,0x66,0x66,0x66,0x64,0x00,0x00,0x00,0x00,0x80,0x69,0x99,0x99,0x99,0x99,0x99,0x99,0x99,0x99,0x99,0x99,0x96,0x69,0x68,
	0x00,0x00,0x00,0x00,0x00,0x00,0x00,0x00,0x00,0x00,0x46,0x69,0x99,0x90,0x00,0x00,0x00,0x00,0x00,0x00,0x00,0xA9,0x99,0x96,
	0x99,0x99,0x69,0x99,0x99,0x66,0x99,0x99,0x69,0x99,0x96,0x66,0x69,0x69,0x99,0x99,0x99,0x99,0x99,0x99,0x96,0x60,0x00,0x00,
	0x06,0x00,0x00,0x00,0x00,0xFF,0x66,0x66,0x66,0x66,0x66,0x66,0x66,0x66,0x66,0x66,0x66,0x66,0x66,0x66,0x66,0x66,0x99,0xA0,
	0x46,0x66,0x96,0x96,0x66,0x66,0x99,0x99,0x99,0x99,0x99,0x99,0x99,0x99,0x00,0x99,0x99,0x96,0x99,0x99,0x99,0x99,0x99,0x99,
	0x99,0x99,0x99,0x99,0x99,0x99,0x99,0x99,0x99,0x99,0x99,0x99,0x99,0x99,0x99,0x96,0x08,0x99,0x99,0x99,0x99,0x99,0x99,0x99,
	0x66,0x66,0x66,0x66,0x69,0x99,0x96,0x99,0x96,0x99,0x96,0x66,0x96,0x66,0x69,0x96,0x66,0x99,0x69,0x99,0x99,0x66,0x99,0x69,
	0x99,0x96,0x99,0x99,0x99,0x99,0x69,0x66,0x69,0x69,0x66,0x66,0x66,0x66,0x66,0x96,0x64,0x00,0x00,0x00,0x00,0x00,0x00,0x00,
	0x00,0x00,0x00,0x46,0x69,0x99,0x96,0x69,0x66,0x60,0x06,0x66,0x66,0x60,0x00,0xFF,0x96,0x66,0x66,0x66,0x66,0x66,0x66,0x66,
	0x66,0x66,0x60,0x06,0x66,0x69,0x96,0x96,0x66,0x66,0x66,0x66,0x00,0x00,0x00,0x00,0x49,0x66,0x66,0x66,0x66,0x66,0x66,0x66,
	0x66,0x66,0x66,0x66,0x66,0x00,0x00,0x00,0x00,0x04,0x66,0x40,0x00,0xA6,0x66,0x66,0x96,0x00,0x00,0x00,0x00,0x00,0x06,0x00,
	0x00,0x06,0x66,0x00,0x00,0x00,0x66,0x66,0x60,0x00,0x06,0x66,0x60,0x00,0x00,0x00,0x00,0x00,0x00,0x00,0x00,0x00,0x00,0x00,
	0x00,0x00,0x0A,0x66,0x66,0x66,0x60,0x00,0x00,0x0A,0x00,0x00,0x66,0x64,0x00,0x00,0x00,0x66,0x99,0x69,0x96,0x99,0x69,0x69,
	0x99,0xA0,0x00,0x00,0x00,0x00,0x0A,0x96,0x93,0x99,0x66,0x66,0x66,0x66,0x69,0x66,0x69,0x66,0x66,0x66,0x66,0x96,0x99,0x60,
	0x00,0xCA,0x66,0x69,0x99,0x99,0x96,0x4A,0xA6,0x99,0x99,0x99,0x99,0x66,0x69,0x99,0x99,0x99,0x66,0x39,0x9A,0x40,0x00,0x08,
	0x00,0x00,0x00,0x00,0x00,0xA6,0x99,0x66,0x66,0x66,0x68,0x00,0x00,0x00,0x00,0x00,0x99,0x99,0x99,0x99,0x99,0x99,0x99,0x99,
	0x99,0x99,0x99,0x99,0x90,0x00,0x00,0x00,0x00,0x00,0x00,0x00,0x00,0x00,0x00,0x0A,0x69,0x99,0x99,0x90,0x00,0x00,0x00,0x00,
	0x00,0x00,0x00,0x49,0x99,0x99,0x99,0x99,0x99,0x99,0x99,0x99,0x96,0x66,0x99,0x69,0x93,0x99,0x66,0x99,0x99,0x99,0x99,0x99,
	0x99,0x99,0x99,0x64,0x00,0x00,0x06,0x00,0x00,0x00,0x00,0xFF,0x66,0x66,0x66,0x66,0x66,0x66,0x66,0x66,0x66,0x66,0x66,0x66,
	0x66,0x66,0x66,0x66,0x66,0x00,0x69,0x96,0x69,0x69,0x99,0x99,0x99,0x99,0x99,0x99,0x99,0x99,0x99,0x99,0x00,0x99,0x99,0x99,
	0x99,0x99,0x99,0x99,0x99,0x99,0x99,0x99,0x99,0x99,0x99,0x99,0x99,0x99,0x99,0x99,0x99,0x99,0x99,0x99,0x99,0x96,0x00,0x99,
	0x99,0x99,0x99,0x99,0x99,0x66,0x99,0x96,0x96,0x66,0x69,0x66,0x99,0x99,0x96,0x96,0x99,0x96,0x69,0x66,0x66,0x69,0x66,0x69,
	0x99,0x69,0x99,0x69,0x99,0x69,0x99,0x99,0x96,0x99,0x99,0x69,0x96,0x96,0x66,0x66,0x69,0x66,0x69,0x66,0x66,0x66,0x66,0x60,
	0x00,0x00,0x00,0x00,0x00,0x00,0x00,0x08,0x66,0x66,0x66,0x69,0x66,0x66,0x66,0x60,0x06,0x66,0x69,0x60,0x00,0xFF,0x66,0x66,
	0x66,0x66,0x66,0x66,0x66,0x66,0x66,0x66,0x60,0x06,0x66,0x69,0x66,0x66,0x66,0x66,0x66,0x66,0x00,0x00,0x00,0x08,0x06,0x96,
	0x66,0x66,0x66,0x66,0x66,0x66,0x69,0x66,0x66,0x66,0x66,0x00,0x00,0x00,0x00,0x66,0x66,0x00,0x00,0x66,0x66,0x66,0x66,0xA0,
	0x00,0x00,0x00,0x00,0x06,0x00,0x00,0x08,0x99,0x00,0x00,0x00,0x66,0x66,0x40,0x00,0x06,0x60,0x00,0x00,0x00,0x00,0x00,0x00,
	0x00,0x00,0x00,0x00,0x00,0x00,0x00,0x00,0x00,0x66,0x66,0x66,0x6A,0x00,0x00,0x00,0x00,0x00,0x69,0x69,0x00,0x00,0x00,0x66,
	0x99,0x69,0x99,0x69,0x96,0x99,0x99,0x99,0xA0,0x00,0x00,0x00,0x09,0x96,0x99,0x66,0x66,0x66,0x66,0x66,0x66,0x66,0x66,0x66,
	0x66,0x66,0x69,0x96,0x69,0x60,0x00,0xCA,0x66,0x69,0x99,0x99,0x40,0xA0,0x00,0x49,0x39,0x69,0x96,0x96,0x66,0x96,0x96,0x99,
	0x69,0x39,0x00,0x08,0x00,0x00,0x00,0x00,0x00,0x00,0x00,0x08,0x99,0x66,0x66,0x66,0x60,0x00,0x00,0x00,0x00,0x8A,0x99,0x99,
	0x99,0x99,0x99,0x99,0x99,0x99,0x99,0x99,0x99,0x9A,0x00,0x00,0x00,0x00,0x00,0x00,0x00,0x00,0x00,0x00,0x00,0xA6,0x99,0x99,
	0x99,0x9A,0x00,0x00,0x00,0x00,0x00,0x00,0x00,0xA9,0x99,0x99,0x99,0x99,0x99,0x99,0x96,0x99,0x96,0x66,0x69,0x96,0x99,0x99,
	0x99,0x99,0x99,0x99,0x99,0x99,0x99,0x99,0x99,0x96,0xA0,0x00,0x06,0x00,0x00,0x00,0x00,0xFF,0x66,0x96,0x69,0x96,0x96,0x96,
	0x66,0x66,0x66,0x69,0x66,0x69,0x66,0x66,0x69,0x69,0x66,0x80,0x69,0x69,0x99,0x99,0x69,0x99,0x99,0x99,0x99,0x99,0x99,0x99,
	0x99,0x96,0x00,0x99,0x99,0x96,0x99,0x99,0x99,0x99,0x99,0x99,0x99,0x99,0x99,0x99,0x99,0x99,0x99,0x99,0x99,0x99,0x99,0x99,
	0x99,0x99,0x99,0x96,0x0A,0x99,0x99,0x99,0x99,0x99,0x99,0x99,0x66,0x66,0x69,0x96,0x69,0x96,0x69,0x99,0x69,0x69,0x66,0x66,
	0x69,0x66,0x69,0x96,0x66,0x66,0x66,0x69,0x99,0x99,0x69,0x99,0x96,0x99,0x99,0x69,0x96,0x06,0x99,0x96,0x69,0x66,0x66,0x66,
	0x66,0x66,0x66,0x69,0x66,0x66,0x6A,0x00,0x00,0x00,0x00,0x0A,0x66,0x66,0x66,0x66,0x69,0x69,0x66,0x66,0x66,0x60,0x06,0x66,
	0x66,0x60,0x00,0xFF,0x96,0x69,0x66,0x66,0x66,0x66,0x44,0x66,0x66,0x66,0x60,0x06,0x66,0x66,0x66,0x66,0x66,0x96,0x66,0x66,
	0x00,0x00,0x00,0x00,0x0A,0x96,0x66,0x69,0x66,0x66,0x66,0x66,0x66,0x66,0x66,0x66,0x60,0x00,0x00,0x00,0x86,0x66,0x60,0x00,
	0x00,0x66,0x66,0x66,0x66,0x68,0x00,0x00,0x00,0x00,0x09,0x00,0x00,0x00,0x99,0x40,0x00,0x00,0x66,0x66,0x60,0x00,0x06,0x00,
	0x00,0x00,0x00,0x00,0x00,0x00,0x00,0x00,0x00,0x00,0x00,0x00,0x00,0x00,0x06,0x66,0x66,0x66,0x66,0x00,0x00,0x00,0x00,0x00,
	0x66,0x66,0x40,0x00,0x00,0x06,0x69,0x96,0x66,0x69,0x66,0x99,0x96,0x99,0x99,0x60,0x00,0x00,0x96,0x96,0x69,0x66,0x66,0x66,
	0x66,0x66,0x66,0x66,0x66,0x66,0x66,0x66,0x66,0x66,0x69,0x60,0x00,0xCA,0x69,0x69,0x99,0x94,0x00,0x88,0x00,0x0A,0x96,0x66,
	0x66,0x66,0x96,0x93,0x93,0x99,0x99,0x90,0x00,0x00,0x00,0x00,0x00,0x00,0x00,0x00,0x00,0x00,0xA9,0x66,0x66,0x66,0x60,0x00,
	0x00,0x00,0x00,0x0A,0x99,0x99,0x99,0x99,0x99,0x99,0x99,0x99,0x99,0x99,0x96,0x80,0x00,0x00,0x00,0x00,0x00,0x00,0x00,0x00,
	0x00,0x00,0x04,0x99,0x99,0x99,0x99,0x9A,0x00,0x00,0x00,0x00,0x00,0x00,0x00,0x09,0x99,0x99,0x99,0x99,0x99,0x99,0x99,0x99,
	0x99,0x96,0x6A,0xA0,0x0A,0xAA,0x99,0x99,0x99,0x99,0x99,0x99,0x99,0x99,0x99,0x66,0x60,0x00,0x06,0x00,0x00,0x00,0x00,0xFF,
	0x66,0x66,0x66,0x66,0x66,0x96,0x96,0x66,0x66,0x66,0x99,0x66,0x66,0x66,0x96,0x66,0x96,0xA0,0x46,0x96,0x69,0x99,0x99,0x69,
	0x99,0x99,0x99,0x99,0x99,0x99,0x99,0x99,0x00,0x99,0x99,0x99,0x99,0x99,0x99,0x99,0x99,0x99,0x99,0x99,0x99,0x99,0x99,0x99,
	0x99,0x99,0x99,0x99,0x99,0x99,0x99,0x99,0x99,0x94,0x06,0x99,0x99,0x99,0x99,0x99,0x99,0x99,0x99,0x99,0x99,0x99,0x99,0x99,
	0x96,0x69,0x99,0x99,0x99,0x66,0x66,0x96,0x69,0x66,0x66,0x66,0x66,0x99,0x69,0x99,0x69,0x99,0x96,0x69,0x99,0x96,0x99,0x06,
	0x66,0x69,0x99,0x66,0x66,0x66,0x66,0x66,0x66,0x66,0x66,0x66,0x66,0x66,0x66,0x66,0x66,0x66,0x66,0x66,0x66,0x66,0x69,0x69,
	0x66,0x66,0x66,0x60,0x06,0x66,0x66,0x90,0x00,0xFF,0x66,0x69,0x66,0x66,0x66,0xA8,0x08,0x00,0x00,0x08,0xA0,0x06,0x66,0x69,
	0x66,0x66,0x66,0x66,0x66,0x66,0x00,0x00,0x00,0x00,0x08,0x66,0x66,0x66,0x66,0x96,0x66,0x66,0x66,0x66,0x66,0x66,0x60,0x00,
	0x00,0x46,0x66,0x66,0x00,0x00,0x06,0x66,0x66,0x66,0x66,0x66,0xA0,0x00,0x00,0x00,0x09,0x60,0x00,0x00,0x69,0x60,0x00,0x00,
	0x86,0x66,0x80,0x00,0x0A,0x00,0x00,0x00,0x00,0x00,0x00,0x00,0x00,0x00,0x00,0x00,0x00,0x00,0x00,0x00,0x66,0x66,0x66,0x66,
	0x66,0x60,0x00,0x00,0x00,0x00,0x66,0x66,0x6A,0x00,0x00,0x00,0x66,0x69,0x66,0x69,0x69,0x99,0x96,0x96,0x99,0x99,0x99,0x66,
	0x66,0x66,0x66,0x66,0x66,0x66,0x66,0x66,0x66,0x66,0x66,0x66,0x66,0x66,0x69,0x69,0x69,0x60,0x00,0xCA,0x66,0x69,0x99,0x60,
	0x00,0x00,0x00,0x00,0x66,0x66,0x66,0x66,0x66,0x99,0x99,0x99,0x6A,0x00,0x00,0x00,0x00,0x00,0x00,0x00,0x00,0x00,0x00,0x00,
	0x06,0x66,0x66,0x66,0x80,0x00,0x00,0x00,0x00,0x04,0x99,0x99,0x99,0x99,0x99,0x99,0x99,0x99,0x99,0x98,0x80,0x00,0x00,0x00,
	0x00,0x00,0x00,0x00,0x00,0x00,0x00,0x0A,0x99,0x99,0x99,0x99,0x99,0x94,0x00,0x00,0x00,0x00,0x00,0x00,0x00,0x06,0x99,0x99,
	0x99,0x99,0x99,0x99,0x99,0x96,0x00,0x00,0x00,0x00,0x00,0x00,0x00,0x69,0x99,0x99,0x99,0x99,0x99,0x99,0x99,0x96,0x6A,0x00,
	0x06,0x00,0x00,0x00,0x00,0xFF,0x66,0x66,0x66,0x66,0x66,0x66,0x66,0x66,0x66,0x66,0x66,0x66,0x69,0x99,0x96,0x66,0x99,0x60,
	0xA9,0x96,0x69,0x66,0x99,0x96,0x96,0x99,0x99,0x99,0x99,0x99,0x99,0x99,0x00,0x99,0x99,0x99,0x99,0x99,0x99,0x99,0x99,0x69,
	0x99,0x99,0x99,0x99,0x99,0x99,0x99,0x99,0x99,0x99,0x99,0x99,0x99,0x99,0x99,0x96,0x0A,0x99,0x99,0x99,0x99,0x99,0x99,0x99,
	0x99,0x99,0x99,0x99,0x99,0x99,0x99,0x99,0x99,0x99,0x99,0x99,0x69,0x66,0x66,0x69,0x66,0x69,0x99,0x99,0x96,0x96,0x69,0x66,
	0x99,0x69,0x96,0x99,0x96,0x06,0x66,0x96,0x69,0x66,0x66,0x66,0x66,0x66,0x66,0x66,0x66,0x66,0x66,0x66,0x66,0x66,0x66,0x66,
	0x66,0x66,0x66,0x66,0x66,0x66,0x66,0x66,0x66,0x60,0x06,0x66,0x69,0x60,0x00,0xFF,0x66,0x66,0x66,0x66,0x6A,0x88,0x00,0x00,
	0x00,0x00,0x00,0x00,0x08,0xA6,0x66,0x66,0x66,0x66,0x66,0x66,0x00,0x60,0x00,0x00,0x00,0x66,0x66,0x66,0x66,0x66,0x66,0x66,
	0x66,0x66,0x66,0x66,0x66,0xA0,0xA6,0x66,0x66,0x60,0x00,0x00,0x66,0x66,0x66,0x96,0x66,0x66,0x6A,0x00,0x00,0x00,0x06,0x90,
	0x00,0x00,0x69,0x60,0x00,0x00,0x06,0x66,0x00,0x00,0x00,0x00,0x00,0x00,0x00,0x00,0x00,0x00,0x00,0x00,0x00,0x00,0x08,0xA0,
	0x80,0x08,0x66,0x66,0x66,0x66,0x66,0x64,0x00,0x00,0x00,0x0A,0x66,0x66,0x96,0x00,0x00,0x00,0x66,0x66,0x69,0x69,0x96,0x96,
	0x66,0x99,0x99,0x66,0x66,0x66,0x66,0x66,0x96,0x66,0x66,0x66,0x66,0x66,0x66,0x66,0x66,0x66,0x66,0x66,0x66,0x69,0x69,0x60,
	0x00,0xCA,0x66,0x69,0x96,0x00,0x00,0x00,0x00,0x0A,0x86,0x96,0x66,0x66,0x66,0x99,0x99,0x96,0x40,0x00,0x00,0x00,0x00,0x00,
	0x00,0x00,0x00,0x00,0x00,0x00,0x00,0x46,0x66,0x66,0x60,0x00,0x00,0x00,0x00,0x06,0x99,0x99,0x99,0x99,0x99,0x99,0x99,0x99,
	0x94,0x00,0x00,0x00,0x00,0x00,0x00,0x00,0x00,0x00,0x00,0x00,0x00,0x66,0x99,0x99,0x99,0x99,0x99,0x9A,0x00,0x00,0x00,0x00,
	0x00,0x00,0x00,0x0A,0x99,0x99,0x99,0x99,0x99,0x99,0x94,0x00,0x00,0x00,0x00,0x00,0x08,0x00,0x00,0x06,0x99,0x99,0x99,0x99,
	0x99,0x99,0x99,0x99,0x66,0xA0,0x06,0x00,0x00,0x00,0x00,0xFF,0x99,0x96,0x66,0x66,0x66,0x66,0x66,0x66,0x66,0x66,0x66,0x66,
	0x66,0x69,0x99,0x66,0x69,0xA0,0xA9,0x69,0x99,0x99,0x99,0x99,0x99,0x99,0x99,0x99,0x99,0x99,0x99,0x99,0x00,0x99,0x99,0x99,
	0x99,0x96,0x99,0x99,0x99,0x99,0x99,0x99,0x99,0x99,0x99,0x99,0x99,0x99,0x99,0x99,0x99,0x99,0x99,0x99,0x99,0x96,0x04,0x99,
	0x99,0x99,0x99,0x99,0x99,0x99,0x99,0x99,0x99,0x99,0x99,0x99,0x99,0x99,0x99,0x99,0x99,0x99,0x06,0x99,0x99,0x99,0x66,0x66,
	0x96,0x99,0x69,0x96,0x96,0x99,0x66,0x99,0x99,0x66,0x96,0x04,0x96,0x66,0x66,0x66,0x66,0x66,0x66,0x66,0x66,0x66,0x66,0x66,
	0x66,0x66,0x66,0x66,0x66,0x66,0x66,0x66,0x66,0x66,0x66,0x66,0x96,0x66,0x66,0x60,0x06,0x66,0x66,0x60,0x00,0xFF,0x66,0x66,
	0x69,0x66,0xAA,0x08,0xA0,0xA0,0x00,0x00,0x00,0x08,0x00,0x00,0x00,0x00,0x00,0x68,0x00,0x80,0x00,0x00,0x00,0x00,0x00,0x86,
	0x66,0x66,0x66,0x66,0x66,0x66,0x66,0x66,0x66,0x66,0x66,0x66,0x66,0x66,0x66,0x00,0x00,0x06,0x66,0x66,0x66,0x66,0x66,0x66,
	0x66,0x00,0x00,0x00,0x06,0x60,0x00,0x00,0x06,0x64,0x00,0x00,0x06,0x66,0x00,0x00,0x00,0x00,0x00,0x00,0x00,0x00,0x00,0x00,
	0x00,0x00,0x00,0x00,0x86,0x66,0x66,0x66,0x66,0x66,0x66,0x66,0x66,0x66,0x00,0x00,0x00,0x06,0x66,0x66,0x4A,0x00,0x00,0x00,
	0x09,0x96,0x69,0x69,0x66,0x66,0x66,0x66,0x66,0x66,0x66,0x66,0x66,0x66,0x99,0x66,0x66,0x66,0x66,0x66,0x66,0x66,0x66,0x66,
	0x66,0x66,0x69,0x99,0x69,0x60,0x00,0xCA,0x66,0x99,0x60,0x00,0x00,0x00,0x00,0x00,0x86,0x66,0x66,0x66,0x66,0x99,0x99,0x9A,
	0x00,0x00,0x00,0x00,0x00,0x00,0x00,0x00,0x00,0x00,0x00,0x00,0xA0,0x06,0x66,0x66,0x00,0x00,0x00,0x00,0x00,0x89,0x99,0x99,
	0x99,0x99,0x99,0x99,0x99,0x64,0x00,0x00,0x00,0x00,0x00,0x00,0x00,0x00,0x00,0x00,0x00,0x00,0x69,0x99,0x99,0x99,0x99,0x99,
	0x99,0x96,0x00,0x00,0x00,0x00,0x00,0x00,0x00,0x00,0x99,0x99,0x99,0x99,0x99,0x66,0x00,0x00,0x00,0x00,0x00,0x00,0x00,0x00,
	0x00,0x00,0x49,0x99,0x99,0x99,0x99,0x99,0x99,0x99,0x66,0x66,0xA6,0x00,0x00,0x00,0x00,0xFF,0x66,0x99,0x99,0x66,0x99,0x66,
	0x69,0x96,0x66,0x96,0x66,0x96,0x66,0x99,0x99,0x69,0x66,0x00,0x69,0x99,0x99,0x99,0x99,0x99,0x99,0x99,0x99,0x99,0x99,0x99,
	0x99,0x96,0x00,0x99,0x99,0x99,0x99,0x99,0x99,0x99,0x99,0x99,0x99,0x99,0x99,0x99,0x99,0x99,0x99,0x99,0x99,0x99,0x99,0x99,
	0x99,0x99,0x69,0x96,0x0A,0x99,0x99,0x99,0x99,0x99,0x99,0x99,0x99,0x99,0x99,0x99,0x99,0x99,0x99,0x99,0x99,0x99,0x99,0x99,
	0x06,0x99,0x99,0x99,0x99,0x66,0x69,0x99,0x99,0x96,0x96,0x69,0x96,0x69,0x96,0x69,0x96,0x04,0x66,0x96,0x66,0x66,0x66,0x66,
	0x66,0x66,0x66,0x66,0x66,0x66,0x66,0x66,0x66,0x66,0x66,0x66,0x66,0x66,0x66,0x66,0x66,0x66,0x66,0x66,0x69,0x60,0x06,0x66,
	0x66,0x60,0x00,0xFF,0x66,0x66,0x66,0x66,0xA8,0x08,0x00,0x00,0x00,0x00,0x00,0x00,0x00,0x80,0x00,0x00,0x00,0x00,0x00,0x00,
	0x00,0x00,0x00,0x00,0x0A,0x66,0x66,0x66,0x66,0x66,0x66,0x66,0x66,0x66,0x66,0x66,0x66,0x66,0x66,0x66,0x00,0x00,0x00,0x46,
	0x66,0x66,0x66,0x69,0x66,0x96,0x66,0x60,0x00,0x00,0x66,0x66,0x00,0x00,0x08,0x66,0x00,0x00,0x00,0x66,0x00,0x00,0x06,0x00,
	0x00,0x00,0x00,0x00,0x00,0x00,0x00,0x00,0x00,0x00,0x00,0x46,0x66,0x66,0x66,0x66,0x66,0x66,0x66,0x66,0x60,0x00,0x00,0x00,
	0x00,0x00,0x00,0x00,0x00,0x00,0x00,0x66,0x66,0x66,0x66,0x66,0x66,0x66,0x66,0x66,0x66,0x66,0x66,0x64,0x66,0x66,0x66,0x66,
	0x66,0x66,0x66,0x66,0x66,0x66,0x66,0x66,0x69,0x69,0x66,0x60,0x00,0xCA,0x66,0x9A,0x00,0x00,0x00,0x00,0x00,0x00,0x06,0x66,
	0x66,0x66,0x66,0x99,0x94,0x60,0x00,0x00,0x00,0x00,0x00,0x00,0x00,0x00,0x00,0x00,0x00,0x00,0x80,0x04,0x69,0x66,0x00,0x00,
	0x00,0x00,0x0A,0xA9,0x99,0x99,0x99,0x99,0x99,0x99,0x60,0x00,0x00,0x0A,0x00,0x00,0x00,0x00,0x00,0x00,0x00,0x00,0x00,0xA6,
	0x99,0x99,0x99,0x99,0x99,0x99,0x99,0x96,0x00,0x00,0x00,0x00,0x00,0x00,0x00,0x00,0x09,0x99,0x99,0x6A,0x00,0x00,0x00,0x00,
	0x00,0x00,0x00,0x00,0x00,0x00,0x00,0x80,0x09,0x99,0x99,0x99,0x99,0x99,0x99,0x99,0x96,0x66,0x66,0x00,0x00,0x00,0x00,0xFF,
	0x66,0x69,0x66,0x69,0x96,0x66,0x66,0x66,0x99,0x99,0x96,0x96,0x66,0x99,0x99,0x69,0x99,0x00,0xA6,0x99,0x99,0x99,0x99,0x99,
	0x99,0x99,0x99,0x99,0x99,0x99,0x99,0x99,0x00,0x99,0x99,0x99,0x96,0x99,0x99,0x99,0x99,0x99,0x99,0x99,0x99,0x99,0x99,0x99,
	0x99,0x99,0x99,0x99,0x99,0x99,0x99,0x99,0x99,0x96,0x0A,0x99,0x99,0x99,0x99,0x99,0x99,0x99,0x99,0x99,0x99,0x99,0x99,0x99,
	0x99,0x99,0x99,0x99,0x99,0x99,0x06,0x99,0x99,0x99,0x96,0x66,0x69,0x69,0x99,0x99,0x99,0x99,0x96,0x66,0x99,0x69,0x99,0x06,
	0x96,0x69,0x96,0x66,0x66,0x66,0x66,0x66,0x66,0x66,0x66,0x66,0x66,0x66,0x66,0x66,0x66,0x66,0x66,0x69,0x96,0x96,0x66,0x66,
	0x66,0x96,0x69,0x60,0x06,0x66,0x66,0x60,0x00,0xFF,0x66,0x66,0x66,0x66,0x00,0x80,0x00,0x00,0x00,0x00,0x00,0x00,0x00,0x00,
	0x00,0x00,0x00,0x00,0x00,0x00,0x00,0x00,0x00,0x00,0x00,0x69,0x96,0x66,0x66,0x66,0x66,0x66,0x66,0x66,0x66,0x66,0x66,0x66,
	0x66,0xA0,0x00,0x00,0x04,0x66,0x00,0x00,0x00,0x08,0x0A,0x86,0x66,0x66,0x40,0x04,0x66,0x66,0x00,0x00,0x00,0x66,0x80,0x00,
	0x00,0x46,0x00,0x00,0x06,0x66,0x60,0x00,0x00,0xA4,0x88,0x88,0x00,0x00,0x00,0x00,0x00,0x86,0x66,0x66,0x66,0x66,0x6A,0x4A,
	0x00,0x00,0x00,0x00,0x00,0x00,0x00,0x00,0x00,0x00,0x00,0x00,0x00,0xA6,0x66,0x66,0x66,0x66,0x66,0x66,0x66,0x66,0x66,0x66,
	0x66,0x66,0x66,0x66,0x66,0x66,0x66,0x66,0x66,0x66,0x66,0x66,0x69,0x66,0x66,0x69,0x66,0x60,0x00,0xCA,0x66,0x40,0x00,0x00,
	0x00,0x00,0x00,0x00,0x86,0x66,0x66,0x66,0x66,0x99,0x90,0x00,0x00,0x00,0x00,0x00,0x00,0x00,0x00,0x00,0x00,0x00,0x00,0x00,
	0x00,0x00,0x66,0x66,0x00,0x00,0x00,0x00,0x80,0x09,0x99,0x99,0x99,0x99,0x99,0x00,0x00,0x00,0x00,0x00,0x00,0x00,0x00,0x00,
	0x00,0x00,0x00,0x08,0xA6,0x99,0x99,0x99,0x99,0x99,0x99,0x99,0x99,0x99,0x00,0x00,0x00,0x00,0x00,0x00,0x00,0x00,0x08,0x64,
	0xA0,0x00,0x00,0x00,0x00,0x00,0x00,0x00,0x00,0x00,0x00,0x00,0x00,0x00,0x00,0x66,0x99,0x99,0x99,0x99,0x99,0x99,0x96,0x96,
	0x66,0x00,0x00,0x00,0x00,0xFF,0x99,0x99,0x66,0x66,0x99,0x99,0x99,0x96,0x99,0x69,0x99,0x96,0x99,0x99,0x69,0x96,0x99,0x00,
	0x09,0x69,0x99,0x99,0x99,0x99,0x99,0x99,0x99,0x99,0x99,0x99,0x99,0x99,0x00,0x99,0x99,0x99,0x60,0x69,0x99,0x99,0x99,0x99,
	0x99,0x99,0x99,0x99,0x99,0x99,0x99,0x99,0x99,0x99,0x99,0x99,0x99,0x99,0x99,0x96,0x00,0x99,0x99,0x99,0x99,0x99,0x99,0x99,
	0x99,0x99,0x99,0x99,0x99,0x99,0x99,0x99,0x99,0x99,0x99,0x99,0x06,0x99,0x99,0x96,0x69,0x66,0x69,0x69,0x99,0x66,0x96,0x99,
	0x66,0x66,0x99,0x99,0x66,0x06,0x69,0x66,0x66,0x66,0x66,0x66,0x66,0x66,0x66,0x66,0x66,0x66,0x66,0x66,0x66,0x66,0x66,0x66,
	0x69,0x66,0x66,0x66,0x66,0x69,0x66,0x69,0x66,0x60,0x06,0x96,0x66,0x60,0x00,0xFF,0x66,0x66,0x66,0x66,0xA8,0x8A,0x00,0x00,
	0x00,0x00,0x00,0x00,0x00,0x00,0x00,0x00,0x00,0x00,0x00,0x00,0x00,0x00,0x00,0x00,0x00,0x66,0x96,0x66,0x66,0x66,0x66,0x66,
	0x66,0x66,0x66,0x66,0x66,0x66,0xA0,0x00,0x00,0x00,0x66,0x68,0x00,0x00,0x00,0x00,0x00,0x00,0x00,0x00,0x00,0x00,0x00,0x88,
	0x40,0x00,0x00,0x06,0x60,0x00,0x00,0x06,0x00,0x00,0x06,0x66,0x60,0x00,0x00,0x46,0x66,0x66,0x66,0x66,0xA0,0x00,0x00,0x66,
	0x66,0x66,0x60,0x00,0x00,0x00,0x00,0x00,0x00,0x00,0x00,0x00,0x00,0x00,0x00,0x00,0x00,0x00,0x0A,0x66,0x66,0x66,0x66,0x66,
	0x66,0x66,0x66,0x66,0x66,0x66,0x96,0x64,0x66,0x66,0x66,0x66,0x66,0x66,0x66,0x66,0x66,0x66,0x66,0x96,0x66,0x66,0x66,0x60,
	0x00,0xCA,0x60,0x00,0x00,0x00,0x00,0x00,0x00,0x00,0x66,0x66,0x66,0x66,0x66,0x69,0x00,0x00,0x00,0x00,0x00,0x00,0x00,0x00,
	0x48,0xA4,0x00,0x00,0x00,0x00,0x00,0x00,0xA6,0x66,0x00,0x00,0x00,0x00,0x00,0x89,0x99,0x99,0x99,0x4A,0x00,0x00,0x00,0x00,
	0x00,0x00,0x00,0x00,0x00,0x00,0x00,0x00,0x00,0x49,0x99,0x99,0x99,0x99,0x99,0x99,0x99,0x99,0x99,0x99,0x00,0x00,0x00,0x00,
	0x00,0x00,0x00,0x00,0x00,0x00,0x00,0x00,0x00,0x00,0x00,0x00,0x00,0x00,0x00,0x00,0x00,0x00,0x00,0x00,0x00,0x06,0x99,0x99,
	0x99,0x99,0x99,0x99,0x99,0x96,0x66,0x00,0x00,0x00,0x00,0xFF,0x96,0x66,0x99,0x66,0x99,0x69,0x69,0x96,0x99,0x66,0x96,0x69,
	0x96,0x66,0x69,0x96,0x99,0x00,0x09,0x99,0x99,0x99,0x99,0x99,0x99,0x99,0x99,0x99,0x99,0x99,0x99,0x96,0x00,0x99,0x99,0x99,
	0x60,0x69,0x99,0x99,0x99,0x99,0x99,0x99,0x99,0x99,0x40,0x06,0x99,0x99,0x99,0x99,0x99,0x99,0x99,0x99,0x99,0x98,0x00,0x99,
	0x99,0x99,0x99,0x99,0x99,0x99,0x99,0x99,0x99,0x99,0x99,0x99,0x99,0x99,0x99,0x99,0x99,0x99,0x06,0x96,0x99,0x99,0x66,0x66,
	0x69,0x66,0x99,0x69,0x99,0x99,0x96,0x96,0x66,0x66,0x69,0x06,0x66,0x66,0x66,0x66,0x66,0x66,0x66,0x66,0x66,0x66,0x66,0x66,
	0x66,0x66,0x99,0x66,0x66,0x66,0x66,0x66,0x66,0x66,0x66,0x69,0x99,0x96,0x66,0x60,0x06,0x96,0x66,0x60,0x00,0xFF,0x66,0x66,
	0x66,0x64,0xA0,0xA0,0x00,0x00,0x00,0x00,0x00,0x00,0x00,0x00,0x00,0x00,0x00,0x00,0x00,0x00,0x00,0x00,0x00,0x00,0xA9,0x96,
	0x99,0x66,0x66,0x66,0x66,0x66,0x66,0x66,0x66,0x66,0x66,0x00,0x00,0x00,0x00,0x06,0x66,0x60,0x00,0x00,0x00,0x00,0x00,0x00,
	0x00,0x00,0x00,0x00,0x00,0x00,0x00,0x00,0x00,0x06,0x60,0x00,0x00,0x06,0x00,0x00,0x06,0x66,0x60,0x00,0x00,0xA6,0x66,0x66,
	0x66,0x66,0x80,0x00,0x08,0x66,0x66,0x66,0x00,0x00,0x00,0x00,0x00,0x00,0x00,0x00,0x00,0x00,0x00,0x00,0x00,0x00,0x00,0x00,
	0x06,0x66,0x66,0x66,0x66,0x66,0x66,0x66,0x66,0x66,0x66,0x66,0x66,0x69,0x66,0x66,0x66,0x66,0x66,0x66,0x66,0x66,0x66,0x66,
	0x66,0x66,0x66,0x69,0x96,0x60,0x00,0xCA,0x00,0x00,0x00,0x00,0x00,0x00,0x00,0x00,0x66,0x99,0x66,0x66,0x96,0x66,0x80,0x00,
	0x00,0x00,0x00,0x00,0x00,0x06,0x99,0x99,0x64,0x00,0x00,0x00,0x00,0x00,0x06,0x66,0x00,0x00,0x00,0x00,0x00,0xA9,0x99,0x96,
	0x80,0x80,0x00,0x00,0x00,0x00,0x00,0x00,0x00,0x00,0x00,0x00,0x00,0x0A,0x89,0x99,0x99,0x99,0x99,0x99,0x99,0x99,0x99,0x99,
	0x99,0x99,0x80,0xA0,0x00,0x00,0x00,0x00,0x00,0x00,0x00,0x00,0x00,0x80,0x00,0x00,0x00,0x00,0x00,0x00,0x00,0x00,0x00,0x00,
	0x00,0x00,0x00,0x00,0x99,0x99,0x99,0x99,0x99,0x99,0x99,0x99,0x96,0x00,0x00,0x00,0x00,0xFF,0x69,0x69,0x99,0x99,0x69,0x66,
	0x66,0x96,0x69,0x66,0x99,0x99,0x66,0x96,0x69,0x99,0x99,0x00,0x09,0x99,0x99,0x99,0x99,0x99,0x99,0x99,0x99,0x99,0x99,0x99,
	0x99,0x96,0x00,0x99,0x99,0x99,0x40,0x69,0x99,0x99,0x99,0x99,0x99,0x99,0x99,0x99,0x00,0x00,0x99,0x99,0x99,0x99,0x99,0x99,
	0x99,0x99,0x99,0x00,0x06,0x99,0x99,0x99,0x99,0x99,0x99,0x99,0x99,0x99,0x99,0x99,0x99,0x99,0x99,0x99,0x96,0x99,0x99,0x99,
	0x06,0x96,0x99,0x99,0x99,0x66,0x66,0x66,0x99,0x99,0x66,0x99,0x69,0x96,0x66,0x96,0x96,0x06,0x66,0x69,0x66,0x69,0x66,0x66,
	0x66,0x66,0x66,0x66,0x66,0x66,0x66,0x69,0x69,0x66,0x66,0x66,0x66,0x66,0x66,0x69,0x66,0x96,0x96,0x99,0x66,0x60,0x06,0x66,
	0x66,0x60,0x00,0xFF,0x66,0x66,0x66,0x66,0x88,0xA8,0x00,0x00,0x00,0x00,0x00,0x00,0x00,0x00,0x00,0x00,0x00,0x00,0x00,0x00,
	0x00,0x00,0x00,0xA6,0x69,0x66,0x66,0x66,0x66,0x66,0x99,0x66,0x66,0x66,0x66,0x68,0x00,0x00,0x00,0x00,0x00,0x66,0x66,0x00,
	0x00,0x00,0x00,0x00,0x00,0x00,0x00,0x00,0x00,0x00,0x00,0x00,0x00,0x00,0x00,0x0A,0x66,0x00,0x00,0x06,0x00,0x00,0x0A,0x66,
	0x60,0x00,0x00,0x66,0x66,0x66,0x66,0xA0,0x00,0x00,0x06,0x66,0x66,0x66,0x00,0x00,0x00,0x00,0x00,0x00,0x00,0x00,0x00,0x00,
	0x00,0x00,0x00,0x0A,0x40,0xA0,0x66,0x66,0x66,0x66,0x66,0x66,0x66,0x66,0x66,0x66,0x66,0x64,0x66,0x66,0x66,0x66,0x66,0x66,
	0x66,0x66,0x66,0x66,0x66,0x66,0x66,0x69,0x69,0x99,0x66,0x80,0x00,0xCA,0x00,0x00,0x00,0x00,0x00,0x00,0x00,0x08,0x66,0x66,
	0x66,0x66,0x66,0x60,0x00,0x00,0x00,0x00,0x00,0x00,0x08,0x99,0x99,0x99,0x94,0x00,0x00,0x00,0x00,0x00,0x06,0x66,0x00,0x00,
	0x00,0x00,0x00,0xA9,0x68,0x00,0x00,0x00,0x00,0x00,0x00,0x00,0x00,0x00,0x00,0x00,0x00,0x00,0x00,0x46,0x99,0x99,0x99,0x99,
	0x99,0x99,0x99,0x99,0x99,0x99,0x99,0x99,0x00,0x00,0x00,0x00,0x00,0x00,0x00,0x00,0x00,0x00,0x00,0x00,0x00,0x00,0x00,0x00,
	0x00,0x00,0x00,0x00,0x00,0x00,0x00,0x00,0x00,0x00,0x69,0x99,0x99,0x99,0x99,0x99,0x99,0x99,0x96,0x00,0x00,0x00,0x00,0xFF,
	0x99,0x69,0x96,0x99,0x96,0x66,0x66,0x99,0x96,0x66,0x99,0x99,0x96,0x66,0x69,0x99,0x99,0x00,0x09,0x99,0x99,0x99,0x99,0x99,
	0x99,0x99,0x99,0x99,0x99,0x99,0x99,0x94,0x00,0x99,0x99,0x99,0xA0,0x69,0x99,0x99,0x99,0x99,0x99,0x99,0x99,0xA0,0x00,0x00,
	0x99,0x99,0x99,0x99,0x99,0x99,0x99,0x99,0x99,0x00,0x69,0x99,0x99,0x99,0x99,0x99,0x99,0x99,0x99,0x99,0x44,0x99,0x99,0x99,
	0x99,0x99,0x99,0x99,0x99,0x96,0x04,0x69,0x69,0x96,0x99,0x96,0x69,0x96,0x99,0x96,0x99,0x99,0x69,0x99,0x66,0x66,0x69,0x06,
	0x96,0x96,0x66,0x69,0x66,0x66,0x66,0x66,0x66,0x66,0x66,0x66,0x66,0x66,0x69,0x69,0x66,0x66,0x66,0x66,0x66,0x66,0x66,0x96,
	0x96,0x69,0x96,0x60,0x06,0x66,0x66,0x60,0x00,0xFF,0x66,0x66,0x66,0x66,0x44,0x80,0x88,0x00,0x00,0x00,0x00,0x00,0x00,0x00,
	0x00,0x00,0x00,0x00,0x00,0x00,0x00,0xA6,0x66,0x66,0x66,0x66,0x96,0x66,0x66,0x96,0x66,0x66,0x66,0x00,0x00,0x00,0x00,0x00,
	0x00,0x00,0x66,0x66,0x69,0x64,0x00,0x00,0x00,0x00,0x00,0x00,0x00,0x00,0x00,0x00,0x00,0x00,0x00,0x00,0x00,0x00,0x0A,0x00,
	0x00,0x06,0x00,0x00,0x00,0x66,0x68,0x00,0x06,0x66,0x66,0x68,0x00,0x00,0x00,0x00,0x66,0x66,0x66,0x60,0x00,0x00,0x00,0x00,
	0x00,0x00,0x00,0x00,0xAA,0x66,0x66,0x66,0x66,0x66,0x66,0x66,0x66,0x66,0x66,0x66,0x66,0x66,0x66,0x66,0x66,0x66,0x69,0x96,
	0x66,0x96,0x66,0x66,0x66,0x66,0x66,0x66,0x66,0x66,0x66,0x99,0x96,0x66,0x66,0x66,0x80,0x00,0x00,0xCA,0x00,0x00,0x00,0x00,
	0x00,0x00,0x00,0x0A,0x66,0x66,0x66,0x66,0x66,0x00,0x08,0x00,0x00,0x00,0x00,0x00,0x99,0x99,0x99,0x99,0x99,0xA0,0x00,0x00,
	0x00,0x08,0x08,0x6A,0x00,0x00,0x00,0x00,0x00,0x40,0x00,0x00,0x00,0x00,0x00,0x00,0x00,0x00,0x00,0x00,0x00,0x00,0x00,0xA6,
	0x99,0x99,0x99,0x99,0x99,0x99,0x99,0x99,0x99,0x99,0x99,0x99,0x99,0x99,0x00,0x00,0x00,0x00,0x00,0x00,0x00,0x00,0x00,0x00,
	0x00,0x00,0x00,0x00,0x00,0x00,0x00,0x00,0x00,0x00,0x00,0x00,0x00,0x00,0x00,0x08,0x06,0x99,0x99,0x99,0x99,0x99,0x99,0x99,
	0x96,0x00,0x00,0x00,0x00,0xFF,0x66,0x66,0x66,0x66,0x69,0x99,0x66,0x66,0x99,0x99,0x96,0x99,0x96,0x66,0x69,0x96,0x96,0x00,
	0x09,0x69,0x69,0x99,0x99,0x99,0x99,0x99,0x99,0x99,0x99,0x99,0x99,0x9A,0x00,0x99,0x99,0x99,0xA0,0x69,0x99,0x99,0x99,0x99,
	0x99,0x99,0x98,0x00,0x00,0x00,0x99,0x99,0x99,0x99,0x99,0x99,0x99,0x99,0x99,0x00,0xA9,0x99,0x99,0x99,0x99,0x99,0x99,0x99,
	0x99,0x90,0x00,0x09,0x99,0x99,0x99,0x99,0x99,0x99,0x99,0x99,0x0A,0x99,0x99,0x99,0x99,0x66,0x96,0x99,0x99,0x99,0x99,0x99,
	0x99,0x99,0x99,0x69,0x69,0x06,0x96,0x96,0x66,0x66,0x66,0x66,0x6A,0x00,0x08,0x66,0x69,0x66,0x60,0x09,0x66,0x66,0x66,0x66,
	0x66,0x96,0x66,0x66,0x96,0x96,0x69,0x69,0x96,0x60,0x06,0x66,0x66,0x60,0x00,0xFF,0x66,0x66,0x66,0x66,0x64,0xA8,0x00,0x00,
	0x00,0x00,0x00,0x00,0xA0,0x00,0x00,0x00,0x00,0x84,0x66,0x66,0x00,0x46,0x96,0x66,0x69,0x66,0x96,0x66,0x66,0x96,0x66,0x66,
	0x60,0x00,0x00,0x00,0x00,0x00,0x00,0x04,0x48,0x80,0x00,0x88,0x00,0x00,0x00,0x00,0x80,0x00,0x00,0x00,0x00,0x00,0x00,0x00,
	0x00,0x00,0x00,0x00,0x00,0x00,0x00,0x66,0x80,0x00,0x00,0x66,0x66,0x00,0x06,0x64,0x80,0x00,0x00,0x00,0x00,0x00,0x66,0x66,
	0x66,0x6A,0x00,0x00,0x00,0x00,0x84,0x66,0x66,0x66,0x66,0x66,0x66,0x66,0x66,0x66,0x66,0x66,0x66,0x66,0x66,0x66,0x66,0x66,
	0x66,0x66,0x66,0x66,0x66,0x66,0x66,0x99,0x66,0x66,0x66,0x66,0x66,0x66,0x66,0x66,0x66,0x66,0x66,0x96,0x66,0x68,0x00,0x00,
	0x00,0xCA,0x00,0x00,0x00,0x00,0x00,0x00,0x00,0x86,0x66,0x66,0x66,0x66,0x6A,0x80,0x00,0x00,0x00,0x00,0x00,0x09,0x99,0x99,
	0x99,0x99,0x99,0x90,0x00,0x00,0x00,0x00,0x08,0x66,0x00,0x00,0x00,0x00,0x00,0x00,0x00,0x00,0x00,0x00,0x00,0x00,0x00,0x00,
	0x00,0x00,0x00,0x00,0x06,0x93,0x99,0x99,0x99,0x99,0x99,0x99,0x99,0x99,0x99,0x99,0x99,0x99,0x99,0x99,0x40,0x00,0x00,0x00,
	0x00,0x00,0x00,0x00,0x00,0x00,0x00,0x00,0x00,0x00,0x00,0x00,0x00,0x00,0x00,0x0A,0x00,0x00,0x00,0x00,0x00,0x00,0x00,0x99,
	0x99,0x99,0x99,0x99,0x99,0x99,0x96,0x00,0x00,0x00,0x00,0xFF,0x66,0x66,0x66,0x66,0x66,0x99,0x99,0x96,0x66,0x99,0x96,0x66,
	0x99,0x99,0x96,0x66,0x69,0x00,0x06,0x96,0x99,0x96,0x99,0x99,0x99,0x99,0x99,0x99,0x99,0x96,0x99,0x9A,0x00,0x69,0x69,0x99,
	0x80,0xA9,0x99,0x99,0x99,0x99,0x99,0x96,0x00,0x00,0x00,0x06,0x99,0x99,0x99,0x99,0x99,0x99,0x99,0x99,0x99,0x00,0x09,0x99,
	0x99,0x99,0x99,0x99,0x99,0x99,0x99,0xA0,0x00,0x06,0x99,0x99,0x99,0x99,0x99,0x99,0x99,0x99,0x0A,0x99,0x99,0x99,0x99,0x96,
	0x69,0x69,0x99,0x99,0x99,0x99,0x99,0x99,0x99,0x96,0x69,0x06,0x66,0x66,0x66,0x66,0x66,0xA0,0x00,0x00,0x00,0x66,0x66,0x66,
	0x00,0x00,0x66,0x66,0x66,0x66,0x66,0x66,0x66,0x96,0x66,0x69,0x99,0x66,0x96,0x60,0x06,0x69,0x69,0x60,0x00,0xFF,0x66,0x66,
	0x66,0x66,0x66,0x4A,0x88,0x00,0x00,0xA0,0x00,0x00,0x88,0x86,0xA4,0x66,0x66,0x66,0x66,0x66,0x00,0xA6,0x66,0x66,0x66,0x96,
	0x99,0x99,0x96,0x99,0x99,0x66,0xA0,0x00,0x00,0x00,0x00,0x00,0x00,0x00,0x00,0x0A,0x8A,0xAA,0xAA,0xAA,0xAA,0x80,0x00,0x00,
	0x00,0x00,0x88,0x48,0x00,0x00,0x00,0x00,0x00,0x00,0x00,0x60,0x04,0x66,0x80,0x00,0x00,0x66,0x66,0x68,0xA0,0x00,0x00,0x00,
	0x00,0x00,0x00,0x06,0x66,0x66,0x66,0x66,0x68,0x8A,0x66,0x66,0x66,0x66,0x66,0x66,0x66,0x66,0x66,0x66,0x66,0x66,0x66,0x66,
	0x66,0x66,0x66,0x66,0x66,0x66,0x66,0x66,0x66,0x66,0x63,0x69,0x66,0x66,0x66,0x69,0x66,0x66,0x66,0x66,0x66,0x66,0x66,0x66,
	0x66,0x99,0x96,0x80,0x00,0x00,0x00,0xCA,0x00,0x00,0x00,0x00,0x00,0x00,0x00,0x86,0x66,0x66,0x66,0x66,0x60,0x00,0x00,0x00,
	0x00,0x00,0x00,0x99,0x99,0x99,0x99,0x99,0x99,0x90,0x00,0x00,0x00,0x00,0x08,0x6A,0x00,0x00,0x00,0x00,0x00,0x00,0x00,0x00,
	0x00,0x00,0x00,0x00,0x00,0x00,0x00,0x00,0x00,0x0A,0x99,0x33,0x99,0x99,0x99,0x99,0x99,0x99,0x99,0x99,0x99,0x99,0x99,0x99,
	0x99,0x99,0x60,0x00,0x00,0x00,0x00,0x00,0x00,0x00,0x00,0x00,0x00,0x00,0x00,0x00,0x00,0x00,0x00,0x0A,0x69,0x66,0x90,0x00,
	0x00,0x00,0x00,0x00,0x08,0x49,0x99,0x99,0x99,0x99,0x99,0x99,0x96,0x00,0x00,0x00,0x00,0xFF,0x66,0x66,0x66,0x69,0x66,0x66,
	0x99,0x99,0x66,0x66,0x96,0x66,0x99,0x99,0x96,0x69,0x66,0x00,0x09,0x99,0x99,0x99,0x99,0x99,0x99,0x99,0x99,0x99,0x99,0x99,
	0x99,0x90,0x00,0x69,0x66,0x99,0x00,0xA9,0x99,0x99,0x99,0x99,0x9A,0x00,0x00,0x00,0x00,0xA9,0x99,0x99,0x99,0x93,0x30,0x09,
	0x99,0x99,0x99,0x00,0x09,0x99,0x99,0x99,0x99,0x99,0x66,0x66,0x99,0x00,0x00,0x0A,0x99,0x99,0x99,0x99,0x99,0x99,0x99,0x99,
	0x0A,0x99,0x99,0x99,0x99,0x99,0x99,0x96,0x69,0x99,0x99,0x99,0x96,0x99,0x99,0x99,0x99,0x06,0x99,0x69,0x66,0x60,0x00,0x00,
	0x00,0x00,0x00,0x66,0x69,0x60,0x00,0x00,0x66,0x66,0x69,0x66,0x66,0x66,0x66,0x69,0x69,0x96,0x99,0x96,0x99,0x60,0x09,0x69,
	0x99,0x90,0x00,0xFF,0x66,0x96,0x66,0x69,0x96,0x66,0x66,0x66,0x66,0x66,0x00,0x09,0x66,0x99,0x69,0x66,0x69,0x99,0x69,0x96,
	0x00,0xA6,0x66,0x66,0x66,0x66,0x66,0x99,0x99,0x99,0x99,0x96,0x00,0x00,0x00,0x00,0x00,0x46,0x69,0x99,0x96,0x99,0x99,0x96,
	0x66,0x66,0x69,0x99,0x99,0x96,0x66,0x69,0x66,0x80,0x00,0x00,0x0A,0x66,0x00,0x00,0x06,0x66,0x66,0x66,0x60,0x00,0x00,0x00,
	0x00,0x00,0x00,0x00,0x00,0x00,0x00,0x00,0x04,0x66,0x66,0x66,0x66,0x66,0x66,0x66,0x66,0x66,0x66,0x66,0x66,0x66,0x66,0x66,
	0x66,0x66,0x66,0x66,0x66,0x66,0x66,0x66,0x66,0x66,0x66,0x66,0x66,0x66,0x66,0x66,0x66,0x66,0x96,0x69,0x66,0x66,0x66,0x66,
	0x66,0x66,0x66,0x69,0x66,0x66,0x66,0x96,0x60,0x00,0x00,0x00,0x00,0xCA,0x00,0x00,0x00,0x00,0x00,0x00,0x08,0x86,0x66,0x66,
	0x66,0x66,0x00,0x00,0x00,0x00,0x0A,0x00,0x09,0x99,0x99,0x99,0x99,0x99,0x99,0x9A,0x00,0x00,0x00,0x00,0x00,0x00,0x00,0x00,
	0x00,0x00,0x00,0x00,0x00,0x00,0x00,0x00,0x00,0x00,0x00,0x00,0x00,0x00,0x46,0x96,0x69,0x99,0x69,0x99,0x99,0x99,0x99,0x99,
	0x99,0x99,0x99,0x99,0x99,0x99,0x99,0x99,0x60,0x00,0x00,0x00,0x00,0x00,0x00,0x00,0x00,0x00,0x00,0x00,0x00,0x00,0x00,0x00,
	0x89,0x99,0x66,0x96,0x99,0x00,0x00,0x00,0x00,0x00,0xA0,0x04,0x99,0x99,0x99,0x99,0x99,0x96,0x96,0x00,0x00,0x00,0x00,0xFF,
	0x66,0x66,0x96,0x69,0x96,0x66,0x66,0x99,0x69,0x69,0x69,0x96,0x99,0x99,0x99,0x99,0x96,0x00,0x06,0x99,0x69,0x96,0x66,0x69,
	0x69,0x96,0x69,0x99,0x99,0x99,0x99,0x90,0x00,0x69,0x99,0x99,0x00,0x89,0x96,0x99,0x99,0x96,0x00,0x00,0x00,0x00,0x00,0x93,
	0x99,0x99,0x99,0x39,0x90,0x06,0x33,0x99,0x39,0x00,0x09,0x33,0x39,0x39,0x39,0x99,0x99,0x96,0x63,0x00,0x00,0x06,0x93,0x93,
	0x99,0x99,0x99,0x99,0x93,0x99,0x08,0x99,0x99,0x99,0x99,0x99,0x96,0x93,0x99,0x99,0x99,0x99,0x99,0x99,0x99,0x99,0x99,0x06,
	0x99,0x96,0xA0,0x00,0x00,0x00,0x00,0x00,0x00,0x66,0x66,0x60,0x00,0x00,0x66,0x66,0x66,0x66,0x66,0x66,0x66,0x66,0x66,0x66,
	0x99,0x99,0x99,0x90,0x06,0x99,0x99,0x90,0x00,0xFF,0x99,0x69,0x99,0x99,0x99,0x96,0x66,0x66,0x66,0x99,0x00,0x09,0x99,0x99,
	0x66,0x66,0x66,0x96,0x69,0x96,0x00,0x09,0x96,0x66,0x66,0x66,0x66,0x66,0x96,0x69,0x96,0x66,0x00,0x00,0x00,0x08,0x66,0x96,
	0x66,0x66,0x66,0x69,0x99,0x99,0x69,0x66,0x66,0x96,0x96,0x99,0x99,0x69,0x69,0x66,0x66,0x64,0xA0,0x00,0x00,0x00,0x66,0x66,
	0x66,0x66,0x60,0x00,0x00,0x00,0x00,0x00,0x00,0x00,0x00,0x00,0x00,0x06,0x66,0x66,0x66,0x66,0x66,0x66,0x66,0x66,0x66,0x66,
	0x66,0x66,0x66,0x66,0x66,0x66,0x66,0x66,0x66,0x66,0x66,0x66,0x66,0x66,0x66,0x66,0x66,0x66,0x66,0x66,0x66,0x66,0x66,0x66,
	0x69,0x66,0x66,0x66,0x66,0x66,0x66,0x66,0x66,0x66,0x69,0x66,0x66,0x64,0x80,0x08,0x00,0x00,0x00,0xCA,0x00,0x00,0x00,0x00,
	0x00,0x00,0x00,0x66,0x66,0x66,0x66,0x64,0x00,0x00,0x00,0x00,0x00,0x00,0x69,0x99,0x99,0x99,0x99,0x99,0x99,0x96,0x00,0x00,
	0x00,0x00,0x00,0x00,0x00,0x00,0x00,0x00,0x00,0x00,0x00,0x00,0x80,0x00,0x00,0x00,0x00,0x00,0x0A,0x0A,0x00,0x00,0x0A,0x00,
	0x00,0x00,0xA0,0xA4,0x69,0x99,0x99,0x99,0x99,0x99,0x99,0x99,0x99,0x99,0x60,0x00,0x00,0x00,0x00,0x00,0x00,0x00,0x08,0x00,
	0x00,0x00,0x00,0x00,0x00,0x46,0x99,0x99,0x96,0x99,0x99,0x60,0x00,0x00,0x00,0x00,0x00,0x00,0x39,0x99,0x99,0x99,0x93,0x96,
	0x96,0x00,0x00,0x00,0x00,0xFF,0x66,0x96,0x99,0x96,0x99,0x96,0x66,0x66,0x99,0x99,0x99,0x99,0x96,0x96,0x99,0x99,0x96,0x00,
	0x04,0x66,0x66,0x69,0x66,0x66,0x66,0x66,0x66,0x66,0x99,0x99,0x99,0x90,0x00,0x69,0x99,0x99,0x00,0x89,0x99,0x99,0x60,0x00,
	0x00,0x00,0x00,0x00,0x09,0x99,0x39,0x93,0x99,0x99,0x60,0x0A,0x99,0x99,0x93,0x00,0x06,0x99,0x99,0x99,0x99,0x99,0x99,0x99,
	0x99,0x00,0x00,0x09,0x99,0x99,0x99,0x99,0x99,0x99,0x99,0x99,0x00,0x99,0x99,0x99,0x99,0x99,0x99,0x99,0x99,0x99,0x99,0x93,
	0x39,0x99,0x99,0x99,0x33,0x06,0x60,0x00,0x00,0x00,0x00,0x00,0x00,0x00,0x00,0x66,0x66,0xA0,0x00,0x06,0x66,0x66,0x66,0x66,
	0x66,0x66,0x66,0x66,0x66,0x66,0x69,0x69,0x99,0x90,0x06,0x69,0x66,0x60,0x00,0xFF,0x96,0x66,0x66,0x66,0x66,0x66,0x66,0x66,
	0x66,0x66,0x00,0x06,0x69,0x96,0x99,0x99,0x99,0x69,0x96,0x66,0x00,0x06,0x66,0x66,0x66,0x66,0x66,0x66,0x66,0x66,0x60,0x00,
	0x66,0x66,0x66,0x99,0x66,0x66,0x66,0x66,0x66,0x66,0x99,0x99,0x69,0x96,0x66,0x66,0x66,0x69,0x66,0x96,0x99,0x66,0x66,0x66,
	0x66,0x66,0x66,0x80,0x00,0x08,0x66,0x66,0x6A,0x00,0x00,0x00,0x00,0x00,0x00,0x00,0x00,0x00,0x46,0x66,0x66,0x66,0x66,0x66,
	0x66,0x66,0x66,0x66,0x66,0x66,0x66,0x66,0x66,0x66,0x66,0x66,0x66,0x68,0x8A,0x66,0x66,0x66,0x66,0x66,0x40,0x00,0x86,0x66,
	0x66,0x66,0x66,0x66,0x66,0x66,0x66,0x69,0x69,0x99,0x66,0x69,0x66,0x66,0x96,0x69,0x66,0x96,0x66,0x80,0x00,0x00,0x00,0x00,
	0x00,0xCA,0x00,0x00,0x00,0x00,0x00,0x00,0x00,0x96,0x66,0x66,0x66,0x98,0x00,0x00,0x00,0x00,0x00,0x06,0x99,0x99,0x99,0x99,
	0x99,0x99,0x99,0x96,0x80,0x00,0x00,0x00,0x00,0x00,0x00,0x00,0x00,0x00,0x00,0x00,0x00,0x00,0x00,0x00,0x00,0x00,0x00,0x00,
	0x00,0x00,0x80,0x00,0x00,0x00,0x00,0x00,0x00,0x80,0x08,0xA9,0x69,0x99,0x93,0x99,0x99,0x99,0x99,0x99,0x90,0x00,0x00,0x00,
	0x00,0x0A,0xA0,0x00,0x00,0x00,0x00,0x08,0x00,0xA6,0x99,0x99,0x99,0x99,0x96,0x99,0x99,0x99,0x00,0x00,0x00,0x00,0x00,0x00,
	0x89,0x99,0x99,0x99,0x99,0x99,0x36,0x00,0x00,0x00,0x00,0xFF,0x66,0x96,0x69,0x99,0x99,0x69,0x99,0x66,0x66,0x66,0x69,0x69,
	0x66,0x96,0x66,0x66,0x66,0x00,0x08,0x99,0x99,0x99,0x99,0x99,0x99,0x99,0x99,0x96,0x99,0x99,0x99,0x90,0x00,0x09,0x99,0x99,
	0x00,0xA9,0x96,0xA0,0x00,0x00,0x00,0x00,0x00,0x00,0x09,0x99,0x99,0x99,0x99,0x99,0x60,0x08,0x99,0x99,0x99,0x00,0x08,0x99,
	0x99,0x99,0x99,0x99,0x99,0x99,0x99,0x00,0x00,0x09,0x99,0x99,0x99,0x99,0x99,0x93,0x93,0x99,0x00,0x99,0x99,0x99,0x99,0x99,
	0x99,0x99,0x93,0x99,0x99,0x99,0x99,0x99,0x99,0x99,0x94,0x00,0x00,0x00,0x00,0x00,0x00,0x00,0x69,0x00,0x00,0x69,0x99,0x00,
	0x00,0x06,0x96,0x96,0x99,0x66,0x66,0x66,0x96,0x66,0x66,0x66,0x66,0x99,0x66,0x60,0x06,0x99,0x96,0x60,0x00,0xFF,0x66,0x66,
	0x66,0x66,0x66,0x66,0x66,0x66,0x66,0x66,0x00,0x06,0x66,0x66,0x66,0x69,0x99,0x96,0x66,0x6A,0x00,0x06,0x66,0x66,0x66,0x66,
	0x66,0x66,0x66,0x60,0x0A,0x66,0x66,0x66,0x66,0x66,0x66,0x66,0x66,0x66,0x66,0x66,0x66,0x66,0x66,0x66,0x66,0x66,0x96,0x66,
	0x66,0x66,0x99,0x66,0x66,0x96,0x96,0x66,0x66,0x66,0x64,0x00,0x00,0x08,0xA6,0x00,0x00,0x00,0x00,0x00,0x00,0x00,0x08,0x66,
	0x66,0x66,0x66,0x66,0x66,0x66,0x66,0x66,0x66,0x66,0x66,0x66,0x66,0x66,0x66,0x66,0x66,0x66,0x60,0x00,0x00,0x00,0x66,0x66,
	0x66,0x68,0x00,0x00,0x00,0x66,0x66,0x66,0x66,0x66,0x66,0x66,0x66,0x66,0x66,0x66,0x66,0x66,0x99,0x69,0x66,0x69,0x99,0x66,
	0x68,0x00,0x00,0x00,0x00,0x00,0x00,0xCA,0x00,0x00,0x00,0x00,0x00,0x00,0x0A,0x99,0x99,0x96,0x96,0x40,0x00,0x00,0x00,0x00,
	0x00,0x09,0x93,0x39,0x93,0x99,0x99,0x99,0x33,0x99,0x80,0x00,0x00,0x00,0x00,0x00,0x00,0x00,0x00,0x00,0x00,0x00,0x00,0x00,
	0x00,0x00,0x08,0x00,0x00,0x00,0x00,0x00,0x00,0x00,0x00,0x00,0x00,0x00,0x00,0x00,0x00,0x00,0x86,0x99,0x99,0x99,0x99,0x99,
	0x99,0x99,0x90,0x00,0x00,0x00,0x00,0x00,0x99,0x4A,0x00,0xA0,0x60,0xA4,0x99,0x99,0x93,0x99,0x99,0x99,0x99,0x99,0x99,0x96,
	0x00,0x00,0x00,0x00,0x00,0x00,0x06,0x99,0x99,0x99,0x99,0x99,0x96,0x00,0x00,0x00,0x00,0xFF,0x66,0x66,0x99,0x99,0x96,0x66,
	0x66,0x69,0x66,0x69,0x66,0x96,0x66,0x66,0x66,0x66,0x66,0x00,0x00,0x69,0x99,0x99,0x99,0x99,0x99,0x99,0x99,0x99,0x99,0x99,
	0x99,0x90,0x00,0x09,0x99,0x99,0x00,0x0A,0x00,0x00,0x00,0x00,0x00,0x0A,0x00,0x00,0x69,0x99,0x99,0x99,0x99,0x99,0x60,0x00,
	0x99,0x99,0x99,0x00,0x00,0x99,0x99,0x99,0x99,0x99,0x99,0x99,0x33,0x00,0x00,0x09,0x99,0x99,0x99,0x99,0x99,0x99,0x99,0x99,
	0x00,0x99,0x99,0x99,0x99,0x99,0x99,0x99,0x99,0x33,0x99,0x99,0x93,0x99,0x96,0xA0,0x00,0x00,0x00,0x00,0x00,0x00,0x04,0x66,
	0x99,0x00,0x00,0x69,0x99,0x00,0x00,0x09,0x99,0x99,0x99,0x96,0x96,0x96,0x66,0x66,0x66,0x66,0x66,0x66,0x66,0x60,0x04,0x69,
	0x99,0x60,0x00,0xFF,0x69,0x66,0x69,0x99,0x66,0x66,0x66,0x66,0x66,0x66,0x00,0x06,0x66,0x66,0x66,0x66,0x66,0x66,0x66,0x60,
	0x00,0x06,0x66,0x66,0x66,0x66,0x66,0x66,0x6A,0x08,0x66,0x66,0x66,0x66,0x66,0x66,0x66,0x66,0x66,0x66,0x66,0x66,0x66,0x66,
	0x66,0x66,0x66,0x66,0x66,0x66,0x69,0x66,0x69,0x66,0x66,0x66,0x66,0x66,0x66,0x66,0x66,0x66,0x6A,0x80,0x00,0x00,0x40,0x00,
	0x00,0x00,0x08,0xA6,0x66,0x66,0x66,0x66,0x66,0x66,0x66,0x66,0x66,0x66,0x66,0x66,0x66,0x66,0x66,0x66,0x66,0x66,0x66,0x6A,
	0x00,0x00,0x00,0x00,0x06,0x66,0x66,0x60,0x00,0x00,0x00,0x06,0x66,0x66,0x66,0x66,0x66,0x66,0x66,0x66,0x66,0x66,0x66,0x66,
	0x66,0x96,0x96,0x96,0x69,0x66,0x00,0x08,0x00,0x00,0x00,0x00,0x00,0xCA,0x00,0x00,0x00,0x00,0x00,0x00,0x08,0x69,0x99,0x69,
	0x66,0x00,0x00,0x00,0x00,0x00,0x00,0x69,0x96,0x99,0x39,0x99,0x33,0x93,0x99,0x33,0x00,0x00,0x00,0x00,0x00,0x00,0x00,0x00,
	0x00,0x00,0x00,0x00,0x80,0x00,0x00,0x00,0x00,0x00,0x00,0x00,0x00,0x00,0x00,0x00,0x00,0x00,0x00,0x00,0x00,0x00,0x00,0x00,
	0x00,0x46,0x99,0x99,0x99,0x99,0x99,0x99,0x90,0x00,0x00,0x00,0x00,0x00,0x99,0x99,0x69,0x66,0x99,0x99,0x99,0x39,0x39,0x99,
	0x99,0x99,0x99,0x99,0x99,0x99,0xA0,0x00,0x00,0x00,0x00,0x00,0x0A,0x99,0x99,0x99,0x99,0x99,0x96,0x00,0x00,0x00,0x00,0xFF,
	0x66,0x66,0x66,0x66,0x66,0x66,0x66,0x66,0x66,0x66,0x66,0x66,0x66,0x66,0x60,0x00,0x0A,0x00,0x0A,0x66,0x96,0x99,0x99,0x99,
	0x99,0x99,0x99,0x99,0x99,0x99,0x99,0x90,0x00,0x09,0x94,0x00,0x00,0x00,0x00,0x00,0x00,0x00,0x06,0x90,0x00,0x00,0x99,0x99,
	0x99,0x99,0x99,0x99,0xA0,0x00,0x99,0x99,0x99,0x00,0x00,0x99,0x99,0x99,0x99,0x99,0x99,0x99,0x99,0x00,0x00,0x09,0x99,0x99,
	0x99,0x99,0x99,0x99,0x99,0x99,0x00,0x99,0x99,0x99,0x99,0x99,0x99,0x99,0x99,0x93,0x99,0x33,0x96,0x00,0x00,0x00,0x00,0x00,
	0x00,0x00,0x00,0x66,0x69,0x99,0x99,0x00,0x00,0x69,0x99,0x00,0x00,0x09,0x99,0x99,0x99,0x96,0x96,0x66,0x96,0x66,0x66,0x66,
	0x69,0x66,0x66,0x60,0x04,0x66,0x66,0x60,0x00,0xFF,0x66,0x66,0x66,0x66,0x66,0x66,0x66,0x66,0x66,0x66,0x00,0x06,0x66,0x66,
	0x66,0x66,0x66,0x66,0x66,0x60,0x00,0x06,0x66,0x66,0x66,0x66,0x66,0x66,0x00,0x66,0x66,0x66,0x66,0x66,0x66,0x66,0x69,0x66,
	0x66,0x66,0x66,0x66,0x66,0x66,0x66,0x66,0x80,0x00,0x00,0x0A,0xA4,0x46,0x69,0x66,0x66,0x66,0x66,0x66,0x66,0x66,0x66,0x66,
	0x66,0x66,0x66,0x48,0x00,0x04,0x66,0x66,0x66,0x66,0x66,0x66,0x66,0x66,0x66,0x66,0x66,0x66,0x66,0x66,0x66,0x66,0x66,0x66,
	0x66,0x66,0x66,0x66,0x66,0x60,0x00,0x00,0x00,0x00,0x00,0x66,0x66,0x80,0x00,0x00,0x00,0x06,0x66,0x66,0x66,0x66,0x66,0x66,
	0x66,0x66,0x66,0x66,0x66,0x66,0x66,0x66,0x64,0x66,0x99,0x88,0x00,0x00,0x00,0x00,0x00,0x00,0x00,0xCA,0x00,0x00,0x00,0x00,
	0x00,0x00,0x06,0x66,0x66,0x96,0x66,0x80,0x00,0x00,0x00,0x80,0x06,0x99,0x99,0x99,0x99,0x99,0x99,0x99,0x99,0x99,0x40,0x00,
	0x00,0x00,0x00,0x00,0x00,0x00,0x00,0x00,0x00,0x00,0x00,0x00,0x00,0x08,0x0A,0x80,0x00,0x00,0x00,0x00,0x00,0x00,0x00,0x00,
	0x00,0x00,0x00,0x00,0x00,0x00,0x00,0x00,0x69,0x99,0x99,0x99,0x99,0x99,0x98,0x00,0x00,0x00,0x00,0x00,0x99,0x99,0x99,0x99,
	0x99,0x99,0x99,0x99,0x99,0x99,0x99,0x99,0x99,0x99,0x99,0x99,0x60,0x00,0x00,0x00,0x00,0xA0,0x00,0x49,0x99,0x99,0x99,0x99,
	0x96,0x00,0x00,0x00,0x00,0xFF,0x66,0x66,0x66,0x66,0x66,0x66,0x66,0x66,0x66,0x66,0x66,0x66,0x66,0x66,0x00,0x00,0x00,0x00,
	0x04,0x66,0x69,0x99,0x69,0x99,0x99,0x99,0x99,0x99,0x99,0x99,0x99,0x90,0x00,0x00,0x00,0x00,0x00,0x00,0x00,0x00,0x00,0x04,
	0x96,0x90,0x00,0x00,0x99,0x99,0x99,0x99,0x99,0x99,0x00,0x00,0x99,0x99,0x99,0x80,0x00,0x99,0x99,0x99,0x99,0x96,0x00,0x69,
	0x99,0x00,0x00,0x09,0x99,0x99,0x99,0x99,0x99,0x99,0x99,0x99,0x00,0x99,0x99,0x99,0x99,0x99,0x99,0x99,0x99,0x69,0x96,0x48,
	0x00,0x00,0x00,0x00,0x00,0x00,0x00,0x04,0x99,0x66,0x66,0x66,0x66,0x00,0x00,0x69,0x66,0x00,0x00,0x06,0x99,0x99,0x99,0x96,
	0x66,0x69,0x66,0x66,0x66,0x66,0x69,0x66,0x66,0x60,0x04,0x66,0x66,0x60,0x00,0xFF,0x66,0x66,0x66,0x66,0x66,0x69,0x66,0x66,
	0x66,0x66,0x00,0x0A,0x66,0x66,0x66,0x66,0x66,0x66,0x66,0x60,0x00,0xA0,0x00,0x00,0x06,0x66,0x66,0x60,0x86,0x66,0x66,0x66,
	0x66,0x66,0x66,0x66,0x49,0x66,0x96,0x66,0x66,0x66,0x66,0x66,0x66,0x66,0x00,0x00,0x00,0x00,0x00,0x00,0x0A,0x66,0x66,0x66,
	0x69,0x66,0x66,0x66,0x66,0x66,0x66,0x66,0x66,0x66,0x66,0x00,0x08,0x66,0x66,0x66,0x66,0x66,0x66,0x66,0x66,0x66,0x66,0x66,
	0x66,0x66,0x66,0x66,0x66,0x66,0x66,0x66,0x66,0x66,0x66,0x00,0x00,0x00,0x00,0x00,0x00,0x86,0x66,0x00,0x00,0x00,0x00,0x04,
	0x66,0x66,0x66,0x66,0x66,0x66,0x66,0x66,0x66,0x66,0x66,0x66,0x66,0x66,0x66,0x69,0x9A,0x00,0x00,0x00,0x00,0x00,0x00,0x00,
	0x00,0xCA,0x00,0x00,0x00,0x00,0x00,0x00,0x06,0x66,0x66,0x66,0x60,0x00,0x00,0x00,0x00,0x00,0x09,0x99,0x99,0x69,0x69,0x99,
	0x99,0x99,0x99,0x99,0xA0,0x00,0x00,0x00,0x00,0x00,0x00,0x00,0x00,0x00,0x00,0x00,0x00,0x00,0x80,0x00,0x00,0x00,0x00,0x00,
	0x00,0x00,0x00,0x00,0x00,0x00,0x00,0x00,0x00,0x00,0x00,0x00,0x00,0x00,0x04,0x99,0x99,0x99,0x99,0x99,0x96,0x00,0x00,0x00,
	0x00,0x00,0x69,0x99,0x99,0x99,0x99,0x99,0x99,0x99,0x99,0x99,0x99,0x99,0x99,0x99,0x99,0x99,0x9A,0x00,0x00,0x00,0x00,0x00,
	0x00,0x84,0x99,0x99,0x99,0x99,0x96,0x00,0x00,0x00,0x00,0xFF,0x66,0x66,0x66,0x66,0x66,0x66,0x66,0x66,0x66,0x66,0x66,0x66,
	0x66,0x66,0x00,0x00,0x00,0x00,0x00,0x0A,0xA6,0x99,0x99,0x96,0x99,0x99,0x99,0x96,0x66,0x64,0x00,0x00,0x00,0x00,0x00,0x00,
	0x00,0x00,0x00,0x00,0x89,0x99,0x99,0x60,0x00,0x06,0x99,0x99,0x99,0x99,0x99,0x99,0x00,0x00,0x99,0x99,0x99,0x40,0x00,0x99,
	0x99,0x99,0x40,0x00,0x00,0x0A,0x99,0x00,0x00,0x09,0x99,0x99,0x99,0x99,0x99,0x99,0x99,0x99,0x00,0x69,0x99,0x99,0x99,0x99,
	0x99,0x99,0x99,0x60,0x00,0x00,0x00,0x00,0x00,0x00,0x00,0x00,0xA6,0x99,0x99,0x96,0x99,0x99,0x66,0x00,0x00,0x46,0x66,0x00,
	0x00,0x00,0x66,0x66,0x66,0x66,0x69,0x66,0x66,0x66,0x66,0x66,0x66,0x66,0x96,0x60,0x00,0x66,0x66,0x60,0x00,0xFF,0x66,0x66,
	0x66,0x66,0x66,0x66,0x66,0x66,0x66,0x66,0x00,0x00,0x66,0x66,0x66,0x66,0x66,0x66,0x64,0x80,0x00,0x00,0x00,0x00,0x00,0x66,
	0x66,0x0A,0x66,0x66,0x66,0x66,0x66,0x66,0x66,0x66,0x69,0x66,0x66,0x66,0x66,0x66,0x66,0x69,0x66,0x66,0x6A,0xA4,0x44,0x44,
	0x66,0x66,0x66,0x66,0x66,0x66,0x69,0x66,0x66,0x66,0x66,0x66,0x66,0x66,0x66,0x66,0x66,0x66,0x80,0x00,0x66,0x66,0x66,0x66,
	0x66,0x66,0x66,0x66,0x66,0x66,0x66,0x66,0x66,0x66,0x66,0x66,0x66,0x66,0x66,0x66,0x66,0x00,0x00,0x00,0x00,0x00,0x00,0x06,
	0x66,0x00,0x00,0x00,0x00,0x04,0x66,0x66,0x66,0x66,0x66,0x66,0x66,0x66,0x66,0x66,0x66,0x66,0x66,0x66,0x96,0x69,0x00,0x00,
	0x00,0x00,0x00,0x00,0x00,0x00,0x00,0xCA,0x00,0xA0,0x00,0x00,0x00,0x00,0x06,0x66,0x66,0x66,0x68,0x00,0x00,0x00,0x00,0x00,
	0x49,0x96,0x99,0x96,0x69,0x99,0x96,0x99,0x99,0x99,0x80,0x00,0x00,0x00,0x00,0x00,0x00,0x00,0x00,0x00,0x00,0x00,0x08,0x80,
	0x00,0x00,0x00,0x00,0x00,0x00,0x00,0x00,0x00,0x00,0x00,0x00,0x00,0x00,0x00,0x00,0x00,0x00,0x00,0x00,0x00,0x69,0x99,0x99,
	0x99,0x99,0x94,0x00,0x00,0x00,0x00,0x00,0x69,0x99,0x99,0x99,0x99,0x99,0x99,0x99,0x99,0x99,0x99,0x99,0x99,0x99,0x99,0x99,
	0x94,0x00,0x00,0x00,0x00,0x00,0x00,0x00,0x99,0x99,0x99,0x99,0x96,0x00,0x00,0x00,0x00,0xFF,0x66,0x66,0x66,0x66,0x66,0x66,
	0x66,0x66,0x66,0x66,0x66,0x66,0x66,0x66,0x00,0x00,0x00,0x00,0x00,0x00,0x00,0x00,0x00,0x00,0x00,0x00,0x00,0x00,0x00,0x00,
	0x00,0x00,0x00,0x00,0x00,0x00,0x00,0x00,0xA6,0x99,0x99,0x99,0x99,0x00,0x00,0x09,0x99,0x99,0x99,0x99,0x99,0x99,0x00,0x00,
	0x99,0x99,0x99,0x60,0x00,0x6A,0x00,0x00,0x00,0x00,0x00,0x00,0x99,0x00,0x00,0x09,0x99,0x99,0x99,0x99,0x99,0x99,0x99,0x99,
	0x00,0x99,0x99,0x99,0x99,0x99,0x96,0x60,0x00,0x00,0x00,0x00,0x00,0x00,0x00,0x00,0x69,0x06,0x99,0x99,0x99,0x99,0x99,0x99,
	0x99,0x00,0x00,0x66,0x66,0x00,0x00,0x00,0x00,0x66,0x96,0x66,0x66,0x66,0x66,0x66,0x66,0x66,0x66,0x66,0x66,0x80,0x00,0x96,
	0x66,0x60,0x00,0xFF,0x66,0x69,0x69,0x99,0x99,0x96,0x96,0x66,0x66,0x66,0x00,0x00,0x66,0x66,0x66,0x68,0x00,0x00,0x00,0x00,
	0x00,0x00,0x00,0x00,0x00,0x66,0x60,0x06,0x66,0x66,0x66,0x66,0x66,0x66,0x66,0x66,0x66,0x69,0x99,0x9A,0x00,0x00,0x00,0x00,
	0x00,0xA4,0x66,0x96,0x69,0x96,0x66,0x66,0x66,0x66,0x66,0x66,0x69,0x66,0x96,0x66,0x66,0x66,0x66,0x66,0x66,0x66,0x66,0x66,
	0x66,0x64,0x00,0x08,0x66,0x66,0x66,0x66,0x66,0x66,0x66,0x66,0x66,0x66,0x66,0x66,0x66,0x66,0x66,0x66,0x66,0x66,0x6A,0x00,
	0x00,0x00,0x00,0x00,0x00,0x06,0x66,0xA0,0x00,0x00,0x00,0x06,0x66,0x66,0x66,0x66,0x66,0x66,0x66,0x66,0x66,0x66,0x66,0x66,
	0x66,0x66,0x69,0x60,0x00,0x00,0x00,0x00,0x00,0x00,0x00,0x00,0x00,0xCA,0x86,0x60,0x00,0x00,0x00,0x00,0x06,0x66,0x66,0x66,
	0x60,0x00,0x00,0x00,0x00,0x00,0x69,0x99,0x69,0x66,0x99,0x99,0x99,0x99,0x99,0x99,0x40,0x00,0x00,0x00,0x00,0x00,0x00,0x00,
	0x00,0x00,0x00,0x00,0x00,0x00,0x00,0x00,0x00,0x00,0x00,0x00,0x00,0x00,0x00,0x00,0x00,0x00,0x00,0x00,0x00,0x00,0x00,0x00,
	0x00,0x00,0x00,0xA4,0x99,0x99,0x99,0x99,0x94,0x00,0x00,0x00,0x00,0x00,0xA9,0x99,0x99,0x99,0x99,0x99,0x99,0x99,0x99,0x99,
	0x99,0x99,0x99,0x99,0x99,0x99,0x96,0x00,0x00,0x00,0x00,0x00,0x00,0x80,0x49,0x99,0x99,0x99,0x96,0x00,0x00,0x00,0x00,0xFF,
	0x66,0x66,0x66,0x66,0x66,0x66,0x66,0x66,0x66,0x66,0x66,0x66,0x66,0x66,0x64,0x00,0x00,0x00,0x00,0x00,0x00,0x00,0x00,0x00,
	0x00,0x00,0x00,0x00,0x00,0x00,0x00,0x00,0x00,0x00,0x00,0x00,0x06,0x99,0x99,0x99,0x99,0x99,0x96,0x00,0x00,0x69,0x99,0x99,
	0x99,0x99,0x99,0x99,0x00,0x00,0x99,0x64,0xA0,0x00,0x00,0x00,0x00,0x00,0x00,0x00,0x00,0x00,0x99,0x00,0x00,0x09,0x99,0x99,
	0x99,0x99,0x99,0x99,0x99,0x99,0x00,0x99,0x99,0x99,0x99,0x60,0x00,0x00,0x00,0x00,0x00,0x00,0x00,0x00,0x86,0x99,0x99,0x06,
	0x99,0x99,0x99,0x99,0x99,0x96,0x99,0x00,0x00,0x69,0x96,0x00,0x00,0x00,0x00,0xA9,0x69,0x99,0x96,0x66,0x66,0x66,0x66,0x99,
	0x66,0x66,0x96,0x00,0x00,0x99,0x99,0x60,0x00,0xFF,0x99,0x66,0x96,0x96,0x99,0x99,0x99,0x66,0x66,0x66,0x00,0x00,0x66,0xA0,
	0x00,0x00,0x00,0x00,0x00,0x00,0x00,0x00,0x00,0x00,0x00,0x66,0x60,0x99,0x99,0x96,0x66,0x66,0x66,0x66,0x66,0x66,0x66,0x66,
	0x69,0x96,0x00,0x00,0x00,0x00,0x00,0x00,0x00,0x00,0x00,0xA4,0x44,0x66,0x96,0x66,0x66,0x66,0x99,0x66,0x66,0x66,0x66,0x66,
	0x66,0x66,0x66,0x66,0x66,0x66,0x66,0x66,0x66,0xA0,0x00,0x46,0x66,0x66,0x66,0x66,0x66,0x66,0x66,0x66,0x66,0x66,0x66,0x66,
	0x66,0x66,0x66,0x66,0x68,0x00,0x00,0x00,0x00,0x00,0x00,0x06,0x66,0x60,0x00,0x00,0x00,0x06,0x66,0x66,0x66,0x66,0x66,0x66,
	0x66,0x66,0x66,0x66,0x66,0x99,0x66,0x96,0x6A,0xA0,0x00,0x00,0x00,0x00,0x00,0x00,0x00,0xA0,0x00,0xCA,0x66,0x60,0x00,0x00,
	0x00,0x00,0x06,0x66,0x66,0x66,0xA0,0x00,0x00,0x00,0x00,0x0A,0x99,0x96,0x66,0x69,0x69,0x99,0x96,0x96,0x99,0x99,0x80,0x00,
	0x00,0x00,0x00,0x00,0x00,0x00,0x00,0x00,0x00,0x00,0x00,0x00,0x00,0x00,0x00,0x00,0xA0,0x00,0x00,0x00,0x08,0xA0,0x00,0x00,
	0x00,0x00,0x00,0x00,0x00,0x00,0x00,0x00,0x00,0x0A,0x69,0x99,0x99,0x99,0x99,0x00,0x00,0x00,0x00,0x00,0x09,0x99,0x99,0x96,
	0x99,0x96,0x99,0x99,0x99,0x99,0x99,0x99,0x99,0x99,0x99,0x66,0x69,0x80,0x00,0x00,0x00,0x00,0x00,0xA0,0x86,0x99,0x99,0x99,
	0x96,0x00,0x00,0x00,0x00,0xFF,0x66,0x66,0x66,0x66,0x66,0x66,0x66,0x66,0x66,0x66,0x66,0x96,0x96,0x66,0x66,0x64,0x00,0x00,
	0x00,0x00,0x00,0x00,0x00,0x00,0x00,0x00,0x00,0x00,0x00,0x00,0x00,0x00,0x00,0x00,0x46,0x99,0x99,0x99,0x99,0x99,0x00,0x00,
	0x00,0x00,0x00,0x00,0x88,0x80,0x80,0x88,0xAA,0x80,0x00,0x00,0x00,0x00,0x00,0x00,0x00,0x00,0x00,0x00,0x00,0x00,0x00,0x00,
	0x99,0x00,0x00,0x09,0x99,0x99,0x99,0x99,0x99,0x99,0x99,0x96,0x00,0x96,0x64,0x00,0x00,0x00,0x00,0x00,0x00,0x00,0x00,0x00,
	0xA6,0x99,0x99,0x99,0x99,0x06,0x69,0x99,0x96,0x99,0x66,0x96,0x66,0x00,0x00,0x66,0x64,0x00,0x00,0x00,0x00,0x00,0x49,0x99,
	0x99,0x66,0x66,0x96,0x66,0x69,0x96,0x66,0x66,0x80,0x00,0x66,0x69,0x60,0x00,0xFF,0x66,0x66,0x66,0x66,0x66,0x66,0x66,0x99,
	0x66,0x66,0x00,0x00,0x00,0x00,0x00,0x00,0x00,0x00,0x00,0x00,0x00,0x00,0x00,0x00,0x00,0x66,0x48,0x69,0x99,0x69,0x66,0x66,
	0x66,0x66,0x66,0x69,0x66,0x66,0x66,0x66,0x66,0x66,0x66,0x66,0x66,0x66,0x66,0x69,0x66,0x66,0x4A,0xA0,0x00,0x00,0x06,0x66,
	0x69,0x99,0x66,0x66,0x66,0x66,0x66,0x66,0x66,0x66,0x66,0x66,0x66,0x66,0x66,0x66,0x66,0x00,0x00,0x46,0x66,0x66,0x66,0x66,
	0x66,0x66,0x66,0x66,0x66,0x66,0x66,0x66,0x66,0x66,0x6A,0x00,0x00,0x00,0x00,0x00,0x00,0x06,0x66,0x66,0x00,0x00,0x0A,0x66,
	0x66,0x66,0x66,0x66,0x66,0x66,0x66,0x66,0x66,0x66,0x66,0x66,0x69,0x68,0x00,0x00,0x00,0x00,0x00,0x00,0x00,0x00,0x04,0x60,
	0x00,0xCA,0x66,0xA0,0x00,0x00,0x00,0x00,0x06,0x66,0x66,0x66,0x00,0x00,0x00,0x00,0x00,0x06,0x99,0x99,0x99,0x99,0x99,0x99,
	0x69,0x99,0x99,0x96,0x80,0x00,0x00,0x00,0x00,0x00,0x00,0x00,0x00,0x00,0x00,0x00,0x00,0x00,0x00,0x00,0x00,0x00,0x00,0xA0,
	0x00,0x00,0x00,0x00,0x00,0x00,0x00,0x08,0x00,0x00,0x00,0x00,0x00,0x00,0x00,0x00,0x69,0x99,0x99,0x99,0x99,0x00,0x00,0x00,
	0x00,0x00,0x06,0x99,0x99,0x99,0x99,0x99,0x99,0x99,0x99,0x99,0x99,0x99,0x99,0x99,0x99,0x99,0x99,0x40,0x00,0x00,0x00,0x00,
	0x00,0x00,0x0A,0x99,0x99,0x99,0x96,0x00,0x00,0x00,0x00,0xFF,0x66,0x66,0x66,0x66,0x66,0x66,0x66,0x66,0x66,0x99,0x96,0x66,
	0x69,0x66,0x96,0x69,0x99,0x66,0xA8,0x00,0x00,0x00,0x00,0x00,0x00,0x00,0x00,0x00,0x00,0x00,0x00,0x06,0x99,0x99,0x99,0x99,
	0x99,0x99,0x99,0x94,0x00,0x00,0x00,0x00,0x00,0x00,0x00,0x00,0x00,0x00,0x00,0x00,0x00,0x00,0x00,0x00,0x00,0x00,0x00,0x00,
	0x00,0x00,0x00,0x40,0x00,0x00,0x99,0x00,0x00,0x09,0x99,0x99,0x99,0x99,0x99,0x99,0x99,0x96,0x00,0x00,0x00,0x00,0x00,0x00,
	0x00,0x00,0x00,0x00,0xA6,0x69,0x99,0x99,0x99,0x99,0x99,0x06,0x66,0x69,0x60,0x96,0x69,0x69,0x66,0x00,0x00,0x66,0x9A,0x00,
	0x00,0x00,0x00,0x00,0x00,0xA6,0x69,0x96,0x96,0x66,0x66,0x66,0x96,0x66,0x66,0x00,0x00,0x69,0x66,0x60,0x00,0xFF,0x66,0x66,
	0x66,0x66,0x66,0x66,0x48,0x00,0x00,0x00,0x00,0x00,0x00,0x00,0x00,0x00,0x00,0x00,0x00,0x00,0xA6,0x69,0x98,0x00,0x00,0x66,
	0x06,0x66,0x69,0x96,0x69,0x96,0x66,0x66,0x00,0xA6,0x66,0x66,0x66,0x66,0x66,0x66,0x66,0x66,0x66,0x66,0x69,0x66,0x66,0x66,
	0x69,0x66,0x69,0x96,0x66,0x66,0x66,0x66,0x66,0x66,0x66,0x66,0x66,0x66,0x66,0x66,0x66,0x66,0x66,0x66,0x66,0x66,0x66,0x66,
	0xA0,0x00,0x46,0x66,0x46,0x66,0x66,0x66,0x66,0x66,0x66,0x66,0x66,0x66,0x66,0x66,0x66,0x00,0x00,0x00,0x00,0x00,0x00,0x06,
	0x66,0x66,0x64,0xAA,0x66,0x66,0x66,0x66,0x66,0x66,0x66,0x66,0x66,0x66,0x64,0x66,0x66,0x99,0x96,0x00,0x80,0x00,0x00,0x00,
	0x00,0x00,0x00,0x00,0x66,0x60,0x00,0xCA,0x66,0x40,0x00,0x00,0x00,0x00,0xA6,0x66,0x66,0x66,0x00,0x00,0x00,0x00,0x00,0x06,
	0x99,0x99,0x99,0x99,0x99,0x99,0x69,0x99,0x99,0x99,0x00,0x00,0x00,0x00,0x00,0x80,0x00,0x00,0x00,0x00,0x00,0x00,0x00,0x00,
	0x00,0x00,0x0A,0x0A,0x00,0x00,0x40,0x0A,0xAA,0x44,0x66,0x66,0x69,0x6A,0xA0,0x00,0x80,0x00,0x00,0x00,0x00,0x00,0x09,0x96,
	0x99,0x99,0x96,0x00,0x00,0x00,0x00,0x08,0x06,0x99,0x99,0x99,0x96,0x99,0x69,0x99,0x99,0x99,0x99,0x99,0x99,0x99,0x99,0x99,
	0x99,0x90,0x00,0x00,0x00,0x00,0x00,0x00,0x00,0x69,0x99,0x99,0x96,0x00,0x00,0x00,0x00,0xFF,0x66,0x66,0x66,0x69,0x66,0x66,
	0x66,0x99,0x66,0x69,0x66,0x66,0x66,0x99,0x69,0x96,0x69,0x66,0x69,0x99,0x96,0x6A,0x46,0x4A,0x46,0x44,0x64,0x46,0x96,0x66,
	0x99,0x99,0x99,0x99,0x99,0x99,0x99,0x99,0x99,0x9A,0x00,0x00,0x00,0x00,0x00,0x00,0x00,0x00,0x00,0x00,0x00,0x00,0x00,0x00,
	0x00,0x00,0x00,0x00,0x00,0x00,0x00,0x0A,0x69,0x90,0x00,0x00,0x99,0x00,0x00,0x09,0x99,0x99,0x99,0x99,0x99,0x99,0xA0,0x00,
	0x00,0x00,0x00,0x00,0x00,0x00,0x00,0x00,0x08,0x69,0x99,0x99,0x99,0x99,0x99,0x99,0x99,0x06,0x96,0x99,0x60,0x66,0x69,0x66,
	0x66,0x00,0x00,0x66,0x68,0x00,0x00,0x00,0x00,0x00,0x00,0x00,0x00,0xA6,0x66,0x66,0x66,0x66,0x99,0x96,0x69,0x00,0x00,0x66,
	0x66,0x60,0x00,0xFF,0x66,0x66,0x6A,0x80,0x00,0x00,0x00,0x00,0x00,0x00,0x00,0x00,0x00,0x00,0x00,0x00,0x00,0x46,0x66,0x66,
	0x66,0x69,0x60,0x00,0x00,0x66,0x06,0x66,0x66,0x96,0x66,0x69,0x96,0x6A,0x08,0x00,0x66,0x66,0x60,0x66,0x66,0x66,0x66,0x60,
	0x66,0x66,0x69,0x96,0x96,0x6A,0x66,0x66,0x66,0x96,0x66,0x66,0x99,0x69,0x99,0x96,0x66,0x66,0x66,0x66,0x66,0x66,0x66,0x66,
	0x66,0x66,0x66,0x66,0x66,0x66,0x66,0x60,0x00,0x66,0x66,0x66,0x66,0x66,0x66,0x66,0x66,0x66,0x66,0x66,0x66,0x66,0x66,0x00,
	0x00,0x00,0x00,0x00,0x00,0x86,0x66,0x66,0x66,0x66,0x66,0x66,0x66,0x66,0x66,0x66,0x66,0x66,0x66,0x66,0x66,0x66,0x99,0x96,
	0x00,0x00,0x00,0x00,0x00,0x00,0x00,0x00,0x00,0x06,0x66,0x90,0x00,0xCA,0x66,0x00,0x00,0x00,0x00,0x00,0x06,0x66,0x66,0x64,
	0x00,0x00,0x00,0x00,0x00,0x69,0x99,0x99,0x99,0x99,0x99,0x99,0x99,0x99,0x99,0x99,0x00,0x00,0x00,0x00,0x00,0x40,0x00,0x00,
	0x00,0x00,0x00,0x00,0x80,0x00,0x00,0x00,0x80,0x0A,0x8A,0x66,0x46,0x93,0x99,0x99,0x99,0x99,0x99,0x99,0x99,0x66,0x00,0x00,
	0x00,0x00,0x00,0x80,0x09,0x99,0x69,0x99,0x96,0xA0,0x00,0x00,0x00,0x00,0x0A,0x99,0x99,0x99,0x99,0x99,0x96,0x99,0x99,0x99,
	0x99,0x99,0x99,0x99,0x99,0x69,0x99,0x98,0x00,0xA0,0x00,0x00,0x00,0x00,0x00,0xA9,0x99,0x99,0x96,0x00,0x00,0x00,0x00,0xFF,
	0x96,0x66,0x99,0x69,0x69,0x69,0x96,0x66,0x69,0x66,0x66,0x66,0x69,0x66,0x96,0x69,0x69,0x99,0x96,0x66,0x69,0x96,0x69,0x96,
	0x99,0x99,0x96,0x96,0x66,0x66,0x69,0x99,0x99,0x99,0x99,0x99,0x99,0x99,0x99,0x99,0x00,0x00,0x00,0x00,0x00,0x00,0x00,0x00,
	0x00,0x00,0x00,0x00,0x00,0x00,0x00,0x00,0x00,0xA4,0x66,0x99,0x99,0x99,0x99,0x60,0x00,0x04,0x99,0x00,0x00,0x09,0x99,0x96,
	0x6A,0x80,0x00,0x00,0x00,0x00,0x00,0x00,0x00,0x00,0x00,0x00,0x46,0x99,0x99,0x69,0x99,0x99,0x99,0x99,0x99,0x99,0x99,0x04,
	0x69,0x99,0x60,0x99,0x99,0x69,0x66,0x00,0x00,0x49,0x90,0x00,0x08,0x66,0x00,0x00,0x00,0x00,0x00,0x00,0x00,0x00,0x00,0x00,
	0x00,0x00,0x00,0x00,0x00,0x00,0x00,0x00,0x00,0xFF,0x00,0x00,0x00,0x00,0x00,0x00,0x00,0x00,0x00,0x00,0x00,0x00,0x00,0x00,
	0xA6,0x66,0x96,0x66,0x66,0x66,0x66,0x66,0x90,0x00,0x00,0x66,0x06,0x96,0x66,0x66,0x66,0x69,0x69,0x60,0x06,0x66,0x00,0x66,
	0x60,0xA6,0x66,0x66,0x66,0x60,0x66,0x66,0xA8,0x00,0x00,0x00,0xA6,0x66,0x66,0x99,0x66,0x66,0x66,0x66,0x96,0x66,0x66,0x66,
	0x66,0x66,0x66,0x66,0x66,0x66,0x66,0x66,0x66,0x66,0x66,0x66,0x66,0x66,0x66,0x00,0xA6,0x66,0x66,0x66,0x66,0x66,0x66,0x66,
	0x66,0x66,0x66,0x66,0x66,0x60,0x00,0x00,0x00,0x00,0x00,0x66,0x66,0x66,0x66,0x66,0x66,0x66,0x66,0x66,0x66,0x66,0x66,0x66,
	0x66,0x66,0x99,0x66,0x60,0x00,0x00,0x00,0x00,0x00,0x00,0x00,0x00,0x00,0x88,0x96,0x66,0x90,0x00,0xCA,0x66,0x00,0x00,0x00,
	0x00,0x00,0x06,0x66,0x66,0x68,0x00,0x00,0x00,0x00,0x00,0x69,0x99,0x96,0x69,0x99,0x99,0x99,0x99,0x99,0x99,0x99,0x00,0x00,
	0x00,0x00,0x00,0x80,0x00,0x00,0x00,0x00,0x00,0x00,0x80,0x00,0x00,0x08,0xAA,0x66,0x99,0x99,0x93,0x99,0x93,0x99,0x99,0x99,
	0x99,0x99,0x99,0x99,0x98,0x00,0x00,0x00,0x00,0x00,0x06,0x99,0x66,0x99,0x96,0x00,0x00,0x00,0x00,0x00,0xA0,0x99,0x99,0x99,
	0x99,0x99,0x99,0x99,0x99,0x99,0x99,0x99,0x99,0x99,0x99,0x66,0x99,0x99,0x80,0x00,0x00,0x00,0x00,0x00,0x00,0x0A,0x99,0x99,
	0x96,0x00,0x00,0x00,0x00,0xFF,0x66,0x69,0x66,0x99,0x96,0x66,0x66,0x66,0x66,0x66,0x66,0x96,0x99,0x99,0x96,0x96,0x69,0x69,
	0x99,0x96,0x69,0x66,0x66,0x66,0x96,0x96,0x96,0x69,0x99,0x99,0x99,0x99,0x99,0x99,0x99,0x99,0x99,0x99,0x99,0x99,0x90,0x00,
	0x00,0x00,0x00,0x00,0x00,0x00,0x00,0x00,0x00,0x00,0x8A,0xA4,0x69,0x99,0x99,0x99,0x99,0x99,0x99,0x99,0x99,0x40,0x00,0x06,
	0x99,0x00,0x00,0x06,0x40,0x00,0x00,0x00,0x00,0x00,0x00,0x00,0x00,0x00,0x00,0x00,0x89,0x99,0x99,0x99,0x99,0x69,0x99,0x99,
	0x99,0x99,0x99,0x99,0x99,0x08,0x69,0x99,0x60,0x66,0x96,0x66,0x69,0x00,0x00,0x66,0x60,0x00,0x04,0x66,0x98,0x00,0x00,0x00,
	0x00,0x00,0x00,0x00,0x00,0x00,0x00,0x00,0x00,0x00,0x00,0x00,0x00,0x00,0x00,0xFF,0x00,0x00,0x00,0x00,0x00,0x00,0x00,0x00,
	0x00,0x00,0x00,0x8A,0x66,0x66,0x66,0x66,0x99,0x66,0x69,0x66,0x66,0x69,0x60,0x00,0x0A,0x96,0x09,0x66,0x99,0x66,0x96,0x69,
	0x96,0x60,0x06,0x69,0x60,0x06,0x60,0x06,0x66,0x66,0x66,0x60,0x00,0x00,0x0A,0x46,0x96,0x00,0xA6,0x66,0x40,0xA9,0x69,0x66,
	0x66,0x66,0xA0,0xA6,0x66,0x66,0x66,0x66,0x66,0x66,0x66,0x66,0x66,0x66,0x66,0x96,0x66,0x66,0x66,0x66,0x66,0x66,0x00,0x46,
	0x66,0x66,0x66,0x66,0x66,0x66,0x66,0x66,0x66,0x66,0x66,0x6A,0x00,0x00,0x00,0x00,0x06,0x66,0x64,0x88,0xA4,0x66,0x66,0x66,
	0x66,0x66,0x66,0x66,0x66,0x66,0x96,0x66,0x69,0x6A,0x00,0x80,0xA0,0x00,0x00,0x00,0x00,0x00,0x00,0x00,0x49,0x36,0x66,0x60,
	0x00,0xCA,0x66,0xA0,0x00,0x00,0x00,0x00,0x86,0x66,0x66,0x68,0x80,0x00,0x00,0x00,0x00,0x99,0x99,0x99,0x99,0x99,0x99,0x99,
	0x99,0x99,0x99,0x99,0x00,0x00,0x00,0x00,0x00,0xA0,0x00,0x00,0x00,0x00,0x00,0x00,0x00,0x00,0x84,0x96,0x99,0x99,0x99,0x99,
	0x99,0x99,0x99,0x99,0x99,0x99,0x99,0x99,0x99,0x99,0x99,0xA0,0x00,0x00,0x00,0x00,0x06,0x99,0x66,0x99,0x96,0x00,0x00,0x00,
	0x00,0x00,0x00,0x69,0x99,0x99,0x99,0x99,0x99,0x99,0x99,0x99,0x99,0x99,0x99,0x99,0x99,0x99,0x66,0x99,0x00,0x00,0x00,0x00,
	0x00,0x00,0x00,0x00,0x69,0x99,0x96,0x00,0x00,0x00,0x00,0xFF,0x99,0x69,0x69,0x96,0x66,0x66,0x66,0x66,0x66,0x66,0x66,0x96,
	0x66,0x66,0x66,0x69,0x96,0x66,0x96,0x69,0x96,0x66,0x99,0x69,0x96,0x96,0x99,0x69,0x99,0x99,0x99,0x99,0x99,0x99,0x99,0x99,
	0x99,0x99,0x99,0x99,0x99,0x90,0x00,0x00,0x06,0x99,0x99,0x99,0x99,0x99,0x99,0x99,0x99,0x99,0x99,0x99,0x99,0x99,0x99,0x99,
	0x99,0x99,0x99,0x00,0x00,0x09,0x66,0x00,0x00,0x00,0x00,0x00,0x00,0x00,0x00,0x00,0x00,0x00,0x00,0x08,0x46,0x99,0x99,0x39,
	0x99,0x99,0x99,0x99,0x99,0x99,0x99,0x99,0x99,0x99,0x99,0x08,0x66,0x99,0x60,0x96,0x99,0x96,0x96,0x00,0x00,0x66,0x60,0x00,
	0x06,0x66,0x69,0x40,0x00,0x00,0x00,0x00,0x00,0x00,0x00,0x00,0x00,0x00,0x00,0x00,0x00,0x00,0x00,0x00,0x00,0xFF,0x00,0x00,
	0x00,0x00,0x00,0x00,0x00,0x00,0x00,0x46,0x66,0x66,0x69,0x66,0x66,0x66,0x69,0x66,0x66,0x96,0x66,0x66,0x90,0x00,0x04,0x66,
	0x06,0x96,0x69,0x66,0x69,0x66,0x96,0x60,0x06,0x66,0x66,0x08,0x40,0x06,0x66,0x66,0x66,0x60,0x00,0x04,0x66,0x96,0x96,0x00,
	0x46,0x60,0x00,0x89,0x99,0x96,0x48,0x00,0x0A,0x86,0x66,0x66,0x66,0x66,0x66,0x66,0x66,0x69,0x66,0x66,0x66,0x66,0x66,0x66,
	0x66,0x66,0x66,0x66,0x9A,0x00,0x66,0x66,0x66,0x66,0x66,0x66,0x66,0x66,0x66,0x66,0x66,0x66,0x60,0x00,0x00,0x00,0x66,0x66,
	0x00,0x00,0x00,0x06,0x66,0x66,0x66,0x66,0x66,0x99,0x69,0x99,0x96,0x66,0x64,0x00,0x08,0x08,0x00,0x00,0x00,0x00,0x00,0x00,
	0x00,0x06,0x66,0x66,0x66,0x60,0x00,0xCA,0x66,0x00,0x00,0x00,0x00,0x00,0x06,0x66,0x66,0x60,0x00,0x00,0x00,0x00,0x0A,0x99,
	0x99,0x99,0x99,0x99,0x99,0x99,0x99,0x99,0x99,0x96,0x00,0x00,0x00,0x00,0x00,0x88,0x00,0x00,0x00,0x00,0x00,0x00,0x0A,0x69,
	0x99,0x99,0x99,0x99,0x99,0x99,0x99,0x99,0x99,0x99,0x99,0x99,0x99,0x99,0x99,0x99,0x99,0x68,0x00,0x00,0x00,0x00,0x0A,0x99,
	0x66,0x69,0x99,0x80,0x00,0x00,0x00,0x00,0x00,0x49,0x99,0x99,0x99,0x99,0x99,0x99,0x99,0x99,0x99,0x99,0x99,0x99,0x99,0x99,
	0x99,0x99,0x90,0x00,0x00,0x00,0x00,0x00,0x00,0x00,0x89,0x99,0x96,0x00,0x00,0x00,0x00,0xFF,0x69,0x99,0x66,0x96,0x66,0x69,
	0x66,0x69,0x69,0x66,0x99,0x96,0x99,0x66,0x99,0x99,0x66,0x96,0x66,0x66,0x96,0x69,0x99,0x99,0x96,0x69,0x99,0x99,0x99,0x96,
	0x99,0x99,0x99,0x99,0x99,0x99,0x99,0x99,0x99,0x99,0x99,0x96,0x00,0x00,0x00,0xA9,0x99,0x99,0x99,0x99,0x99,0x99,0x99,0x99,
	0x99,0x96,0x88,0x99,0x99,0x99,0x99,0x99,0x99,0x00,0x00,0x00,0x00,0x00,0x00,0x00,0x00,0x00,0x00,0x00,0x00,0x00,0x00,0x0A,
	0x46,0x69,0x99,0x99,0x99,0x99,0x99,0x99,0x99,0x99,0x99,0x99,0x99,0x99,0x99,0x99,0x99,0x00,0x99,0x99,0x60,0x06,0x99,0x66,
	0x69,0x00,0x00,0x46,0x60,0x00,0x06,0x66,0x69,0x66,0xA0,0x00,0x00,0x00,0x00,0x00,0x00,0x00,0x00,0x00,0x00,0x00,0x00,0x00,
	0x00,0x00,0x00,0xFF,0x00,0x00,0x00,0x08,0x46,0x99,0x69,0x69,0x99,0x99,0x66,0x66,0x66,0x96,0x66,0x96,0x66,0x66,0x66,0x66,
	0x66,0x66,0x60,0x00,0x06,0x66,0x06,0x69,0x66,0x96,0x66,0x66,0x69,0x64,0x06,0x66,0x66,0x60,0x40,0x06,0x66,0x00,0x66,0x60,
	0x44,0x9A,0x00,0x66,0x66,0x00,0x66,0x00,0x44,0x00,0x00,0x00,0xA6,0x66,0x96,0x66,0x66,0x66,0x66,0x96,0x66,0x66,0x66,0x66,
	0x66,0x66,0x69,0x96,0x66,0x66,0x66,0x69,0x66,0x66,0x69,0x96,0x00,0x49,0x99,0x99,0x66,0x66,0x66,0x69,0x66,0x96,0x69,0x66,
	0x66,0x66,0x66,0x66,0x66,0xA0,0x00,0x00,0x00,0x00,0xA6,0x66,0x66,0x66,0x99,0x99,0x66,0x99,0x6A,0xA0,0x00,0x00,0x00,0x00,
	0x00,0x00,0x00,0x00,0x00,0x00,0x86,0x66,0x69,0x66,0x66,0x60,0x00,0xCA,0x66,0x80,0x00,0x00,0x00,0x00,0x86,0x66,0x66,0x68,
	0x00,0x00,0x00,0x00,0x04,0x99,0x99,0x99,0x99,0x99,0x99,0x99,0x99,0x99,0x99,0x99,0x00,0x00,0x00,0x00,0x00,0x68,0x00,0x00,
	0x00,0x00,0x00,0xA6,0x99,0x99,0x99,0x99,0x99,0x99,0x99,0x99,0x99,0x99,0x99,0x99,0x99,0x99,0x99,0x99,0x99,0x99,0x99,0x90,
	0x00,0x00,0x00,0x00,0x06,0x99,0x96,0x99,0x99,0xA0,0x00,0x00,0x00,0x00,0x00,0x06,0x99,0x99,0x99,0x99,0x99,0x99,0x99,0x99,
	0x99,0x99,0x99,0x99,0x99,0x99,0x99,0x99,0x90,0x00,0x00,0x00,0x00,0x00,0x00,0x00,0x06,0x96,0x96,0x00,0x00,0x00,0x00,0xFF,
	0x66,0x99,0x66,0x69,0x66,0x66,0x99,0x99,0x99,0x66,0x66,0x66,0x66,0x66,0x99,0x69,0x66,0x69,0x99,0x96,0x69,0x69,0x66,0x66,
	0x96,0x64,0x00,0x00,0x00,0x00,0x00,0x04,0x69,0x99,0x99,0x99,0x99,0x99,0x99,0x99,0x99,0x9A,0x00,0x00,0x00,0x04,0x99,0x99,
	0x99,0x99,0x99,0x99,0x96,0x99,0x99,0x90,0x00,0x09,0x99,0x99,0x99,0x99,0x99,0x00,0x00,0x00,0x00,0x00,0x00,0x00,0x00,0x00,
	0x00,0x00,0x00,0x00,0x00,0x00,0x00,0x00,0x08,0x66,0x99,0x99,0x99,0x99,0x99,0x99,0x99,0x99,0x99,0x99,0x99,0x99,0x96,0x00,
	0x99,0x69,0x96,0x08,0x99,0x99,0x99,0x00,0x00,0x49,0x60,0x00,0x06,0x66,0x66,0x66,0x60,0x00,0x00,0x00,0x66,0xAA,0x8A,0x00,
	0x00,0x08,0x00,0x00,0x00,0x08,0x00,0x80,0x00,0xFF,0x46,0x66,0x66,0x66,0x96,0x99,0x69,0x66,0x99,0x69,0x99,0x69,0x96,0x96,
	0x96,0x69,0x96,0x66,0x66,0x66,0x66,0x66,0x60,0x00,0x06,0x66,0x09,0x99,0x66,0x96,0x99,0x96,0x69,0x66,0x06,0x6A,0x06,0x68,
	0x80,0xA8,0x66,0x00,0x66,0x40,0x00,0x00,0x48,0x06,0x66,0x00,0x68,0x0A,0x64,0x80,0x06,0x66,0x66,0x66,0x69,0x66,0x66,0x66,
	0x66,0x96,0x66,0x66,0x66,0x66,0x66,0x96,0x66,0x66,0x66,0x66,0x66,0x66,0x66,0x66,0x66,0x66,0x96,0x00,0x69,0x66,0x66,0x69,
	0x96,0x69,0x66,0x66,0x99,0x66,0x66,0x66,0x66,0x66,0x66,0x00,0x00,0x00,0x00,0x00,0x08,0x66,0x66,0x69,0x69,0x99,0x99,0x96,
	0x88,0x00,0x0A,0x00,0x00,0x00,0x00,0x00,0x00,0x00,0x00,0x00,0x66,0x66,0x69,0x96,0x66,0x60,0x00,0xCA,0x66,0xA0,0x00,0x00,
	0x00,0x00,0x86,0x66,0x66,0x60,0x00,0x00,0x00,0x00,0x06,0x99,0x99,0x99,0x99,0x99,0x99,0x99,0x99,0x99,0x99,0x99,0x00,0x00,
	0x00,0x00,0x00,0xA0,0x00,0x00,0x00,0x00,0x0A,0x99,0x99,0x99,0x99,0x99,0x99,0x99,0x99,0x99,0x99,0x99,0x99,0x99,0x99,0x99,
	0x99,0x99,0x99,0x99,0x99,0x98,0x00,0x00,0x00,0x00,0x04,0x99,0x36,0x99,0x99,0x40,0x00,0x00,0x00,0x00,0x00,0x06,0x99,0x99,
	0x99,0x99,0x99,0x99,0x99,0x99,0x99,0x99,0x99,0x99,0x99,0x99,0x99,0x99,0x90,0x00,0x00,0x00,0x00,0x00,0x00,0x00,0x00,0x66,
	0x96,0x00,0x00,0x00,0x00,0xFF,0x66,0x96,0x66,0x66,0x66,0x69,0x99,0x66,0x99,0x99,0x69,0x99,0x99,0x99,0x96,0x66,0x66,0x66,
	0x66,0x69,0x69,0x99,0x9A,0x00,0x00,0x00,0x00,0x00,0x00,0x00,0x00,0x00,0x00,0x00,0xA6,0x99,0x99,0x96,0x99,0x99,0x99,0x90,
	0x00,0x00,0x00,0x00,0x69,0x99,0x99,0x99,0x99,0x99,0x90,0xA9,0x99,0x60,0x00,0x06,0x99,0x99,0x99,0x99,0x96,0x00,0x00,0x00,
	0x00,0x00,0x00,0x00,0x00,0x00,0x00,0x00,0x00,0x00,0x00,0x00,0x00,0x00,0x00,0x00,0x00,0x00,0x00,0x66,0x99,0x99,0x99,0x99,
	0x99,0x99,0x99,0x99,0x96,0x00,0x99,0x99,0x66,0x00,0x66,0x66,0x69,0x00,0x00,0x66,0xA0,0x00,0x06,0x99,0x96,0x66,0x66,0xA0,
	0x00,0x00,0x06,0x66,0x66,0x66,0x66,0x69,0x99,0x99,0x66,0x96,0x66,0x60,0x00,0xFF,0x66,0x66,0x69,0x96,0x66,0x99,0x96,0x96,
	0x69,0x66,0x66,0x66,0x69,0x96,0x66,0x96,0x96,0x66,0x66,0x66,0x66,0x69,0xA0,0x00,0x06,0x66,0x06,0x66,0x69,0x69,0x66,0x96,
	0x69,0x66,0x00,0x06,0x66,0x60,0xA0,0x00,0x66,0x06,0x06,0x60,0x69,0x66,0x00,0x00,0x66,0x00,0x00,0x06,0x64,0xA6,0x00,0x66,
	0x68,0x00,0x0A,0x66,0x66,0x66,0x96,0x96,0x66,0x66,0x96,0x99,0x66,0x69,0x96,0x69,0x66,0x66,0x66,0x66,0x66,0x66,0x66,0x96,
	0x66,0x66,0x00,0x66,0x66,0x66,0x66,0x66,0x66,0x96,0x99,0x99,0x66,0x66,0x66,0x66,0x68,0x00,0x00,0x00,0x00,0x00,0x00,0x86,
	0x66,0x66,0x66,0x66,0x66,0x68,0x60,0x00,0x00,0x00,0x00,0x00,0x00,0x00,0x00,0x00,0x00,0x46,0x66,0x66,0xA9,0x66,0x66,0x60,
	0x00,0xCA,0x66,0x00,0x00,0x00,0x00,0x00,0x86,0x66,0x66,0x60,0x00,0x00,0x00,0x00,0x09,0x99,0x99,0x99,0x99,0x99,0x99,0x99,
	0x99,0x99,0x99,0x96,0x00,0x00,0x00,0x00,0x00,0x80,0x00,0x00,0x00,0x00,0x06,0x99,0x99,0x99,0x99,0x99,0x99,0x99,0x99,0x99,
	0x99,0x99,0x99,0x99,0x99,0x99,0x99,0x99,0x99,0x99,0x99,0x60,0x00,0x00,0x00,0xA8,0x06,0x99,0x39,0x99,0x99,0x90,0x00,0x00,
	0x00,0x00,0x00,0x0A,0x99,0x99,0x99,0x99,0x99,0x99,0x99,0x99,0x99,0x99,0x99,0x99,0x99,0x99,0x99,0x99,0x96,0x80,0x00,0x00,
	0x00,0x00,0x00,0x00,0x00,0xA6,0x96,0x00,0x00,0x00,0x00,0xFF,0x66,0x66,0x66,0x69,0x99,0x96,0x69,0x66,0x69,0x99,0x96,0x66,
	0x69,0x99,0x96,0x69,0x99,0x66,0x99,0x96,0x66,0x64,0x00,0x00,0x00,0x00,0x00,0x00,0x00,0x00,0x00,0x00,0x00,0x00,0x00,0x06,
	0x99,0x96,0x99,0x99,0x99,0x90,0x00,0x00,0x00,0x00,0x09,0x99,0x99,0x99,0x99,0x99,0x90,0xA9,0x99,0x40,0x00,0x09,0x99,0x99,
	0x99,0x99,0x9A,0x00,0x00,0x00,0x00,0x00,0x00,0x00,0x00,0x00,0x00,0x00,0x00,0x00,0x00,0x00,0x00,0x00,0x00,0x00,0x00,0x00,
	0x00,0x00,0x08,0x86,0x99,0x99,0x99,0x99,0x99,0x99,0x99,0x00,0x99,0x99,0x64,0x0A,0x66,0x69,0x69,0x00,0x00,0x66,0xA0,0x00,
	0x06,0x66,0x96,0x66,0x69,0x66,0x00,0x00,0x00,0xA6,0x66,0x66,0x66,0x69,0x96,0x66,0x66,0x69,0x66,0x60,0x00,0xFF,0x66,0x66,
	0x66,0x99,0x66,0x66,0x69,0x69,0x69,0x66,0x66,0x69,0x66,0x66,0x96,0x69,0x96,0x44,0x66,0x66,0x66,0x69,0x00,0x00,0x06,0x96,
	0xA6,0x96,0x66,0x69,0x96,0x96,0x66,0x66,0x80,0x06,0x66,0x00,0x60,0x00,0x06,0x06,0xA8,0x60,0x04,0x66,0x66,0x00,0x66,0x00,
	0x00,0x66,0x6A,0x46,0x60,0x06,0x64,0x00,0x00,0x00,0x00,0x0A,0x66,0x66,0x96,0x66,0x66,0x69,0x99,0x66,0x66,0x69,0x66,0x66,
	0x66,0x96,0x66,0x66,0x66,0x69,0x66,0x96,0x64,0x08,0x66,0x66,0x66,0x66,0x66,0x69,0x96,0x69,0x66,0x66,0x66,0x66,0x60,0x00,
	0x00,0x00,0x00,0x00,0x00,0x06,0x66,0x66,0x66,0x66,0x66,0xA8,0xAA,0x00,0x00,0x00,0x00,0x00,0x00,0x00,0x00,0x00,0x86,0x66,
	0x66,0x66,0x66,0x66,0x66,0x60,0x00,0xCA,0x66,0x00,0x00,0x00,0x00,0x00,0x06,0x66,0x66,0x60,0x00,0x00,0x00,0x00,0x09,0x99,
	0x99,0x99,0x99,0x99,0x99,0x99,0x99,0x99,0x99,0x9A,0x00,0x00,0x00,0x00,0x00,0xA0,0x00,0x00,0x00,0x0A,0x0A,0x96,0x99,0x99,
	0x99,0x69,0x99,0x99,0x99,0x99,0x99,0x99,0x99,0x99,0x99,0x99,0x99,0x99,0x99,0x99,0x99,0x60,0x00,0x00,0x00,0x00,0x06,0x99,
	0x39,0x99,0x99,0x60,0x0A,0x00,0x00,0x00,0x00,0x00,0x69,0x99,0x99,0x99,0x99,0x99,0x99,0x99,0x99,0x99,0x99,0x99,0x99,0x99,
	0x99,0x99,0x99,0x00,0x00,0x00,0x00,0x00,0x00,0x00,0x00,0x04,0x96,0x00,0x00,0x00,0x00,0xFF,0x66,0x69,0x96,0x66,0x69,0x99,
	0x99,0x66,0x69,0x96,0x66,0x69,0x66,0x66,0x66,0x96,0x66,0x96,0x99,0x99,0x60,0x00,0x00,0x00,0x00,0x00,0x00,0x00,0x00,0x00,
	0x00,0x00,0x00,0x00,0x00,0x00,0x09,0x93,0x99,0x99,0x99,0x90,0x00,0x06,0x00,0x00,0x04,0x99,0x99,0x99,0x99,0x99,0x90,0xA9,
	0x99,0xA0,0x00,0x09,0x99,0x99,0x99,0x99,0x94,0x00,0x00,0x00,0x49,0xA0,0x00,0x09,0x99,0x99,0x69,0x96,0xAA,0x88,0x00,0x00,
	0x00,0x00,0x00,0x00,0x00,0x00,0x00,0x00,0x00,0x00,0x00,0x04,0x99,0x99,0x99,0x99,0x99,0x00,0x96,0x66,0x9A,0x0A,0x69,0x66,
	0x66,0x00,0x00,0x66,0x80,0x00,0x06,0x66,0x66,0x66,0x66,0x66,0x40,0x00,0x00,0x00,0x96,0x66,0x66,0x96,0x66,0x96,0x69,0x69,
	0x66,0x60,0x00,0xFF,0x66,0x66,0x66,0x66,0x96,0x66,0x96,0x66,0x66,0x96,0x96,0x66,0x66,0x96,0x69,0x6A,0x00,0x00,0x06,0x66,
	0x66,0x69,0x00,0x00,0xA6,0x66,0x60,0x96,0x66,0x66,0x66,0x66,0x69,0x96,0x60,0x0A,0x00,0x86,0x60,0x06,0x06,0x06,0x60,0x60,
	0x40,0x66,0x66,0x00,0x66,0x00,0x04,0x69,0x90,0x66,0x64,0x00,0x69,0x66,0xA0,0x00,0x00,0x00,0x00,0x00,0x08,0xA6,0x69,0x69,
	0x66,0x66,0x66,0x66,0x66,0x66,0x66,0x66,0x66,0x66,0x66,0x69,0x96,0x66,0x69,0x60,0x06,0x66,0x69,0x66,0x69,0x66,0x66,0x66,
	0x66,0x66,0x66,0x66,0x60,0x00,0x00,0x00,0x00,0x00,0x00,0x06,0x96,0x66,0x69,0x66,0x96,0x00,0x00,0x00,0x00,0x00,0x00,0x00,
	0x00,0x00,0x00,0x66,0x66,0x66,0x66,0x66,0x96,0x66,0x66,0x60,0x00,0xCA,0x66,0x80,0x00,0x00,0x00,0x00,0x86,0x66,0x66,0x60,
	0xA0,0x00,0x00,0x00,0x86,0x99,0x99,0x99,0x99,0x99,0x99,0x99,0x99,0x99,0x99,0x94,0x00,0x00,0x00,0x00,0x00,0x80,0x00,0xA0,
	0x00,0x0A,0x00,0x99,0x99,0x99,0x99,0x99,0x99,0x99,0x99,0x99,0x99,0x99,0x99,0x99,0x99,0x99,0x99,0x99,0x99,0x99,0x99,0x00,
	0x0A,0x00,0x00,0x00,0x09,0x99,0x99,0x96,0x93,0x68,0x00,0x00,0x00,0x00,0x00,0x00,0x69,0x99,0x99,0x99,0x99,0x99,0x99,0x99,
	0x99,0x99,0x99,0x99,0x99,0x99,0x99,0x99,0x99,0x90,0x00,0x80,0x00,0x00,0x00,0x00,0x00,0x0A,0x96,0x00,0x00,0x00,0x00,0xFF,
	0x66,0x66,0x66,0x96,0x99,0x99,0x69,0x99,0x99,0x69,0x99,0x96,0x99,0x96,0x96,0x69,0x99,0x99,0x69,0x60,0x00,0x00,0x00,0x00,
	0x00,0x00,0x00,0x00,0x08,0x00,0x8A,0x00,0x00,0x00,0x00,0x00,0x00,0x06,0x99,0x99,0x99,0x80,0x00,0x09,0x90,0x00,0x00,0x89,
	0x99,0x99,0x99,0x99,0x90,0x89,0x99,0x00,0x00,0x03,0x99,0x99,0x99,0x99,0x90,0x00,0x00,0x00,0x06,0x60,0x00,0x06,0x99,0x99,
	0x99,0x99,0x99,0x99,0x99,0x99,0x96,0x66,0xA0,0x00,0x00,0x00,0x00,0x00,0x00,0x00,0x00,0x00,0x00,0x06,0x99,0x99,0x96,0x00,
	0x99,0x96,0x90,0x0A,0x99,0x66,0x66,0x00,0x00,0x66,0x00,0x00,0x06,0x66,0x96,0x66,0x66,0x66,0x96,0x00,0x00,0x00,0x06,0x66,
	0x66,0x66,0x66,0x66,0x66,0x66,0x66,0x60,0x00,0xFF,0x69,0x96,0x66,0x66,0x66,0x66,0x66,0x96,0x66,0x66,0x66,0x69,0x6A,0x00,
	0x00,0x00,0x00,0x00,0x00,0x66,0x66,0x66,0x00,0x00,0x66,0x66,0x60,0x66,0x66,0x96,0x66,0x66,0x66,0x66,0x60,0x06,0x66,0x66,
	0x60,0x06,0x60,0x06,0x66,0x00,0x66,0x0A,0x66,0x00,0x66,0x00,0x06,0x66,0x60,0x66,0x96,0x60,0x06,0x66,0x96,0x96,0x66,0x99,
	0x99,0x66,0x64,0x44,0x00,0x00,0x00,0x08,0x46,0x66,0x66,0x69,0x66,0x66,0x66,0x66,0x66,0x66,0x69,0x66,0x66,0x66,0x60,0x06,
	0x96,0x66,0x66,0x66,0x99,0x66,0x66,0x66,0x66,0x66,0x60,0x00,0x00,0x00,0x00,0x00,0x00,0x0A,0x66,0x66,0x66,0x66,0x66,0x8A,
	0x0A,0x00,0x00,0x00,0x00,0x00,0x00,0x08,0x66,0x66,0x66,0x60,0x00,0x00,0x08,0x66,0x66,0x60,0x00,0xCA,0x66,0x80,0x00,0x00,
	0x00,0x00,0x66,0x66,0x66,0x90,0x00,0x00,0x00,0x00,0x09,0x99,0x99,0x99,0x99,0x99,0x99,0x99,0x99,0x99,0x99,0x90,0x00,0x00,
	0x00,0x00,0x0A,0x00,0x00,0x00,0x00,0x00,0x00,0x96,0x96,0x69,0x99,0x99,0x99,0x99,0x99,0x99,0x99,0x99,0x99,0x99,0x99,0x99,
	0x99,0x69,0x99,0x99,0x99,0x00,0x00,0x00,0x00,0x00,0x09,0x99,0x99,0x96,0x93,0x98,0x08,0x00,0x00,0x00,0x00,0x00,0x09,0x99,
	0x99,0x99,0x99,0x99,0x99,0x99,0x99,0x99,0x99,0x99,0x99,0x99,0x99,0x99,0x99,0x90,0x00,0x00,0x00,0x00,0x00,0x00,0x00,0x00,
	0x46,0x00,0x00,0x00,0x00,0xFF,0x66,0x69,0x66,0x99,0x66,0x99,0x99,0x96,0x99,0x66,0x66,0x66,0x96,0x66,0x99,0x66,0x99,0x99,
	0x69,0x00,0x00,0x00,0x00,0x00,0x06,0x69,0x99,0x99,0x99,0x99,0x69,0x69,0x6A,0x00,0x00,0x00,0x00,0x00,0x69,0x99,0x99,0x00,
	0x00,0x09,0x90,0x00,0x00,0x09,0x99,0x99,0x96,0x69,0x90,0x89,0x99,0x00,0x00,0x09,0x99,0x66,0x99,0x99,0x90,0x00,0x00,0x00,
	0x00,0x00,0x00,0x06,0x99,0x99,0x99,0x99,0x99,0x99,0x99,0x99,0x99,0x99,0x99,0x66,0x6A,0x00,0x00,0x00,0x00,0x00,0x00,0x00,
	0x00,0x00,0x04,0x99,0x96,0x00,0x69,0x99,0x90,0x04,0x69,0x99,0x66,0x00,0x00,0x66,0x00,0x00,0x06,0x66,0x66,0x66,0x66,0x66,
	0x96,0x60,0x00,0x00,0x00,0x66,0x66,0x96,0x66,0x69,0x69,0x66,0x66,0x60,0x00,0xFF,0x66,0x66,0x69,0x66,0x66,0x66,0x66,0x66,
	0x69,0x66,0x48,0x00,0x00,0x00,0x00,0x00,0x00,0x00,0x08,0x69,0x66,0x6A,0x00,0x00,0x66,0x66,0x60,0x66,0x66,0x96,0x66,0x66,
	0x66,0x66,0x6A,0x00,0x66,0x66,0x60,0x06,0x66,0x46,0x66,0x40,0x66,0x80,0xA6,0x00,0x66,0x00,0x66,0x66,0x60,0x66,0x66,0x60,
	0x0A,0x96,0x66,0x66,0x66,0x66,0x66,0x66,0x66,0x66,0x66,0x66,0x64,0xA0,0x00,0x00,0x00,0x08,0x46,0x66,0x66,0x66,0x66,0x66,
	0x66,0x66,0x66,0x66,0x96,0x40,0x49,0x66,0x66,0x63,0x66,0x66,0x66,0x66,0x69,0x99,0x60,0x00,0x00,0x00,0x00,0x00,0x00,0x0A,
	0x66,0x66,0x66,0x66,0x64,0x84,0x00,0x00,0x00,0x00,0x00,0x00,0x00,0x46,0x96,0x66,0x60,0x00,0x00,0x00,0x00,0x0A,0x66,0x60,
	0x00,0xCA,0x66,0x00,0x80,0x00,0x00,0x00,0x86,0x66,0x69,0x60,0x00,0x00,0x00,0x00,0x09,0x99,0x99,0x99,0x99,0x99,0x99,0x99,
	0x99,0x99,0x99,0x60,0x00,0x00,0x00,0x00,0x06,0x00,0x00,0x00,0x00,0x00,0x08,0x99,0x99,0x99,0x99,0x99,0x99,0x99,0x99,0x99,
	0x99,0x99,0x99,0x39,0x99,0x99,0x99,0x99,0x99,0x99,0x96,0x00,0x00,0x00,0x00,0x00,0x09,0x99,0x99,0x99,0x99,0x60,0x00,0x00,
	0x00,0x00,0x00,0x00,0x06,0x99,0x99,0x99,0x99,0x99,0x99,0x99,0x99,0x99,0x99,0x99,0x99,0x99,0x99,0x99,0x99,0x96,0x00,0x00,
	0x00,0x00,0x00,0x00,0x00,0x00,0xA6,0x00,0x00,0x00,0x00,0xFF,0x96,0x96,0x69,0x66,0x99,0x96,0x99,0x69,0x99,0x99,0x99,0x69,
	0x96,0x96,0x99,0x99,0x96,0x96,0x98,0x00,0x00,0x00,0x00,0x69,0x99,0x99,0x66,0x99,0x69,0x99,0x99,0x69,0x99,0x96,0x40,0x00,
	0x00,0x00,0x04,0x99,0x99,0x00,0x00,0x09,0x99,0x00,0x00,0x04,0x99,0x99,0x99,0x99,0x90,0xA9,0x96,0x00,0x00,0x09,0x99,0x99,
	0x96,0x66,0x60,0x00,0x00,0x00,0x00,0x00,0x00,0x06,0x99,0x99,0x99,0x99,0x99,0x99,0x99,0x99,0x99,0x99,0x99,0x99,0x99,0x99,
	0x99,0x64,0x00,0x00,0x00,0x00,0x00,0x00,0x00,0x00,0x6A,0x00,0x99,0x69,0x90,0x06,0x66,0x66,0x94,0x00,0x00,0x66,0x00,0x00,
	0x06,0x66,0x66,0x66,0x66,0x96,0x99,0x66,0x80,0x00,0x00,0x06,0x66,0x66,0x66,0x66,0x66,0x66,0x69,0x90,0x00,0xFF,0x96,0x66,
	0x66,0x96,0x96,0x66,0x96,0x6A,0x00,0x00,0x00,0x00,0x00,0x00,0x00,0x00,0x00,0x00,0x06,0x66,0x66,0x68,0x00,0x00,0x99,0x66,
	0x60,0x86,0x66,0x66,0x66,0x66,0x66,0x66,0x66,0x00,0x66,0x99,0x66,0x86,0x66,0x66,0x66,0x66,0x66,0x60,0x04,0x04,0x66,0x00,
	0x66,0x66,0x60,0x66,0x66,0x64,0x00,0x66,0x69,0x96,0x66,0x66,0x66,0x66,0x66,0x66,0x66,0x66,0x66,0x66,0x66,0x66,0x6A,0xA0,
	0x00,0x00,0x00,0xA6,0x66,0x66,0x96,0x69,0x66,0x66,0x99,0x96,0x00,0x66,0x66,0x66,0x99,0x66,0x66,0x66,0x69,0x96,0x60,0x00,
	0x00,0x00,0x00,0x00,0x00,0x0A,0x66,0x66,0x66,0x66,0x66,0x8A,0x0A,0x00,0x08,0x00,0x00,0x00,0xA6,0x99,0x96,0x6A,0x00,0x00,
	0x00,0x00,0x00,0x00,0x86,0x60,0x00,0xCA,0x66,0x80,0x00,0x00,0x00,0x00,0x06,0x66,0x99,0x40,0x00,0x00,0x00,0x00,0x09,0x99,
	0x99,0x99,0x99,0x99,0x99,0x99,0x99,0x99,0x99,0x60,0x00,0x00,0x00,0x00,0x06,0x00,0x00,0x00,0x00,0x00,0x08,0x69,0x96,0x99,
	0x99,0x99,0x99,0x99,0x99,0x99,0x99,0x99,0x36,0x93,0x99,0x99,0x99,0x99,0x99,0x99,0x96,0x00,0x00,0x00,0x80,0x00,0xA9,0x99,
	0x99,0x99,0x99,0x90,0x00,0x00,0x00,0x00,0x00,0x80,0x09,0x99,0x99,0x99,0x99,0x99,0x99,0x99,0x99,0x99,0x99,0x99,0x99,0x99,
	0x99,0x99,0x99,0x96,0x00,0x00,0x00,0x00,0x00,0x00,0x00,0x00,0x06,0x00,0x00,0x00,0x00,0xFF,0x66,0x66,0x69,0x66,0x99,0x99,
	0x99,0x99,0x96,0x69,0x99,0x69,0x99,0x96,0x99,0x99,0x96,0x99,0x40,0x00,0x00,0x86,0x69,0x69,0x66,0x66,0x66,0x99,0x99,0x99,
	0x99,0x69,0x99,0x66,0x99,0x90,0x00,0x00,0x00,0x09,0x96,0x00,0x00,0x89,0x99,0x90,0x00,0x00,0x99,0x99,0x99,0x99,0x90,0xA6,
	0x96,0x00,0x00,0x06,0x99,0x99,0x99,0x99,0x40,0x00,0x04,0x00,0x00,0x00,0x00,0x09,0x99,0x99,0x99,0x99,0x96,0x99,0x99,0x99,
	0x99,0x99,0x99,0x99,0x99,0x99,0x69,0x99,0x99,0x99,0x68,0x00,0x00,0x00,0x00,0x00,0x00,0x00,0x99,0x99,0x90,0x06,0x99,0x66,
	0x9A,0x00,0x00,0x66,0x00,0x00,0x86,0x66,0x66,0x80,0x66,0x66,0x69,0x96,0x66,0x00,0x00,0x00,0x06,0x66,0x66,0x66,0x66,0x66,
	0x99,0x60,0x00,0xFF,0x69,0x66,0x96,0x66,0x68,0x88,0x00,0x00,0x00,0x00,0x00,0x00,0x00,0x00,0x00,0x00,0x04,0x66,0x96,0x66,
	0x66,0x60,0x00,0x04,0x99,0x96,0x66,0x06,0x66,0x66,0x66,0x69,0x69,0x99,0x99,0x69,0x66,0x66,0x66,0x66,0x66,0x66,0x66,0x66,
	0x66,0x66,0x00,0x06,0x66,0x00,0x66,0x66,0x60,0x66,0x66,0x66,0x40,0x09,0x99,0x66,0x66,0x99,0x96,0x66,0x66,0x69,0x66,0x66,
	0x66,0x66,0x66,0x66,0x66,0x99,0x66,0x66,0x66,0x4A,0x00,0x04,0x96,0x66,0x66,0x69,0x66,0x69,0x9A,0x06,0x66,0x66,0x69,0x66,
	0x66,0x66,0x66,0x99,0x64,0x00,0x00,0x00,0x00,0x00,0x00,0x04,0x66,0x66,0x66,0x66,0x66,0x80,0x80,0xA0,0x00,0x00,0x00,0x46,
	0x66,0x99,0x66,0x60,0x00,0x00,0x00,0x00,0x00,0x00,0x00,0x40,0x00,0xCA,0x66,0x80,0x00,0x00,0x00,0x00,0x86,0x69,0x99,0xA0,
	0x00,0x00,0x00,0x00,0x09,0x99,0x99,0x99,0x99,0x99,0x99,0x99,0x69,0x99,0x99,0xA0,0x00,0x00,0x00,0x00,0x06,0x80,0x00,0x00,
	0x00,0x00,0x00,0x49,0x99,0x99,0x99,0x99,0x99,0x99,0x99,0x99,0x99,0x33,0x99,0x99,0x99,0x93,0x93,0x99,0x99,0x99,0x60,0x00,
	0x00,0x00,0x00,0x00,0x69,0x99,0x99,0x99,0x99,0x9A,0x00,0x00,0x00,0x00,0x00,0x00,0x04,0x99,0x99,0x99,0x99,0x99,0x99,0x99,
	0x99,0x99,0x99,0x99,0x99,0x99,0x99,0x99,0x99,0x99,0x80,0x00,0x00,0x00,0x00,0x00,0x00,0x00,0x06,0x00,0x00,0x00,0x00,0xFF,
	0x96,0x66,0x69,0x69,0x66,0x96,0x96,0x99,0x69,0x96,0x66,0x66,0x66,0x66,0x99,0x69,0x99,0x69,0x00,0x00,0x06,0x96,0x96,0x99,
	0x99,0x96,0x69,0x69,0x99,0x99,0x99,0x69,0x99,0x99,0x99,0x99,0x90,0x00,0x00,0x00,0x64,0x00,0x00,0x69,0x99,0x94,0x00,0x00,
	0x09,0x99,0x99,0x96,0x60,0xA6,0x96,0x00,0x00,0x04,0x99,0x99,0x99,0x99,0xA0,0x00,0x09,0x60,0x00,0x00,0x00,0x00,0x99,0x99,
	0x99,0x99,0x90,0x69,0x99,0x99,0x99,0x99,0x99,0x99,0x99,0x99,0x69,0x99,0x96,0x99,0x99,0x96,0xA0,0x00,0x00,0x00,0x00,0x00,
	0x04,0x69,0x40,0x06,0x66,0x66,0x6A,0x00,0x00,0x66,0x00,0x00,0x06,0x66,0x66,0x00,0x66,0x66,0x66,0x96,0x66,0x60,0x00,0x00,
	0x08,0x66,0x66,0x66,0x66,0x99,0x66,0x60,0x00,0xFF,0x66,0xA0,0x00,0x00,0x00,0x00,0x00,0x00,0x00,0x00,0x00,0x00,0x00,0x00,
	0x06,0x66,0x96,0x96,0x99,0x66,0x66,0x60,0x00,0x06,0x66,0x66,0x96,0x06,0x69,0x99,0x69,0x96,0x66,0x66,0x66,0x66,0x66,0x66,
	0x96,0x66,0x66,0x66,0x69,0x66,0x66,0x66,0x60,0x06,0x66,0x66,0x66,0x69,0x60,0x69,0x66,0x66,0x60,0x0A,0x99,0x96,0x66,0x66,
	0x66,0x66,0x69,0x69,0x66,0x66,0x69,0x69,0x96,0x66,0x66,0x69,0x66,0x69,0x69,0x69,0x96,0x40,0x66,0x66,0x66,0x99,0x99,0x99,
	0x99,0x60,0x86,0x69,0x69,0x66,0x96,0x99,0x66,0x99,0x99,0x00,0x00,0x00,0x00,0x00,0x00,0x06,0x96,0x96,0x66,0x96,0x66,0x68,
	0xAA,0x80,0x00,0x00,0x46,0x66,0x69,0x69,0x64,0x00,0x00,0x00,0x00,0x00,0x00,0x00,0x00,0x00,0x00,0xCA,0x66,0x00,0x00,0x00,
	0x00,0x80,0x86,0x69,0x99,0x40,0x00,0x00,0x00,0x00,0x06,0x99,0x99,0x99,0x99,0x99,0x99,0x99,0x96,0x69,0x69,0x00,0x00,0x00,
	0x00,0x00,0x06,0x00,0x00,0x00,0x00,0x00,0x08,0x86,0x99,0x69,0x99,0x99,0x99,0x99,0x99,0x96,0x66,0x66,0x99,0x99,0x99,0x99,
	0x99,0x99,0x99,0x99,0x00,0x00,0x00,0x00,0x00,0x00,0x99,0x39,0x93,0x39,0x99,0x94,0x00,0x00,0x00,0x00,0x00,0x00,0x00,0x99,
	0x99,0x99,0x99,0x99,0x99,0x99,0x99,0x99,0x99,0x99,0x99,0x99,0x99,0x99,0x99,0x99,0x40,0x00,0x00,0x00,0x00,0x00,0x00,0x00,
	0x06,0x00,0x00,0x00,0x00,0xFF,0x69,0x66,0x66,0x66,0x99,0x99,0x69,0x99,0x99,0x99,0x99,0x96,0x96,0x66,0x66,0x69,0x69,0x96,
	0x00,0x00,0x09,0x99,0x96,0x99,0x66,0x99,0x99,0x66,0x99,0x99,0x69,0x69,0x99,0x69,0x96,0x99,0x63,0x80,0x00,0x00,0x0A,0x00,
	0x00,0x99,0x99,0x99,0x00,0x00,0x09,0x99,0x99,0x99,0x90,0x89,0x6A,0x00,0x00,0x00,0x99,0x99,0x99,0x99,0x00,0x00,0x09,0x99,
	0x90,0x00,0x00,0x00,0x00,0x69,0x99,0x99,0x90,0x69,0x99,0x99,0x99,0x99,0x99,0x99,0x99,0x99,0x99,0x99,0x99,0x99,0x99,0x99,
	0x99,0x9A,0x00,0x00,0x00,0x00,0x00,0x00,0x00,0x09,0x99,0x99,0x90,0x00,0x00,0x66,0x00,0x00,0x46,0x66,0x99,0x00,0x66,0x66,
	0x99,0x96,0x66,0x66,0x00,0x00,0x00,0x06,0x66,0x66,0x66,0x66,0x66,0x60,0x00,0xFF,0x66,0x00,0x00,0x00,0x00,0x00,0x00,0x00,
	0x00,0x00,0x00,0x04,0x66,0x66,0x66,0x66,0x66,0x66,0x96,0x66,0x66,0xA0,0x00,0x06,0x66,0x66,0x69,0x90,0x99,0x96,0x69,0x99,
	0x99,0x66,0x66,0x66,0x66,0x66,0x66,0x66,0x66,0x66,0x66,0x99,0x66,0x69,0x69,0x96,0x96,0x99,0x66,0x66,0x66,0x66,0x96,0x96,
	0x66,0x06,0x99,0x96,0x66,0x69,0x96,0x66,0x69,0x99,0x96,0x66,0x66,0x66,0x66,0x66,0x66,0x66,0x99,0x66,0x66,0x66,0x96,0x66,
	0x66,0x66,0x66,0x99,0x66,0x66,0x99,0x93,0xA0,0x69,0x99,0x99,0x99,0x69,0x66,0x69,0x66,0x60,0x00,0x00,0x00,0x00,0x00,0x06,
	0x66,0x66,0x66,0x66,0x66,0x96,0x6A,0x00,0x04,0x66,0x96,0x66,0x99,0x69,0x68,0x00,0x00,0x00,0x00,0x00,0x00,0x00,0x00,0x00,
	0x00,0xCA,0x04,0x00,0x00,0x00,0x00,0x00,0x09,0x99,0x99,0x80,0x00,0x00,0x00,0x00,0x04,0x99,0x99,0x99,0x99,0x99,0x99,0x99,
	0x99,0x99,0x96,0x80,0x00,0x00,0x00,0x00,0xA6,0x00,0x80,0x00,0x00,0x00,0x00,0x86,0x99,0x99,0x99,0x99,0x99,0x99,0x99,0x99,
	0x99,0x99,0x99,0x96,0x99,0x99,0x99,0x39,0x99,0x96,0x00,0x00,0x00,0x00,0x00,0xA9,0x99,0x93,0x99,0x99,0x99,0x96,0x00,0x00,
	0x00,0x00,0x00,0x00,0x00,0x99,0x99,0x99,0x99,0x99,0x99,0x99,0x99,0x99,0x99,0x99,0x99,0x99,0x99,0x99,0x99,0x69,0x68,0xA0,
	0x00,0x00,0x00,0x00,0x00,0x8A,0x06,0x00,0x00,0x00,0x00,0xFF,0x66,0x66,0x69,0x69,0x99,0x99,0x99,0x96,0x99,0x99,0x99,0x99,
	0x96,0x96,0x96,0x66,0x99,0x96,0x00,0x00,0x66,0x99,0x99,0x99,0x99,0x99,0x69,0x66,0x69,0x99,0x99,0x66,0x99,0x66,0x66,0x69,
	0x99,0x96,0x00,0x00,0x00,0x00,0x00,0x99,0x99,0x99,0x60,0x00,0x00,0x99,0x99,0x99,0x90,0xA9,0x9A,0x00,0x00,0x00,0x99,0x99,
	0x99,0x99,0x00,0x00,0x09,0x99,0x99,0xA0,0x00,0x00,0x00,0x00,0x69,0x99,0x90,0x69,0x99,0x99,0x99,0x99,0x99,0x99,0x99,0x99,
	0x99,0x99,0x99,0x99,0x99,0x99,0x99,0x99,0x96,0xA0,0x00,0x00,0x00,0x00,0x00,0xA9,0x99,0x99,0x90,0x00,0x00,0x66,0x00,0x00,
	0x46,0x66,0x69,0x00,0x66,0x66,0x99,0x96,0x66,0x66,0x68,0x00,0x00,0x00,0x66,0x66,0x66,0x66,0x66,0x90,0x00,0xFF,0x66,0x00,
	0x00,0x00,0x00,0x00,0x00,0x00,0x08,0x46,0x66,0x66,0x96,0x99,0x66,0x66,0x66,0x96,0x66,0x66,0x66,0x00,0x00,0x09,0x66,0x66,
	0x66,0x60,0x69,0x99,0x99,0x96,0x99,0x99,0x96,0x99,0x99,0x66,0x99,0x66,0x66,0x66,0x96,0x99,0x99,0x69,0x99,0x99,0x99,0x99,
	0x66,0x66,0x66,0x96,0x66,0x66,0x66,0x69,0x99,0x66,0x66,0x66,0x66,0x66,0x66,0x66,0x66,0x66,0x66,0x99,0x66,0x96,0x66,0x66,
	0x66,0x96,0x66,0x96,0x99,0x99,0x96,0x66,0x66,0x69,0x96,0x66,0x99,0x99,0x96,0x06,0x69,0x66,0x99,0x96,0x69,0x99,0x96,0x9A,
	0x00,0x00,0x00,0x00,0x00,0x66,0x66,0x66,0x96,0x66,0x96,0x96,0x66,0x99,0x69,0x96,0x99,0x69,0x96,0x96,0x60,0x00,0x00,0x00,
	0x00,0x00,0x00,0x00,0x00,0x00,0x00,0xCA,0x08,0x80,0x00,0x00,0x00,0x00,0x89,0x99,0x96,0x00,0x00,0x00,0x00,0x00,0x04,0x99,
	0x99,0x99,0x99,0x99,0x99,0x99,0x99,0x99,0x96,0x00,0x00,0x00,0x00,0x00,0xA4,0x00,0x00,0x00,0x00,0x00,0x00,0x09,0x99,0x93,
	0x99,0x99,0x99,0x99,0x99,0x99,0x99,0x99,0x99,0x99,0x99,0x99,0x99,0x99,0x99,0x90,0x00,0x00,0x00,0x00,0x00,0xA9,0x93,0x96,
	0x69,0x99,0x99,0x99,0x00,0x00,0x00,0x00,0x00,0x00,0x00,0xA9,0x99,0x99,0x99,0x99,0x99,0x99,0x99,0x99,0x99,0x99,0x99,0x99,
	0x99,0x99,0x99,0x99,0x9A,0x00,0x00,0x00,0x00,0x00,0x00,0x00,0x06,0x00,0x00,0x00,0x00,0xFF,0x69,0x66,0x66,0x96,0x66,0x96,
	0x69,0x69,0x66,0x99,0x69,0x99,0x99,0x69,0x99,0x99,0x99,0x96,0x00,0x00,0x66,0x69,0x99,0x99,0x96,0x60,0x99,0x99,0x99,0x96,
	0x96,0x69,0x99,0x66,0x99,0x66,0x99,0x99,0xA0,0x00,0x00,0x00,0x00,0x99,0x99,0x99,0x90,0x00,0x00,0x69,0x99,0x99,0x90,0xA9,
	0x94,0x00,0x00,0x00,0x99,0x96,0x69,0x99,0x00,0x00,0xA9,0x99,0x99,0x90,0x00,0x00,0x00,0x00,0x0A,0x99,0x90,0x69,0x99,0x99,
	0x99,0x99,0x99,0x99,0x99,0x99,0x99,0x99,0x99,0x99,0x99,0x99,0x99,0x99,0x99,0x99,0xA0,0x00,0x00,0x00,0x00,0x08,0x99,0x69,
	0x60,0x00,0x0A,0x66,0x00,0x00,0xA6,0x66,0x66,0x00,0x66,0x66,0x66,0x69,0x66,0x66,0x66,0x00,0x00,0x00,0x04,0x66,0x69,0x69,
	0x66,0x60,0x00,0xFF,0x66,0x00,0x00,0x00,0x00,0x00,0x08,0x66,0x66,0x69,0x96,0x66,0x66,0x66,0x66,0x66,0x66,0x66,0x66,0x66,
	0x66,0x00,0x00,0x06,0x66,0x66,0x66,0x64,0x06,0x99,0x99,0x99,0x99,0x99,0x99,0x99,0x99,0x99,0x99,0x99,0x99,0x66,0x96,0x99,
	0x99,0x99,0x66,0x99,0x99,0x96,0x66,0x66,0x66,0x69,0x66,0x69,0x96,0x66,0x99,0x69,0x69,0x99,0x96,0x66,0x66,0x66,0x99,0x96,
	0x69,0x66,0x66,0x66,0x96,0x66,0x66,0x66,0x66,0x69,0x66,0x66,0x99,0x66,0x66,0x66,0x99,0x99,0x96,0x66,0x96,0x60,0x69,0x96,
	0x96,0x99,0x99,0x69,0x96,0x99,0x00,0x00,0x00,0x00,0x06,0x69,0x99,0x96,0x96,0x66,0x69,0x99,0x66,0x69,0x66,0x66,0x69,0x69,
	0x96,0x66,0x80,0x00,0x00,0x00,0x00,0x00,0x00,0x00,0x00,0x00,0x00,0xCA,0x00,0x00,0x00,0x00,0x00,0x00,0xA9,0x99,0x99,0x00,
	0x00,0x00,0x00,0x00,0x00,0x99,0x99,0x99,0x99,0x99,0x99,0x99,0x99,0x99,0x90,0x00,0x00,0x00,0x00,0x00,0x4A,0x00,0x00,0x00,
	0x00,0x00,0x00,0xA9,0x99,0x99,0x99,0x99,0x99,0x99,0x99,0x93,0x99,0x99,0x99,0x99,0x99,0x99,0x99,0x99,0x69,0x00,0x00,0x00,
	0x00,0x08,0x00,0x66,0x99,0x39,0x66,0x99,0x99,0x99,0x00,0x00,0x00,0x00,0x00,0x00,0x00,0xA6,0x99,0x99,0x99,0x99,0x99,0x99,
	0x99,0x99,0x99,0x99,0x99,0x99,0x99,0x99,0x99,0x99,0x66,0x00,0x00,0x00,0x00,0x00,0x00,0x00,0x06,0x00,0x00,0x00,0x00,0xFF,
	0x66,0x66,0x69,0x66,0x69,0x99,0x99,0x99,0x99,0x99,0x99,0x96,0x99,0x66,0x99,0x99,0x99,0x96,0x00,0x00,0x69,0x99,0x99,0x99,
	0x99,0x60,0x99,0x99,0x66,0x66,0x96,0x66,0x66,0x99,0x99,0x96,0x66,0x69,0x66,0x00,0x00,0x00,0x00,0x99,0x69,0x99,0x99,0x00,
	0x00,0x09,0x99,0x99,0x90,0x09,0x94,0x00,0x00,0x00,0x69,0x99,0x69,0x99,0x00,0x00,0x49,0x99,0x99,0x90,0x00,0x00,0x00,0x00,
	0x00,0x00,0x40,0x69,0x99,0x99,0x99,0x99,0x99,0x99,0x99,0x99,0x99,0x99,0x99,0x99,0x99,0x99,0x99,0x99,0x99,0x99,0x99,0x66,
	0x00,0x00,0x00,0x00,0x00,0x69,0x60,0x00,0x06,0x99,0x00,0x00,0x46,0x66,0x66,0x00,0x66,0x96,0x99,0x66,0x96,0x69,0x66,0x64,
	0x00,0x00,0x00,0x49,0x96,0x69,0x99,0x60,0x00,0xFF,0x69,0x96,0xA0,0x00,0x00,0x00,0x0A,0x66,0x66,0x96,0x99,0x69,0x6A,0x00,
	0x00,0x0A,0x69,0x66,0x66,0x99,0x99,0x00,0x00,0xA6,0x69,0x69,0x96,0x69,0x08,0x96,0x99,0x99,0x99,0x99,0x99,0x99,0x99,0x99,
	0x99,0x99,0x99,0x99,0x66,0x99,0x99,0x99,0x99,0x99,0x99,0x99,0x69,0x69,0x96,0x99,0x99,0x66,0x69,0x99,0x99,0x66,0x66,0x66,
	0x99,0x96,0x99,0x66,0x66,0x66,0x66,0x66,0x66,0x66,0x66,0x66,0x66,0x66,0x66,0x66,0x66,0x66,0x66,0x69,0x66,0x66,0x66,0x66,
	0x66,0x66,0x69,0x69,0x00,0x66,0x96,0x69,0x99,0x99,0x96,0x66,0x96,0x80,0x00,0x0A,0x66,0x66,0x66,0x66,0x96,0x66,0x66,0x66,
	0x66,0x69,0x99,0x99,0x99,0x69,0x99,0x96,0x00,0x00,0x00,0x00,0x00,0x00,0x00,0x00,0x00,0x00,0x00,0xCA,0x00,0x00,0x00,0x00,
	0x00,0x00,0x89,0x99,0x99,0x80,0x00,0x00,0x00,0x00,0x08,0x69,0x99,0x99,0x99,0x99,0x99,0x99,0x99,0x66,0x60,0x00,0x00,0x00,
	0x00,0x08,0x66,0x00,0x00,0x00,0x00,0x00,0x0A,0xA9,0x99,0x99,0x99,0x99,0x99,0x99,0x99,0x99,0x39,0x99,0x99,0x99,0x99,0x99,
	0x99,0x99,0x90,0x08,0x00,0x00,0x00,0x00,0x00,0x33,0x96,0x69,0x66,0x99,0x99,0x99,0x00,0x00,0x00,0x00,0x00,0x00,0x00,0x09,
	0x99,0x99,0x99,0x99,0x99,0x99,0x96,0x99,0x99,0x99,0x99,0x99,0x99,0x99,0x99,0x99,0x96,0x00,0x00,0xA0,0x00,0x00,0x00,0x00,
	0x06,0x00,0x00,0x00,0x00,0xFF,0x66,0x66,0x66,0x99,0x99,0x69,0x69,0x99,0x99,0x99,0x99,0x99,0x99,0x96,0x96,0x99,0x99,0x96,
	0x00,0x00,0x69,0x99,0x99,0x99,0x99,0x60,0x96,0x66,0x69,0x99,0x99,0x96,0x99,0x99,0x99,0x96,0x66,0x66,0x99,0x60,0x00,0x00,
	0x00,0x99,0x69,0x99,0x99,0x80,0x00,0x00,0x99,0x99,0x90,0x09,0x9A,0x00,0x00,0x00,0x09,0x99,0x66,0x69,0x00,0x00,0x69,0x99,
	0x99,0x90,0x00,0x00,0x00,0x00,0x00,0x00,0x00,0x69,0x99,0x99,0x99,0x99,0x99,0x96,0x8A,0x69,0x99,0x99,0x99,0x99,0x99,0x99,
	0x99,0x99,0x99,0x99,0x99,0x99,0x96,0x00,0x00,0x00,0x00,0x08,0x60,0x00,0x09,0x69,0x00,0x00,0x49,0x66,0x66,0x00,0x66,0x66,
	0x99,0x96,0x66,0x99,0x99,0x66,0x60,0x00,0x00,0x00,0x66,0x66,0x99,0x90,0x00,0xFF,0x66,0x99,0x96,0x00,0x00,0x00,0x00,0x09,
	0x96,0x96,0x69,0x96,0xA0,0x00,0x00,0x00,0x00,0x84,0x69,0x66,0x69,0x00,0x00,0x69,0x69,0x66,0x99,0x99,0x90,0x66,0x99,0x99,
	0x99,0x99,0x99,0x99,0x99,0x99,0x99,0x99,0x99,0x99,0x99,0x99,0x66,0x69,0x96,0x66,0x66,0x96,0x69,0x99,0x96,0x99,0x66,0x66,
	0x66,0x66,0x66,0x66,0x66,0x66,0x66,0x96,0x66,0x66,0x66,0x66,0x66,0x66,0x66,0x66,0x66,0x66,0x66,0x66,0x60,0x66,0x66,0x66,
	0x66,0x66,0x66,0x66,0x66,0x66,0x66,0x66,0x66,0x99,0x60,0x06,0x66,0x66,0x96,0x99,0x69,0x99,0x69,0x96,0x66,0x69,0x96,0x69,
	0x66,0x66,0x66,0x66,0x66,0x66,0x66,0x66,0x66,0x99,0x99,0x96,0x66,0x66,0x00,0x00,0x00,0x00,0x00,0x00,0x00,0x00,0x00,0x00,
	0x00,0xCA,0x00,0x00,0x00,0x00,0x00,0x00,0x09,0x99,0x99,0x40,0x00,0x00,0x00,0x00,0x00,0x09,0x99,0x99,0x99,0x99,0x99,0x99,
	0x99,0x69,0x60,0x08,0x00,0x00,0x08,0x06,0x60,0x00,0x00,0x00,0x00,0x00,0x00,0x06,0x99,0x99,0x93,0x99,0x99,0x99,0x99,0x99,
	0x99,0x33,0x39,0x99,0x99,0x99,0x99,0x99,0x80,0x00,0x00,0x00,0x00,0x00,0x06,0x33,0x39,0x99,0x99,0x69,0x96,0x99,0x00,0x00,
	0x00,0x00,0x00,0x00,0x00,0x00,0x99,0x99,0x99,0x99,0x99,0x99,0x99,0x99,0x99,0x99,0x99,0x99,0x99,0x99,0x99,0x99,0x99,0x60,
	0x00,0x00,0x00,0x00,0x00,0x00,0x86,0x00,0x00,0x00,0x00,0xFF,0x66,0x66,0x96,0x99,0x99,0x99,0x96,0x99,0x99,0x66,0x99,0x99,
	0x69,0x66,0x96,0x99,0x96,0x99,0x00,0x00,0x66,0x69,0x96,0x69,0x99,0x60,0x66,0x66,0x99,0x99,0x99,0x99,0x96,0x99,0x99,0x99,
	0x69,0x96,0x66,0x90,0x00,0x00,0x0A,0x99,0x96,0x99,0x99,0x90,0x00,0x00,0x99,0x99,0x90,0x09,0x94,0x00,0x00,0x00,0x09,0x99,
	0x96,0x66,0x00,0x00,0x99,0x99,0x99,0x90,0x00,0x00,0x96,0x00,0x00,0x00,0x00,0x00,0x49,0x99,0x99,0x99,0x99,0x80,0x00,0x00,
	0x08,0xA4,0x66,0x99,0x99,0x99,0x99,0x99,0x99,0x99,0x99,0x99,0x99,0x96,0x00,0x00,0x00,0x00,0x00,0x00,0x09,0x66,0x00,0x00,
	0x66,0x66,0x99,0x00,0x69,0x66,0x99,0x96,0x66,0x69,0x99,0x96,0x66,0x00,0x00,0x00,0x06,0x66,0x66,0x60,0x00,0xFF,0x66,0x66,
	0x66,0x6A,0x00,0x00,0x00,0x00,0x66,0x99,0x99,0x96,0x00,0x00,0x00,0x00,0x00,0x00,0x00,0x0A,0x6A,0x00,0x00,0x99,0x66,0x66,
	0x69,0x96,0x90,0x66,0x66,0x99,0x66,0x96,0x99,0x99,0x99,0x96,0x99,0x99,0x99,0x96,0x66,0x99,0x66,0x66,0x96,0x66,0x66,0x66,
	0x66,0x66,0x66,0x66,0x66,0x66,0x66,0x66,0x66,0x66,0x66,0x66,0x66,0x96,0x66,0x66,0x66,0x66,0x66,0x66,0x66,0x66,0x66,0x66,
	0x66,0x66,0x60,0x66,0x66,0x66,0x66,0x66,0x66,0x66,0x66,0x69,0x66,0x66,0x66,0x69,0x66,0xA0,0x66,0x66,0x96,0x96,0x99,0x66,
	0x99,0x99,0x99,0x69,0x66,0x69,0x99,0x99,0x69,0x96,0x66,0x66,0x66,0x66,0x66,0x66,0x96,0x96,0x66,0x6A,0x00,0x00,0x00,0x00,
	0x00,0x00,0x00,0x00,0x00,0x00,0x00,0xCA,0x00,0x00,0x00,0x00,0x00,0x00,0x09,0x99,0x99,0xA0,0x00,0x00,0x00,0x00,0x00,0xA6,
	0x99,0x99,0x99,0x99,0x99,0x99,0x99,0x66,0xA0,0x00,0x00,0x00,0x00,0x04,0x64,0x00,0x00,0x00,0x00,0x00,0x00,0x06,0x99,0x99,
	0x93,0x99,0x33,0x99,0x99,0x99,0x99,0x99,0x33,0x99,0x93,0x99,0x99,0x9A,0x00,0x00,0x00,0x00,0x00,0x00,0x89,0x99,0x39,0x99,
	0x93,0x69,0x96,0x69,0x60,0x00,0x00,0x00,0x00,0x00,0x00,0x0A,0x99,0x99,0x99,0x99,0x99,0x99,0x99,0x99,0x99,0x99,0x96,0x69,
	0x66,0x99,0x69,0x96,0x99,0x60,0x00,0x00,0x00,0x00,0x00,0x80,0xA6,0x00,0x00,0x00,0x00,0xFF,0x66,0x66,0x69,0x99,0x99,0x99,
	0x99,0x99,0x99,0x99,0x99,0x99,0x96,0x99,0x99,0x99,0x69,0x99,0x00,0x00,0x89,0x96,0x69,0x69,0x66,0x60,0x99,0x99,0x99,0x66,
	0x66,0x96,0x69,0x99,0x99,0x99,0x69,0x99,0x99,0x99,0x00,0x00,0x00,0x09,0x99,0x99,0x99,0x96,0x00,0x00,0xA9,0x99,0x90,0x09,
	0x94,0x00,0x00,0x00,0x04,0x96,0x99,0x96,0x00,0x00,0x69,0x99,0x66,0x60,0x00,0x00,0x99,0x99,0xA0,0x00,0x00,0x00,0x00,0x0A,
	0x99,0x99,0x99,0x00,0x00,0x00,0x00,0x00,0x00,0x00,0x00,0x00,0x8A,0x46,0x99,0x99,0x99,0x99,0x99,0x99,0x99,0x00,0x00,0x00,
	0x00,0x00,0x09,0x96,0x00,0x00,0x46,0x66,0x66,0x00,0x66,0x96,0x69,0x99,0x96,0x66,0x99,0x69,0x99,0x64,0x00,0x00,0x00,0xA6,
	0x69,0x90,0x00,0xFF,0x99,0x99,0x99,0x99,0x96,0x00,0x00,0x00,0x00,0x69,0x99,0x94,0x00,0x00,0x00,0x00,0x00,0x00,0x00,0x00,
	0x00,0x00,0x08,0x66,0x66,0x66,0x66,0x66,0x66,0x06,0x66,0x66,0x66,0x66,0x69,0x96,0x96,0x66,0x69,0x66,0x66,0x66,0x66,0x66,
	0x66,0x66,0x66,0x66,0x66,0x66,0x66,0x66,0x66,0x66,0x66,0x66,0x66,0x69,0x96,0x66,0x66,0x66,0x66,0x66,0x66,0x66,0x66,0x66,
	0x66,0x66,0x66,0x66,0x66,0x66,0x66,0x66,0x6A,0x46,0x66,0x66,0x66,0x66,0x66,0x66,0x66,0x66,0x66,0x66,0x66,0x66,0x66,0x64,
	0x04,0x66,0x66,0x66,0x69,0x96,0x69,0x99,0x99,0x66,0x66,0x66,0x99,0x69,0x96,0x99,0x99,0x69,0x66,0x66,0x66,0x66,0x66,0x66,
	0x66,0x60,0x00,0x00,0x00,0x00,0x00,0x60,0x00,0x00,0x00,0x00,0x00,0xCA,0x00,0x00,0x00,0x00,0x00,0x00,0x09,0x99,0x99,0x60,
	0x00,0x00,0x00,0x00,0xA0,0x0A,0x99,0x99,0x99,0x99,0x99,0x99,0x99,0x66,0x00,0x00,0x00,0x00,0x00,0x06,0x60,0x00,0x00,0x00,
	0x00,0x00,0x00,0x06,0x69,0x99,0x99,0x99,0x99,0x99,0x99,0x99,0x99,0x99,0x93,0x33,0x99,0x99,0x99,0xA0,0x00,0x00,0x00,0x00,
	0x00,0x00,0x99,0x99,0x99,0x99,0x99,0x99,0x99,0x99,0x90,0x00,0x00,0x00,0x00,0x00,0x00,0x00,0x69,0x99,0x99,0x99,0x99,0x99,
	0x99,0x99,0x99,0x93,0x39,0x99,0x99,0x99,0x96,0x96,0x99,0x66,0x00,0x00,0x00,0x0A,0x00,0x00,0x06,0x00,0x00,0x00,0x00,0xFF,
	0x66,0x66,0x96,0x66,0x69,0x99,0x99,0x99,0x99,0x99,0x99,0x99,0x69,0x99,0x99,0x99,0x66,0x99,0x00,0x00,0x09,0x99,0x66,0x66,
	0x66,0x60,0x69,0x99,0x99,0x99,0x66,0x66,0x66,0x66,0x69,0x99,0x96,0x99,0x99,0x99,0x00,0x00,0x00,0x09,0x99,0x99,0x99,0x99,
	0x00,0x00,0x06,0x99,0x90,0x09,0x96,0x00,0x00,0x00,0x00,0x99,0x99,0x94,0x00,0x00,0x99,0x99,0x99,0x60,0x00,0x00,0x99,0x99,
	0x99,0x00,0x00,0x00,0x00,0x00,0x06,0x99,0x99,0x00,0x00,0x00,0x00,0x00,0x00,0x00,0x00,0x00,0x00,0x00,0x00,0x00,0xA4,0x46,
	0x69,0x99,0x99,0x96,0x00,0x00,0x00,0x00,0x09,0x99,0x00,0x00,0x66,0x66,0x96,0x00,0x99,0x96,0x69,0x99,0x99,0x99,0x99,0x99,
	0x99,0x99,0x80,0x00,0x00,0x08,0x99,0x90,0x00,0xFF,0x69,0x99,0x69,0x66,0x69,0x9A,0x00,0x00,0x00,0x06,0x99,0x94,0x00,0x00,
	0x00,0x00,0x00,0x00,0x00,0x00,0x00,0x00,0x00,0x00,0x00,0x00,0x00,0x00,0x00,0x00,0x00,0x0A,0x88,0x64,0x46,0x66,0xA8,0x46,
	0x66,0x66,0x66,0x66,0x66,0x66,0x66,0x66,0x69,0x66,0x66,0x66,0x66,0x66,0x66,0x66,0x66,0x66,0x66,0x66,0x66,0x99,0x96,0x66,
	0x66,0x66,0x66,0x66,0x66,0x66,0x66,0x66,0x66,0x66,0x66,0x66,0x66,0x66,0x66,0xA6,0x66,0x66,0x66,0x66,0x66,0x66,0x66,0x66,
	0x66,0x66,0x66,0x66,0x66,0x66,0x60,0x96,0x66,0x66,0x66,0x66,0x69,0x99,0x99,0x96,0x69,0x66,0x99,0x69,0x99,0x99,0x99,0x99,
	0x66,0x66,0x66,0x69,0x66,0x66,0x66,0x60,0x00,0x00,0x00,0x00,0x00,0x66,0x00,0x00,0x00,0x00,0x00,0xCA,0x00,0x00,0x00,0x00,
	0x00,0x00,0x09,0x99,0x99,0x60,0x00,0x00,0x00,0x00,0x00,0x0A,0x99,0x99,0x99,0x99,0x99,0x99,0x99,0x96,0x00,0x00,0x00,0x00,
	0x00,0x06,0x60,0x00,0x80,0x00,0x00,0x00,0x00,0xA6,0x66,0x69,0x99,0x99,0x69,0x99,0x99,0x93,0x93,0x39,0x99,0x33,0x33,0x99,
	0x99,0x00,0x00,0x00,0x00,0x00,0x00,0x04,0x99,0x99,0x99,0x99,0x99,0x99,0x99,0x99,0x80,0x00,0x00,0x00,0x00,0x00,0x00,0x0A,
	0x99,0x99,0x99,0x99,0x99,0x99,0x99,0x99,0x99,0x93,0x39,0x99,0x99,0x99,0x99,0x39,0x96,0x66,0x08,0x00,0x00,0x00,0xA0,0x00,
	0x86,0x00,0x00,0x00,0x00,0xFF,0x66,0x66,0x69,0x69,0x69,0x99,0x99,0x99,0x99,0x99,0x99,0x96,0x96,0x69,0x96,0x99,0x99,0x99,
	0x40,0x00,0x06,0x96,0x99,0x99,0x69,0x60,0x99,0x69,0x99,0x99,0x99,0x66,0x69,0x69,0x99,0x99,0x99,0x96,0x99,0x99,0x40,0x00,
	0x00,0x00,0x69,0x99,0x99,0x99,0x60,0x00,0x00,0x99,0x90,0x09,0x96,0x00,0x00,0x00,0x00,0x99,0x99,0x9A,0x00,0x00,0x96,0x69,
	0x99,0x90,0x00,0x00,0x99,0x99,0x99,0x99,0xA0,0x00,0x00,0x00,0x00,0x00,0x46,0x60,0x00,0x00,0x00,0x00,0x00,0x00,0x00,0x00,
	0x00,0x00,0x00,0x00,0x00,0x00,0x00,0x00,0x00,0x00,0x00,0x00,0x00,0x00,0x04,0x99,0x00,0x00,0x69,0x66,0x69,0x00,0x96,0x99,
	0x66,0x96,0x99,0x69,0x99,0x99,0x99,0x99,0x66,0x00,0x00,0x00,0x06,0x60,0x00,0xFF,0x66,0x66,0x66,0x66,0x66,0x66,0x60,0x00,
	0x00,0x00,0x89,0x96,0x00,0x00,0x00,0x00,0x00,0x00,0x00,0x00,0x00,0x00,0x00,0x00,0x00,0x00,0x00,0x00,0x00,0x00,0x00,0x00,
	0x00,0x00,0x00,0x00,0x00,0x00,0x00,0x00,0x00,0x00,0x00,0x00,0x00,0x00,0x00,0x08,0x80,0x08,0x80,0x8A,0x46,0x66,0x66,0x66,
	0x66,0x66,0x66,0x66,0x66,0x66,0x66,0x66,0x66,0x66,0x66,0x66,0x66,0x66,0x66,0x66,0x66,0x66,0x66,0x66,0x66,0x06,0x66,0x66,
	0x66,0x66,0x66,0x66,0x66,0x66,0x66,0x66,0x66,0x66,0x66,0x66,0x66,0x06,0x66,0x66,0x66,0x66,0x66,0x66,0x66,0x66,0x66,0x66,
	0x66,0x69,0x66,0x66,0x69,0x99,0x99,0x66,0x99,0x99,0x66,0x69,0x66,0x40,0x00,0x00,0x00,0x00,0x08,0x66,0x68,0x00,0x00,0x00,
	0x00,0xCA,0x00,0x00,0x00,0x00,0x00,0x00,0x09,0x99,0x99,0x60,0x00,0x00,0x00,0x00,0x00,0x00,0x69,0x99,0x99,0x99,0x99,0x99,
	0x99,0x9A,0x00,0x00,0x00,0x00,0x00,0x06,0x68,0x00,0xA0,0x00,0x00,0x00,0x00,0x86,0x66,0x69,0x99,0x99,0x99,0x99,0x99,0x99,
	0x99,0x33,0x39,0x99,0x99,0x99,0x40,0x00,0x00,0x00,0x00,0x00,0x00,0x66,0x99,0x99,0x99,0x99,0x99,0x99,0x99,0x99,0x90,0x00,
	0x00,0x00,0x00,0x00,0x00,0x00,0x06,0x99,0x99,0x99,0x99,0x99,0x99,0x99,0x99,0x99,0x99,0x99,0x99,0x99,0x99,0x39,0x99,0x66,
	0x60,0x0A,0x0A,0x4A,0xA8,0xAA,0x66,0x00,0x00,0x00,0x00,0xFF,0x66,0x66,0x66,0x69,0x69,0x69,0x69,0x69,0x99,0x96,0x69,0x96,
	0x66,0x66,0x66,0x69,0x99,0x99,0x60,0x00,0x06,0x96,0x99,0x99,0x99,0x60,0x99,0x96,0x69,0x99,0x99,0x99,0x99,0x66,0x99,0x99,
	0x99,0x96,0x99,0x96,0x60,0x00,0x00,0x00,0x09,0x99,0x99,0x99,0x90,0x00,0x00,0x69,0x90,0x09,0x96,0x00,0x00,0x00,0x00,0x99,
	0x99,0x90,0x00,0x08,0x93,0x96,0x99,0x90,0x00,0x00,0x99,0x99,0x99,0x39,0x90,0x80,0x00,0x00,0x00,0x00,0x00,0x00,0x00,0x00,
	0x00,0x00,0x00,0x00,0x00,0x00,0x00,0x00,0x00,0x00,0x00,0x00,0x00,0x00,0x00,0x00,0x00,0x00,0x00,0x00,0x00,0x69,0x00,0x00,
	0x69,0x96,0x66,0x00,0x66,0x66,0x66,0x66,0x69,0x66,0x96,0x96,0x99,0x66,0x66,0x60,0x00,0x00,0x00,0x60,0x00,0xFF,0x66,0x66,
	0x96,0x66,0x66,0x66,0x66,0xA0,0x00,0x00,0x00,0x69,0xA0,0x00,0x00,0x00,0x00,0x00,0x00,0x00,0x00,0x00,0x00,0x00,0x00,0x00,
	0x00,0x00,0x00,0x00,0x00,0x00,0x00,0x00,0x00,0x00,0x00,0x00,0x00,0x00,0x00,0x00,0x00,0x00,0x00,0x00,0x00,0x00,0x00,0x00,
	0x00,0x00,0x00,0x00,0x00,0x00,0x00,0x46,0x99,0x96,0x66,0x66,0x66,0x66,0x66,0x66,0x66,0x66,0x66,0x66,0x66,0x66,0x66,0x66,
	0x66,0x66,0x66,0x06,0x66,0x66,0x66,0x66,0x66,0x66,0x66,0x66,0x66,0x69,0x66,0x66,0x66,0x66,0x66,0xA0,0x66,0x99,0x96,0x36,
	0x66,0x66,0x66,0x66,0x66,0x66,0x66,0x66,0x66,0x66,0x66,0x66,0x66,0x66,0x66,0x69,0x66,0x66,0x66,0x80,0x00,0x00,0x00,0x00,
	0x08,0x66,0x66,0x00,0x00,0x00,0x00,0xCA,0x00,0x00,0x00,0x00,0x00,0x00,0x09,0x96,0x99,0x90,0x00,0x00,0x00,0x00,0x00,0x00,
	0xA9,0x99,0x66,0x96,0x69,0x66,0x69,0x60,0x00,0x00,0x00,0x00,0x00,0x46,0x60,0x00,0x00,0x00,0x00,0x00,0x00,0x0A,0x66,0x69,
	0x99,0x99,0x99,0x99,0x99,0x99,0x99,0x99,0x99,0x99,0x99,0x99,0x00,0x00,0x00,0x00,0x00,0xA0,0x00,0x66,0x96,0x96,0x66,0x66,
	0x99,0x99,0x99,0x99,0x90,0x00,0x00,0x00,0x00,0x00,0x00,0x00,0x06,0x69,0x99,0x99,0x99,0x99,0x99,0x99,0x99,0x99,0x96,0x99,
	0x66,0x69,0x99,0x99,0x99,0x66,0x40,0x00,0x80,0xA8,0xAA,0x08,0xA6,0x00,0x00,0x00,0x00,0xFF,0x66,0x66,0x66,0x96,0x66,0x66,
	0x66,0x99,0x99,0x66,0x66,0x69,0x96,0x66,0x96,0x99,0x99,0x99,0x90,0x00,0x0A,0x99,0x99,0x96,0x99,0x60,0x99,0x99,0x69,0x69,
	0x99,0x99,0x99,0x96,0x99,0x09,0x99,0x39,0x99,0x99,0x60,0x00,0x00,0x00,0x06,0x99,0x99,0x99,0x9A,0x00,0x00,0x09,0x60,0x09,
	0x96,0x00,0x00,0x00,0x00,0x99,0x99,0x90,0x00,0x06,0x99,0x99,0x99,0x30,0x00,0x00,0x99,0x99,0x99,0x99,0x90,0x69,0x60,0x00,
	0x00,0x00,0x00,0x00,0x00,0x00,0x06,0x69,0x66,0x0A,0x00,0x00,0x00,0x00,0x00,0x00,0x00,0x00,0x00,0x00,0x00,0x00,0x00,0x00,
	0x00,0x00,0x00,0x66,0x00,0x00,0x66,0x66,0x69,0x00,0x66,0x66,0x66,0x66,0x66,0x96,0x66,0x66,0x66,0x66,0x66,0x66,0x00,0x00,
	0x00,0x00,0x00,0xFF,0x66,0x66,0x66,0x66,0x66,0x66,0x66,0x60,0x00,0x00,0x00,0x06,0x60,0x00,0x00,0x00,0x00,0x00,0x00,0x00,
	0x00,0x00,0x00,0x00,0x00,0x00,0x00,0x00,0x00,0x00,0x00,0x00,0x00,0x00,0x00,0x00,0x00,0x00,0x00,0x00,0x00,0x00,0x00,0x00,
	0x00,0x00,0x00,0x00,0x00,0x00,0x00,0x00,0x00,0x00,0x00,0x00,0x00,0x00,0x09,0x99,0x66,0x69,0x96,0x66,0x66,0x66,0x66,0x66,
	0x66,0x66,0x66,0x66,0x66,0x66,0x66,0xA0,0x46,0x06,0x66,0x66,0x66,0x66,0x66,0x66,0x66,0x66,0x66,0x66,0x66,0x66,0x66,0x66,
	0x66,0x60,0x06,0x66,0x66,0x66,0x66,0x66,0x69,0x66,0x66,0x66,0x66,0x66,0x66,0x66,0x66,0x66,0x66,0x66,0x66,0x66,0x66,0x66,
	0x66,0x80,0x00,0x00,0x00,0x00,0x06,0x66,0x66,0x80,0x00,0x00,0x00,0xCA,0x00,0x00,0x00,0x00,0x00,0x00,0x06,0x96,0x99,0x60,
	0x00,0x00,0x00,0x00,0x00,0x00,0x09,0x66,0x66,0x66,0x66,0x96,0x66,0x40,0x00,0x00,0x00,0x00,0x00,0x66,0x6A,0x00,0x00,0x00,
	0x00,0x00,0x00,0x04,0x66,0x69,0x99,0x99,0x99,0x99,0x99,0x99,0x99,0x99,0x99,0x99,0x99,0x60,0x00,0x00,0x00,0x00,0x00,0x00,
	0x06,0x66,0x66,0x66,0x66,0x66,0x66,0x96,0x96,0x69,0x68,0x00,0x00,0x00,0x00,0x00,0x00,0x00,0x0A,0x66,0x99,0x99,0x99,0x99,
	0x99,0x99,0x66,0x96,0x66,0x69,0x96,0x99,0x99,0x99,0x99,0x66,0x6A,0x80,0x08,0xAA,0xA8,0x0A,0x06,0x00,0x00,0x00,0x00,0xFF,
	0x66,0x66,0x66,0x66,0x66,0x66,0x69,0x66,0x66,0x69,0x99,0x66,0x69,0x66,0x99,0x69,0x96,0x69,0x9A,0x00,0x00,0x99,0x99,0x96,
	0x99,0x60,0x69,0x99,0x69,0x96,0x96,0x69,0x99,0x99,0x96,0x09,0x99,0x99,0x99,0x99,0x90,0x00,0x00,0x00,0x00,0x69,0x99,0x99,
	0x99,0x00,0x00,0x09,0xA0,0x09,0x99,0x00,0x00,0x00,0x00,0x99,0x99,0x90,0x00,0x09,0x99,0x99,0x96,0x90,0x00,0x00,0x99,0x99,
	0x99,0x99,0x90,0x69,0x99,0x96,0x00,0x00,0x00,0x00,0x00,0x00,0x00,0x09,0x96,0x66,0x90,0x00,0x00,0x00,0x00,0x00,0x00,0x00,
	0x00,0x00,0x00,0x00,0x00,0x00,0x00,0x00,0x00,0x96,0x00,0x00,0x66,0x66,0x96,0x00,0x69,0x66,0x66,0x66,0x66,0x66,0x66,0x96,
	0x66,0x66,0x66,0x66,0x68,0x00,0x00,0x00,0x00,0xFF,0x00,0x66,0x66,0x66,0x66,0x66,0x66,0x96,0x60,0x00,0x00,0x00,0x66,0x66,
	0x44,0x6A,0x88,0xA4,0xA4,0x66,0x00,0x00,0x06,0x66,0x66,0x66,0x66,0x64,0xAA,0xAA,0xA0,0x00,0x00,0x00,0x00,0x00,0x00,0x00,
	0x00,0x00,0x00,0x00,0x00,0x00,0x00,0x00,0x00,0x00,0x00,0x00,0x00,0x00,0x00,0x00,0x00,0x00,0x00,0x00,0x00,0x66,0x66,0x69,
	0x66,0x66,0x06,0x66,0x66,0x66,0xA0,0x00,0x00,0x66,0x66,0x66,0x66,0x40,0x00,0x04,0x66,0x00,0x66,0x66,0x66,0x96,0x60,0x66,
	0x66,0x66,0x66,0x66,0x66,0x66,0x66,0x66,0x00,0x66,0x66,0x66,0x66,0x66,0x66,0x66,0x66,0x66,0x66,0x66,0x66,0x66,0x66,0x66,
	0x66,0x66,0x66,0x66,0x66,0x66,0x66,0x00,0x00,0x00,0x00,0x00,0x0A,0x46,0x66,0x66,0x00,0x00,0x00,0xCA,0x00,0x00,0x00,0x00,
	0x00,0x00,0x09,0x66,0x66,0x6A,0x00,0x00,0x00,0x00,0x00,0x00,0x04,0x99,0x96,0x66,0x66,0x66,0x69,0x00,0x00,0x00,0x00,0x00,
	0x00,0x66,0x60,0x00,0x00,0x00,0x00,0x00,0x00,0x08,0x66,0x69,0x99,0x99,0x99,0x99,0x99,0x99,0x99,0x99,0x99,0x99,0x90,0x00,
	0x00,0x00,0x00,0x00,0x00,0x00,0x96,0x69,0x66,0x96,0x66,0x66,0x66,0x66,0x66,0x66,0x6A,0x00,0x00,0x00,0x00,0x00,0x00,0x00,
	0x00,0x66,0x69,0x99,0x99,0x99,0x99,0x99,0x99,0x99,0x66,0x66,0x66,0x99,0x99,0x99,0x99,0x99,0x66,0x40,0x08,0x00,0xA0,0xAA,
	0xA6,0x00,0x00,0x00,0x00,0xFF,0x66,0x66,0x66,0x66,0x66,0x66,0x66,0x66,0x66,0x66,0x66,0x96,0x99,0x66,0x99,0x99,0x99,0x99,
	0x94,0x00,0x00,0x69,0x96,0x96,0x66,0xA0,0x66,0x66,0x96,0x96,0x69,0x69,0x99,0x69,0x99,0x09,0x99,0x99,0x99,0x99,0x9A,0x00,
	0x00,0x00,0x00,0x09,0x99,0x99,0x99,0xA0,0x00,0x00,0x00,0x89,0x99,0x00,0x00,0x00,0x00,0x99,0x99,0x60,0x00,0x09,0x99,0x99,
	0x99,0x9A,0x00,0x00,0x99,0x96,0x99,0x99,0x90,0x69,0x96,0x99,0x96,0x00,0x00,0x00,0x00,0x00,0x00,0x00,0x86,0x99,0x90,0x00,
	0x00,0x00,0x00,0x00,0x00,0x00,0x00,0x00,0x00,0x00,0x00,0x00,0x00,0x00,0x00,0xA6,0x00,0x00,0x66,0x66,0x66,0x00,0x66,0x66,
	0x66,0x66,0x66,0x66,0x66,0x99,0x96,0x66,0x66,0x66,0x66,0x60,0x00,0x00,0x00,0xFF,0x00,0x06,0x66,0x66,0x66,0x66,0x99,0x96,
	0x66,0x00,0x00,0x00,0x0A,0x66,0x66,0x66,0x66,0x69,0x96,0x96,0x00,0x00,0x06,0x66,0x66,0x66,0x66,0x66,0x66,0x66,0x66,0x06,
	0x66,0x66,0x96,0x66,0x66,0x96,0x66,0x66,0x66,0x66,0xAA,0x00,0x00,0x08,0x00,0x00,0x00,0x00,0x00,0x00,0x00,0x00,0x00,0x00,
	0x00,0x00,0x00,0x66,0x66,0x66,0x66,0x64,0x06,0x66,0x66,0x60,0x00,0x66,0x6A,0x06,0x66,0x66,0x66,0x64,0x00,0x08,0x40,0x06,
	0x66,0x66,0x66,0x66,0x00,0xA6,0x66,0x66,0x66,0x66,0x66,0x66,0x66,0x66,0x60,0x86,0x66,0x66,0x66,0x66,0x66,0x66,0x66,0x66,
	0x66,0x66,0x66,0x69,0x66,0x66,0x66,0x99,0x96,0x66,0x66,0x96,0x66,0x00,0x00,0x00,0x00,0x00,0x08,0x66,0x66,0x66,0x00,0x00,
	0x00,0xCA,0x00,0x00,0x00,0x00,0x00,0x00,0x06,0x69,0x69,0x64,0x00,0x00,0x00,0x00,0x00,0x00,0x00,0x69,0x96,0x96,0x96,0x66,
	0x66,0x00,0x00,0x00,0x00,0x00,0x06,0x66,0x68,0x00,0x0A,0x00,0x00,0x00,0x00,0x0A,0x66,0x66,0x99,0x96,0x66,0x99,0x99,0x99,
	0x99,0x99,0x99,0x96,0xA0,0x00,0x00,0x00,0x00,0x00,0x00,0x09,0x99,0x69,0x69,0x66,0x66,0x66,0x66,0x66,0x66,0x66,0x96,0x00,
	0x00,0x00,0x00,0x00,0x00,0x00,0x00,0xA6,0x66,0x69,0x66,0x69,0x99,0x99,0x99,0x99,0x66,0x69,0x99,0x99,0x99,0x99,0x99,0x99,
	0x66,0x66,0x48,0x0A,0x8A,0xAA,0xA6,0x00,0x00,0x00,0x00,0xFF,0x66,0x66,0x66,0x66,0x66,0x66,0x66,0x66,0x66,0x66,0x66,0x66,
	0x69,0x99,0x99,0x69,0x96,0x69,0x96,0x00,0x00,0x06,0x66,0x66,0x66,0x80,0x66,0x66,0x66,0x66,0x66,0x66,0x66,0x66,0x96,0x09,
	0x99,0x96,0x99,0x99,0x99,0x00,0x00,0x00,0x00,0x00,0x99,0x99,0x99,0x90,0x00,0x00,0x00,0x09,0x99,0x60,0x00,0x00,0x00,0x99,
	0x69,0xA0,0x00,0x09,0x69,0x99,0x99,0x94,0x00,0x00,0x99,0x99,0x99,0x99,0x90,0x69,0x99,0x99,0x96,0x96,0x40,0x00,0x00,0x00,
	0x00,0x00,0x00,0x04,0x96,0x00,0x00,0x00,0x00,0x00,0x00,0x00,0x00,0x00,0x00,0x00,0x00,0x00,0x00,0x00,0x00,0x00,0x00,0x00,
	0x00,0x00,0x00,0x00,0xA4,0x46,0x66,0x66,0x66,0x66,0x66,0x99,0x99,0x66,0x66,0x66,0x66,0x66,0x00,0x00,0x00,0xFF,0x00,0x00,
	0x66,0x66,0x66,0x66,0x69,0x99,0x99,0x66,0x00,0x00,0x00,0x66,0x66,0x66,0x66,0x66,0x66,0x66,0x00,0x00,0xA6,0x66,0x66,0x66,
	0x66,0x66,0x66,0x66,0x69,0x60,0x69,0x96,0x66,0x66,0x66,0x66,0x69,0x69,0x66,0x66,0x66,0x69,0x96,0x96,0x66,0x66,0x66,0x66,
	0x66,0x66,0x66,0x4A,0x00,0x00,0x00,0x00,0x04,0x66,0x96,0x66,0x66,0x68,0x06,0x66,0x00,0x00,0x66,0x66,0x66,0x80,0x66,0x66,
	0x66,0x66,0x60,0x00,0x00,0x66,0x66,0x66,0x66,0x66,0x00,0x66,0x66,0x66,0x66,0x66,0x66,0x66,0x66,0x66,0x66,0x06,0x66,0x66,
	0x66,0x66,0x66,0x66,0x66,0x66,0x66,0x66,0x66,0x69,0x66,0x66,0x66,0x69,0x96,0x66,0x66,0x66,0x64,0x00,0x00,0x00,0x00,0x00,
	0x06,0x66,0x66,0x66,0x60,0x00,0x00,0xCA,0x00,0x00,0x00,0x00,0x00,0x00,0xA6,0x96,0x99,0x96,0x00,0x00,0x00,0x00,0x00,0x00,
	0x00,0x96,0x96,0x69,0x69,0x96,0x6A,0x00,0x00,0x00,0x00,0x00,0x06,0x66,0x60,0x00,0x00,0x00,0x00,0x00,0x00,0x08,0x96,0x66,
	0x99,0x96,0x66,0x69,0x99,0x99,0x99,0x99,0x99,0xA0,0x00,0x00,0x00,0x00,0x00,0x00,0x00,0xA9,0x99,0x66,0x99,0x99,0x96,0x66,
	0x66,0x66,0x66,0x69,0x66,0x00,0x00,0x00,0x00,0x00,0x00,0x00,0x00,0xA6,0x69,0x99,0x99,0x66,0x99,0x99,0x99,0x99,0x66,0x66,
	0x99,0x99,0x99,0x99,0x99,0x99,0x66,0x66,0x66,0x80,0x04,0xA0,0x66,0x00,0x00,0x00,0x00,0xFF,0x66,0x66,0x66,0x66,0x69,0x69,
	0x99,0x69,0x96,0x99,0x96,0x96,0x66,0x96,0x69,0x96,0x99,0x99,0x99,0xA0,0x00,0x06,0x66,0x66,0x96,0x00,0x66,0x66,0x66,0x66,
	0x99,0x99,0x99,0x99,0x99,0x09,0x99,0x99,0x99,0x99,0x99,0x00,0x00,0x00,0x00,0x00,0x99,0x99,0x99,0x99,0x00,0x00,0x00,0x09,
	0x99,0x96,0x00,0x00,0xA9,0x99,0x99,0x80,0x00,0x09,0x99,0x99,0x99,0x96,0x00,0x00,0x99,0x99,0x99,0x96,0x90,0x69,0x99,0x96,
	0x99,0x99,0x96,0x66,0xA0,0x00,0x00,0x00,0x00,0x00,0x00,0x66,0x96,0x4A,0x00,0x00,0x00,0x00,0x00,0x00,0x00,0x00,0x00,0x00,
	0x00,0x00,0x00,0x00,0x00,0x00,0x00,0x00,0x00,0x00,0x00,0x00,0x00,0x00,0x00,0x00,0x04,0x46,0x69,0x99,0x96,0x99,0x66,0x99,
	0x90,0x00,0x00,0xFF,0x00,0x00,0x00,0x99,0x96,0x66,0x69,0x99,0x99,0x99,0x60,0x00,0x00,0x00,0x66,0x66,0x66,0x66,0x66,0x6A,
	0x00,0x00,0x69,0x66,0x66,0x96,0x66,0x66,0x66,0x66,0x66,0x64,0x06,0x99,0x69,0x60,0x46,0x66,0x66,0x69,0x99,0x99,0x96,0x66,
	0x66,0x96,0x66,0x66,0x66,0x66,0x66,0x96,0x66,0x66,0x68,0x06,0x66,0x96,0x66,0x69,0x66,0x66,0x66,0x60,0x06,0x60,0x00,0x06,
	0x66,0x66,0x66,0x60,0x66,0x66,0x06,0x66,0x66,0x00,0x06,0x66,0x66,0x66,0x66,0x66,0x00,0x66,0x66,0x66,0x66,0x66,0x66,0x66,
	0x66,0x66,0x66,0x60,0x66,0x66,0x66,0x66,0x66,0x66,0x66,0x66,0x66,0x66,0x66,0x66,0x66,0x66,0x66,0x96,0x66,0x66,0x66,0x66,
	0x64,0x00,0x00,0x00,0x00,0x00,0x0A,0x66,0x66,0x66,0x6A,0x00,0x00,0xCA,0x00,0x00,0x00,0x00,0x00,0x00,0x04,0x69,0x96,0x66,
	0x00,0x00,0x00,0x00,0x00,0x00,0x00,0xA6,0x69,0x66,0x66,0x99,0x90,0x00,0x00,0x00,0x00,0x00,0xA6,0x66,0x60,0x80,0x00,0x00,
	0x00,0x00,0x00,0x80,0x66,0x69,0x99,0x99,0x96,0x99,0x99,0x99,0x99,0x99,0x6A,0x80,0x00,0x00,0x00,0x00,0x00,0x00,0x06,0x99,
	0x99,0x99,0x99,0x99,0x66,0x66,0x66,0x66,0x66,0x66,0x66,0x00,0x00,0x00,0x00,0x00,0x08,0x00,0x00,0x0A,0x66,0x99,0x99,0x99,
	0x99,0x66,0x99,0x99,0x96,0x66,0x99,0x99,0x99,0x99,0x99,0x99,0x99,0x96,0x66,0x66,0x64,0x66,0x66,0x00,0x00,0x00,0x00,0xFF,
	0x66,0x66,0x66,0x66,0x66,0x69,0x66,0x69,0x69,0x69,0x96,0x66,0x96,0x66,0x69,0x99,0x99,0x96,0x99,0x60,0x00,0x0A,0x66,0x66,
	0x66,0x00,0x69,0x99,0x96,0x99,0x96,0x99,0x99,0x99,0x96,0x09,0x99,0x99,0x99,0x99,0x99,0x00,0x00,0x0A,0x00,0x00,0x09,0x96,
	0x69,0x99,0x00,0x00,0x00,0x09,0x99,0x99,0x96,0x46,0x99,0x99,0x99,0x00,0x00,0x89,0x99,0x99,0x99,0x99,0x00,0x00,0x99,0x99,
	0x99,0x99,0x90,0x69,0x99,0x99,0x99,0x99,0x96,0x66,0x39,0x6A,0x00,0x00,0x00,0x00,0x00,0x06,0x69,0x69,0x99,0x99,0x66,0x00,
	0x00,0x00,0x00,0x00,0x00,0x00,0x00,0x00,0x00,0x00,0x00,0x00,0x00,0x00,0x00,0x00,0x00,0x00,0x00,0x00,0x00,0x00,0x00,0x00,
	0x00,0x00,0x66,0x66,0x66,0x66,0x66,0x00,0x00,0xFF,0x00,0x00,0x00,0x06,0x96,0x66,0x66,0x66,0x66,0x99,0x66,0x00,0x00,0x00,
	0x06,0x66,0x66,0x66,0x99,0x90,0x00,0x00,0x99,0x66,0x66,0x66,0x69,0x69,0x96,0x69,0x69,0x96,0xA0,0x66,0x66,0x96,0x04,0x64,
	0x46,0x99,0x99,0x99,0x69,0x66,0x66,0x66,0x69,0x96,0x66,0x66,0x96,0x96,0x66,0x66,0x66,0xA0,0x46,0x66,0x66,0x66,0x66,0x66,
	0x66,0x60,0x06,0x00,0x40,0x06,0x66,0x66,0x66,0x60,0x86,0x66,0x06,0x66,0x66,0x00,0x00,0x66,0x66,0x66,0x66,0x66,0x00,0x66,
	0x66,0x66,0x66,0x66,0x66,0x66,0x66,0x66,0x66,0x60,0x06,0x66,0x66,0x66,0x66,0x66,0x66,0x66,0x69,0x66,0x69,0x66,0x66,0x66,
	0x66,0x69,0x66,0x66,0x96,0x66,0x66,0x00,0x00,0x00,0x00,0x00,0x08,0x66,0x66,0x66,0x66,0x00,0x00,0xCA,0x00,0x00,0x00,0x00,
	0x00,0x00,0x0A,0x69,0x69,0x66,0xA0,0x00,0x00,0x00,0x00,0x00,0x80,0x06,0x96,0x96,0x66,0x99,0x40,0x00,0x00,0x00,0x00,0x00,
	0x66,0x66,0x64,0x00,0x00,0x00,0x00,0x00,0x00,0x00,0xA6,0x69,0x99,0x99,0x96,0x66,0x69,0x39,0x39,0x94,0x08,0x00,0x00,0x00,
	0x00,0x00,0x00,0x00,0xA9,0x93,0x99,0x99,0x99,0x99,0x99,0x96,0x66,0x66,0x99,0x66,0x66,0x00,0x00,0x00,0x00,0x00,0x00,0x00,
	0x00,0x0A,0x66,0x69,0x99,0x99,0x99,0x99,0x99,0x99,0x66,0x66,0x69,0x99,0x99,0x99,0x99,0x66,0x66,0x66,0x66,0x66,0x66,0x69,
	0x96,0x00,0x00,0x00,0x00,0xFF,0x66,0x66,0x66,0x66,0x66,0x66,0x66,0x69,0x99,0x96,0x99,0x99,0x96,0x69,0x99,0x99,0x96,0x99,
	0x99,0x60,0x00,0x00,0x96,0x96,0x69,0x00,0x66,0x99,0x99,0x99,0x99,0x69,0x96,0x66,0x66,0x09,0x69,0x99,0x99,0x99,0x99,0x00,
	0x00,0x09,0x00,0x00,0x0A,0x99,0x99,0x99,0xA0,0x00,0x00,0x09,0x99,0x99,0x99,0x99,0x99,0x99,0x99,0x00,0x00,0x49,0x99,0x99,
	0x99,0x96,0x00,0x00,0x69,0x99,0x99,0x99,0x90,0x69,0x99,0x99,0x99,0x99,0x99,0x99,0x99,0x99,0x90,0x00,0x00,0x00,0x00,0x00,
	0x99,0x99,0x99,0x99,0x94,0x00,0x00,0x00,0x00,0x00,0x00,0x00,0x00,0x00,0x00,0x00,0x00,0x00,0x00,0x00,0x00,0x00,0x00,0x00,
	0x00,0x00,0x00,0x00,0x00,0x00,0x00,0x00,0x00,0x00,0x00,0x00,0x00,0x80,0x00,0xFF,0x80,0x00,0x00,0x00,0x0A,0x66,0x66,0x66,
	0x69,0x69,0x69,0x60,0x00,0x00,0x00,0x49,0x66,0x66,0x66,0x66,0x00,0x04,0x66,0x99,0x66,0x66,0x66,0x66,0x66,0x69,0x69,0x99,
	0x94,0x06,0x96,0x66,0x60,0xA0,0x40,0x06,0x66,0x99,0x66,0x96,0x66,0x66,0x60,0x00,0x00,0x00,0x00,0x00,0x00,0x66,0x66,0x66,
	0x00,0x66,0x66,0x66,0x66,0x66,0x66,0x60,0x06,0x00,0x60,0x06,0x66,0x66,0x66,0x60,0x06,0x66,0x06,0x66,0x60,0x00,0x80,0x06,
	0x66,0x66,0x66,0x66,0x00,0x66,0xAA,0x66,0x66,0x66,0x66,0x66,0x66,0x66,0x66,0x66,0x08,0x66,0x66,0x66,0x66,0x69,0x66,0x96,
	0x66,0x66,0x66,0x66,0x66,0x66,0x66,0x66,0x99,0x66,0x66,0x66,0x64,0x00,0x00,0x00,0x00,0x00,0x00,0x66,0x66,0x66,0x66,0x60,
	0x00,0xCA,0x00,0x00,0x00,0x00,0x00,0x00,0x06,0x66,0x66,0x66,0xA0,0x00,0x00,0x00,0x00,0x00,0x00,0x0A,0x66,0x66,0x96,0x66,
	0x80,0x00,0x00,0x00,0x00,0x08,0x66,0x66,0x68,0x00,0x00,0x00,0x00,0x00,0x00,0x08,0x46,0x69,0x99,0x99,0x99,0x99,0x99,0x96,
	0x90,0x00,0x00,0x00,0x00,0x00,0x00,0x00,0x80,0x08,0x99,0x99,0x99,0x99,0x99,0x99,0x99,0x99,0x66,0x66,0x66,0x69,0x66,0x00,
	0x00,0x00,0x00,0x00,0x00,0x00,0x00,0x80,0x66,0x69,0x99,0x99,0x99,0x99,0x93,0x99,0x66,0x69,0x66,0x39,0x99,0x99,0x99,0x99,
	0x99,0x99,0x99,0x99,0x99,0x99,0x96,0x00,0x00,0x00,0x00,0xFF,0x66,0x66,0x66,0x66,0x69,0x66,0x66,0x96,0x66,0x66,0x96,0x66,
	0x99,0x96,0x99,0x99,0x99,0x99,0x99,0x90,0x00,0x00,0x99,0x99,0x99,0x00,0x09,0x99,0x96,0x99,0x99,0x99,0x99,0x96,0x66,0x09,
	0x99,0x99,0x99,0x99,0x99,0x00,0x00,0x09,0x90,0x00,0x00,0x69,0x96,0x99,0x90,0x00,0x00,0x09,0x99,0x99,0x99,0x99,0x99,0x99,
	0x99,0x00,0x00,0x69,0x99,0x99,0x99,0x96,0x00,0x00,0x49,0x99,0x99,0x99,0x90,0x69,0x99,0x99,0x99,0x99,0x99,0x99,0x99,0x69,
	0x99,0x00,0x00,0x00,0x00,0x00,0x99,0x99,0x99,0x99,0x98,0x00,0x00,0x00,0x00,0x99,0x64,0xAA,0x00,0x00,0x00,0x00,0x00,0x00,
	0x00,0x00,0x00,0x00,0x00,0x00,0x00,0x00,0x00,0x00,0x00,0x00,0x00,0x00,0x00,0x00,0x00,0x00,0x00,0x00,0x00,0xFF,0x00,0x00,
	0x00,0x00,0x00,0x06,0x66,0x66,0x66,0x69,0x69,0x99,0x80,0x00,0x00,0x0A,0x96,0x66,0x66,0x66,0x68,0x66,0x96,0x66,0x96,0x66,
	0x66,0x66,0x66,0x69,0x66,0x96,0x99,0x00,0x66,0x96,0x96,0x08,0x69,0x60,0xA9,0x99,0x99,0x66,0x66,0x66,0x60,0x00,0x00,0x00,
	0x00,0x00,0x00,0x66,0x66,0x66,0x6A,0x0A,0x66,0x66,0x66,0x66,0x66,0x60,0x00,0x06,0x60,0x06,0x66,0x66,0x66,0x6A,0x06,0x6A,
	0x06,0x66,0x60,0x00,0xA6,0x00,0xA6,0x66,0x66,0x66,0x00,0x66,0x0A,0x66,0x66,0x66,0x66,0x66,0x66,0x66,0x66,0x66,0x60,0x66,
	0x66,0x66,0x66,0x66,0x66,0x66,0x66,0x66,0x66,0x66,0x66,0x66,0x66,0x66,0x69,0x66,0x66,0x66,0x6A,0x00,0x00,0x00,0x00,0x00,
	0x04,0x66,0x66,0x66,0x66,0x60,0x00,0xCA,0x00,0x00,0x00,0x00,0x00,0x00,0x0A,0x69,0x66,0x6A,0xA0,0x00,0x00,0x00,0x00,0x00,
	0x00,0x08,0x66,0x66,0x96,0x94,0x00,0x00,0x00,0x00,0x00,0x0A,0x66,0x66,0x60,0x08,0x00,0x00,0x00,0x00,0x00,0x00,0xA6,0x69,
	0x99,0x96,0x66,0x99,0x99,0x96,0x00,0x00,0x00,0x00,0x00,0x00,0x00,0x00,0x0A,0xA9,0x99,0x96,0x99,0x99,0x99,0x99,0x99,0x99,
	0x99,0x99,0x99,0x99,0x66,0x00,0x00,0x00,0x00,0x00,0x00,0x00,0x00,0x06,0x46,0x99,0x99,0x99,0x99,0x99,0x99,0x39,0x99,0x96,
	0x99,0x99,0x99,0x99,0x99,0x99,0x99,0x99,0x99,0x99,0x99,0x99,0x96,0x00,0x00,0x00,0x00,0xFF,0x66,0x66,0x66,0x66,0x66,0x66,
	0x66,0x66,0x66,0x66,0x99,0x96,0x69,0x99,0x99,0x69,0x69,0x99,0x99,0x96,0x00,0x00,0xA9,0x99,0x99,0x60,0x09,0x99,0x99,0x99,
	0x99,0x99,0x96,0x99,0x66,0x09,0x99,0x99,0x99,0x99,0x99,0x00,0x00,0x09,0x90,0x00,0x00,0x09,0x36,0x99,0x90,0x00,0x00,0x06,
	0x99,0x99,0x99,0x99,0x99,0x99,0x99,0x00,0x00,0x69,0x99,0x99,0x99,0x96,0x00,0x00,0x09,0x99,0x99,0x99,0x90,0x69,0x99,0x99,
	0x99,0x99,0x99,0x99,0x96,0x99,0x99,0x60,0x00,0x00,0x00,0x00,0x99,0x99,0x99,0x99,0x98,0x00,0x00,0x00,0x00,0x99,0x99,0x99,
	0x96,0x80,0x00,0x00,0x00,0x00,0x00,0x00,0x00,0x00,0x00,0xA4,0x6A,0x00,0x00,0x00,0x00,0x00,0x00,0x00,0x00,0x00,0x00,0x00,
	0x00,0x00,0x00,0xFF,0x00,0x00,0x00,0x00,0x00,0x00,0x69,0x69,0x66,0x99,0x66,0x66,0x94,0x00,0x00,0x00,0x06,0x66,0x66,0x66,
	0x66,0x66,0x69,0x66,0x69,0x66,0x66,0x66,0x66,0x66,0x69,0x96,0x99,0x60,0x06,0x66,0x66,0x69,0x96,0x96,0x00,0x66,0x66,0x66,
	0x66,0x66,0x60,0x66,0x66,0x66,0x66,0x4A,0xA4,0x66,0x66,0x66,0x6A,0x00,0x00,0x66,0x4A,0x66,0x66,0x60,0x00,0x86,0x68,0x06,
	0x66,0x66,0x66,0x68,0x06,0x6A,0x06,0x66,0x00,0x60,0x06,0x60,0x06,0x66,0x66,0x66,0x00,0x60,0x66,0x66,0x66,0x66,0x66,0x66,
	0x66,0x66,0x66,0x66,0x68,0xA6,0x66,0x66,0x66,0x66,0x66,0x66,0x66,0x66,0x66,0x66,0x66,0x66,0x66,0x66,0x66,0x66,0x66,0x66,
	0x66,0x00,0x00,0x00,0x00,0x00,0x0A,0x66,0x66,0x66,0x69,0x60,0x00,0xCA,0x68,0x00,0x00,0x00,0x00,0x00,0x08,0x66,0x66,0x40,
	0x60,0x00,0x00,0x00,0x00,0x00,0x00,0x00,0x06,0x66,0x66,0x60,0x00,0x00,0x00,0x00,0x00,0x06,0x66,0x66,0x6A,0x00,0x00,0x00,
	0x00,0x00,0x80,0x00,0xA6,0x69,0x99,0x96,0x96,0x69,0x6A,0x00,0x00,0x00,0x00,0x00,0x00,0x00,0x00,0x00,0x00,0x99,0x99,0x66,
	0x99,0x99,0x99,0x99,0x99,0x99,0x99,0x99,0x99,0x99,0x96,0xA0,0x00,0x00,0x00,0x00,0x00,0x00,0x00,0xAA,0x66,0x69,0x99,0x99,
	0x99,0x99,0x66,0x99,0x99,0x99,0x99,0x99,0x99,0x99,0x99,0x99,0x99,0x99,0x99,0x99,0x99,0x99,0x96,0x00,0x00,0x00,0x00,0xFF,
	0x66,0x66,0x66,0x66,0x66,0x66,0x66,0x66,0x66,0x66,0x66,0x96,0x96,0x96,0x99,0x66,0x69,0x99,0x99,0x99,0x00,0x00,0x06,0x99,
	0x99,0x40,0x09,0x99,0x90,0x00,0x09,0x99,0x99,0x99,0x99,0x09,0x99,0x99,0x99,0x99,0x99,0x00,0x00,0x09,0x99,0x00,0x00,0x09,
	0x96,0x99,0x96,0x00,0x00,0x00,0x99,0x99,0x99,0x99,0x99,0x99,0x96,0x00,0x00,0x99,0x99,0x99,0x99,0x9A,0x00,0x00,0x09,0x99,
	0x99,0x99,0x90,0xA9,0x99,0x99,0x99,0x99,0x99,0x99,0x96,0x66,0x99,0xA0,0x00,0x00,0x00,0x0A,0x99,0x99,0x99,0x99,0x90,0x00,
	0x00,0x00,0x0A,0x99,0x99,0x99,0x99,0x99,0x99,0x96,0x00,0x00,0x00,0x00,0x00,0x00,0x00,0x00,0x00,0x04,0x66,0x69,0x66,0x66,
	0x6A,0xA0,0x00,0x00,0x00,0x00,0x00,0x00,0x00,0xFF,0x00,0x00,0x00,0x00,0x00,0x00,0x06,0x96,0x69,0x66,0x66,0x66,0x66,0x60,
	0x00,0x00,0x00,0x66,0x66,0x66,0x66,0x66,0x66,0x66,0x66,0x66,0x66,0x66,0x99,0x66,0x96,0x66,0x66,0x66,0x0A,0x96,0x66,0x66,
	0x66,0x99,0x66,0x06,0x99,0x66,0x69,0x66,0x60,0x66,0x66,0x66,0x69,0x66,0x66,0x66,0x60,0x00,0x0A,0x66,0x40,0x06,0x00,0x00,
	0x66,0x60,0x00,0x66,0x64,0x0A,0x60,0x00,0x00,0x60,0x46,0x60,0x06,0x66,0x00,0x60,0x06,0x66,0x66,0x66,0x66,0x66,0x00,0x00,
	0x66,0x66,0x66,0x66,0x66,0x66,0x66,0x66,0x66,0x66,0x66,0x06,0x66,0x66,0x66,0x66,0x66,0x66,0x66,0x66,0x66,0x66,0x66,0x66,
	0x66,0x66,0x66,0x66,0x66,0x66,0x60,0x00,0x00,0x00,0x00,0x00,0x00,0x66,0x66,0x66,0x66,0x60,0x00,0xCA,0x6A,0x00,0x00,0x00,
	0x00,0x00,0x0A,0x69,0x66,0x08,0xA0,0x00,0x00,0x00,0x00,0x00,0x00,0x00,0x04,0x69,0x96,0x40,0x00,0x00,0x00,0x00,0x00,0x66,
	0x66,0x66,0x64,0x00,0x00,0x00,0x00,0x00,0x00,0x00,0x06,0x69,0x99,0x99,0x96,0x60,0x00,0x00,0x00,0x00,0x00,0x00,0x00,0x00,
	0x00,0x00,0x09,0x99,0x99,0x99,0x99,0x99,0x99,0x99,0x99,0x99,0x99,0x99,0x99,0x99,0x66,0x60,0x00,0x08,0x00,0x00,0x00,0xA0,
	0x80,0x80,0x49,0x99,0x99,0x99,0x99,0x99,0x96,0x69,0x99,0x99,0x99,0x99,0x99,0x99,0x99,0x99,0x99,0x99,0x99,0x99,0x99,0x99,
	0x96,0x00,0x00,0x00,0x00,0xFF,0x66,0x66,0x66,0x66,0x66,0x66,0x66,0x96,0x69,0x66,0x99,0x66,0x66,0x96,0x69,0x96,0x66,0x66,
	0x66,0x66,0x60,0x00,0x0A,0x99,0x99,0xA0,0x09,0x90,0x00,0x00,0x04,0x99,0x99,0x99,0x99,0x09,0x99,0x99,0x99,0x99,0x99,0x00,
	0x00,0x09,0x99,0x90,0x00,0x00,0x99,0x99,0x96,0x00,0x00,0x00,0x99,0x99,0x99,0x99,0x99,0x99,0x9A,0x00,0x00,0x99,0x63,0x99,
	0x99,0x90,0x00,0x00,0x09,0x99,0x99,0x99,0x90,0xA9,0x99,0x99,0x96,0x96,0x99,0x99,0x99,0x99,0xA0,0x00,0x00,0x00,0x00,0x69,
	0x99,0x99,0x99,0x96,0x90,0x00,0x00,0x00,0x09,0x99,0x99,0x99,0x99,0x99,0x99,0x96,0x00,0x00,0x88,0x00,0x00,0x00,0x00,0x00,
	0x00,0x00,0x00,0x06,0x66,0x66,0x69,0x66,0x66,0x66,0x6A,0x88,0x80,0x00,0x00,0xFF,0x00,0x00,0x00,0x00,0x00,0x00,0x08,0x99,
	0x66,0x96,0x66,0x66,0x69,0x96,0xA0,0x00,0x00,0x06,0x66,0x66,0x66,0x66,0x69,0x66,0x66,0x66,0x66,0x66,0x66,0x66,0x66,0x66,
	0x66,0x66,0x60,0x49,0x96,0x66,0x66,0x99,0x99,0x40,0x49,0x66,0x66,0x66,0x6A,0x66,0x66,0x69,0x99,0x66,0x66,0x6A,0x00,0x06,
	0x66,0x66,0x66,0x66,0x6A,0x00,0x06,0x60,0x00,0x66,0x66,0x00,0x40,0x66,0x6A,0x00,0x66,0x60,0x06,0x66,0x66,0x60,0x06,0x66,
	0x66,0x66,0x66,0x66,0x00,0x06,0x66,0x66,0x66,0x66,0x66,0x66,0x66,0x66,0x66,0x66,0x66,0x00,0x66,0x66,0x66,0x66,0x66,0x66,
	0x66,0x66,0x96,0x66,0x66,0x66,0x66,0x66,0x66,0x66,0x66,0x66,0x68,0x00,0x00,0x00,0x00,0x00,0x00,0x46,0x66,0x66,0x66,0x60,
	0x00,0xCA,0x66,0x00,0x00,0x00,0x00,0x00,0x00,0x96,0x66,0x00,0x40,0x00,0x00,0x00,0x00,0x00,0x00,0x00,0x00,0x66,0x66,0xA0,
	0x00,0x00,0x00,0x00,0x00,0x66,0x66,0x66,0x60,0x00,0x00,0x00,0x00,0x00,0x00,0x00,0x06,0x66,0x99,0x96,0x80,0x00,0x00,0x00,
	0x00,0x00,0x00,0x00,0x00,0x00,0x00,0x00,0x99,0x99,0x99,0x99,0x99,0x99,0x99,0x99,0x99,0x99,0x96,0x69,0x99,0x69,0x69,0x6A,
	0x80,0x80,0x00,0x00,0x00,0x0A,0x00,0xAA,0x66,0x99,0x99,0x99,0x99,0x99,0x96,0x99,0x99,0x99,0x99,0x99,0x99,0x99,0x99,0x99,
	0x99,0x99,0x99,0x99,0x99,0x99,0x96,0x00,0x00,0x00,0x00,0xFF,0x66,0x66,0x66,0x66,0x66,0x66,0x66,0x66,0x66,0x66,0x66,0x66,
	0x66,0x69,0x69,0x69,0x66,0x66,0x66,0x66,0x60,0x00,0x00,0x66,0x66,0x00,0x00,0x00,0x00,0x00,0x04,0x99,0x99,0x99,0x99,0x03,
	0x99,0x33,0x93,0x33,0x33,0x00,0x00,0x09,0x99,0x98,0x00,0x00,0x49,0x99,0x99,0x00,0x00,0x00,0x09,0x99,0x99,0x99,0x99,0x99,
	0x9A,0x00,0x00,0x99,0x99,0x99,0x99,0x90,0x00,0x00,0x06,0x99,0x99,0x99,0x90,0x09,0x99,0x99,0x99,0x99,0x99,0x99,0x99,0x40,
	0x00,0x00,0x00,0x00,0x00,0xA9,0x99,0x99,0x99,0x99,0x90,0x00,0x00,0x00,0x09,0x99,0x99,0x99,0x99,0x99,0x99,0x94,0x00,0x00,
	0x09,0x96,0x40,0x00,0x00,0x00,0x00,0x00,0x00,0x00,0x00,0xA6,0x66,0x96,0x69,0x66,0x66,0x66,0x66,0x60,0x00,0xFF,0x6A,0x00,
	0x00,0x00,0x00,0x00,0x0A,0x69,0x99,0x66,0x66,0x66,0x66,0x93,0x6A,0x00,0x00,0x00,0x86,0x66,0x66,0x66,0x66,0x66,0x66,0x66,
	0x96,0x66,0x66,0x96,0x66,0x69,0x99,0x66,0x66,0x06,0x99,0x69,0x66,0x99,0x99,0x66,0x09,0x66,0x66,0x66,0x4A,0x66,0x66,0x69,
	0x99,0x66,0x66,0x00,0x06,0x66,0x66,0x66,0x66,0x66,0x66,0x60,0x00,0x60,0x00,0x66,0x66,0x00,0x04,0x66,0x66,0x60,0x66,0x60,
	0x06,0x66,0x66,0x6A,0x0A,0x66,0x66,0x66,0x66,0x66,0x00,0xA6,0x66,0x66,0x66,0x66,0x66,0x66,0x66,0x66,0x66,0x66,0x66,0x60,
	0x66,0x66,0x66,0x66,0x66,0x66,0x66,0x69,0x99,0x96,0x66,0x66,0x66,0x66,0x66,0x66,0x66,0x66,0x60,0x00,0x00,0x00,0x00,0x00,
	0x00,0x66,0x66,0x66,0x66,0x60,0x00,0xCA,0x66,0xA0,0x00,0x00,0x00,0x00,0x00,0x66,0x94,0xAA,0x00,0x00,0x00,0x00,0x00,0x00,
	0x00,0x00,0x00,0x06,0x66,0x00,0x00,0x00,0x00,0x00,0x06,0x66,0x66,0x66,0x68,0x00,0x00,0x00,0x00,0x00,0x00,0x00,0x0A,0x46,
	0x64,0x08,0x00,0x00,0x00,0x08,0x00,0x00,0x00,0x00,0x00,0x08,0x00,0x09,0x99,0x99,0x99,0x99,0x99,0x99,0x96,0x99,0x99,0x99,
	0x99,0x69,0x99,0x69,0x66,0x6A,0x00,0x00,0x00,0x00,0x00,0x00,0xAA,0x0A,0x66,0x99,0x99,0x99,0x96,0x99,0x99,0x99,0x99,0x99,
	0x99,0x99,0x99,0x99,0x99,0x99,0x99,0x99,0x99,0x99,0x99,0x99,0x96,0x00,0x00,0x00,0x00,0xFF,0x66,0x66,0x66,0x66,0x66,0x69,
	0x66,0x66,0x96,0x66,0x66,0x66,0x96,0x66,0x96,0x66,0x99,0x66,0x96,0x69,0x9A,0x00,0x00,0x06,0xA0,0x00,0x00,0x00,0x00,0x00,
	0x86,0x66,0x66,0x66,0x66,0x06,0x66,0x66,0x66,0x66,0x66,0x00,0x00,0x09,0x96,0x96,0x00,0x00,0x09,0x99,0x99,0xA0,0x00,0x00,
	0x0A,0x99,0x96,0x99,0x99,0x99,0x90,0x00,0x00,0x99,0x99,0x99,0x99,0x90,0x00,0x00,0x04,0x99,0x99,0x99,0x90,0x09,0x99,0x99,
	0x99,0x99,0x69,0x99,0x60,0x00,0x00,0x00,0x00,0x00,0x00,0x04,0x99,0x99,0x99,0x99,0x60,0x00,0x00,0x00,0x99,0x99,0x99,0x99,
	0x99,0x99,0x99,0x90,0x00,0x00,0x06,0x99,0x69,0x80,0x6A,0x00,0x00,0x00,0x00,0x00,0x00,0x00,0x00,0x04,0x66,0x66,0x66,0x66,
	0x66,0x60,0x00,0xFF,0x66,0x66,0x66,0x66,0x6A,0x00,0x09,0x66,0x99,0x99,0x66,0x96,0x69,0x66,0x99,0x90,0x00,0x00,0x00,0xA6,
	0x66,0x66,0x66,0x66,0x66,0x66,0x66,0x66,0x66,0x99,0x99,0x99,0x99,0x99,0x99,0x90,0x06,0x99,0x99,0x99,0x96,0x96,0x60,0x69,
	0x99,0x66,0x86,0x66,0x66,0x66,0x69,0x99,0x00,0x06,0x66,0x66,0x66,0x66,0x66,0x66,0x69,0x66,0xA0,0x00,0x00,0x66,0x64,0x00,
	0x00,0x69,0x96,0x06,0x66,0x60,0x06,0x66,0x66,0x66,0x00,0x66,0x40,0x08,0xA6,0x66,0x00,0x66,0x66,0x66,0x66,0x66,0x66,0x66,
	0x66,0x66,0x66,0x66,0x66,0x60,0x66,0x66,0x66,0x66,0x66,0x66,0x66,0x99,0x99,0x66,0x66,0x66,0x66,0x66,0x66,0x66,0x66,0x66,
	0x60,0x00,0x00,0x00,0x00,0x00,0x00,0x66,0x66,0x66,0x66,0x60,0x00,0xCA,0x66,0x60,0x00,0x00,0x00,0x00,0x00,0xA9,0x6A,0x00,
	0x00,0x00,0x00,0x00,0x00,0x00,0x00,0x00,0x00,0x00,0x40,0x00,0x00,0x00,0x00,0x00,0x06,0x66,0x66,0x66,0x6A,0x00,0x80,0x00,
	0x00,0x00,0x00,0x00,0x00,0x00,0x00,0x00,0x00,0x00,0x00,0x00,0x00,0x00,0x00,0x00,0x00,0x00,0x00,0x99,0x99,0x99,0x99,0x99,
	0x99,0x99,0x99,0x99,0x99,0x99,0x99,0x99,0x96,0x63,0x66,0x66,0x80,0x00,0x00,0x00,0x00,0x00,0x00,0x64,0x66,0x99,0x99,0x99,
	0x99,0x69,0x99,0x99,0x69,0x99,0x99,0x99,0x99,0x99,0x99,0x99,0x99,0x99,0x99,0x99,0x99,0x99,0x96,0x00,0x00,0x00,0x00,0xFF,
	0x66,0x66,0x66,0x66,0x66,0x66,0x66,0x66,0x66,0x66,0x66,0x66,0x66,0x66,0x66,0x96,0x66,0x66,0x99,0x96,0x66,0x00,0x00,0x00,
	0x00,0x00,0x00,0x00,0x00,0x08,0x99,0x99,0x96,0x99,0x96,0x09,0x96,0x69,0x99,0x99,0x99,0x00,0x00,0x06,0x66,0x66,0xA0,0x00,
	0x06,0x99,0x93,0x60,0x00,0x00,0x00,0x99,0x99,0x99,0x99,0x99,0x90,0x00,0x00,0x99,0x99,0x99,0x99,0x60,0x00,0x00,0x00,0x99,
	0x99,0x99,0x90,0x09,0x99,0x99,0x99,0x99,0x69,0x60,0x00,0x00,0x00,0x00,0xA9,0xA0,0x00,0x00,0x99,0x99,0x99,0x99,0x40,0x00,
	0x00,0x00,0x99,0x99,0x99,0x99,0x99,0x99,0x99,0x98,0x00,0x00,0x09,0x99,0x96,0x80,0x99,0x96,0x80,0x00,0x00,0x00,0x00,0x00,
	0x00,0x00,0x00,0x46,0x66,0x96,0x66,0x60,0x00,0xFF,0x66,0x66,0x66,0x66,0x69,0x96,0x66,0x96,0x99,0x99,0x96,0x66,0x66,0x66,
	0x66,0x66,0x00,0x00,0x00,0x00,0x66,0x66,0x66,0x66,0x69,0x66,0x66,0x69,0x96,0x99,0x99,0x99,0x99,0x96,0x99,0x99,0x00,0x99,
	0x66,0x99,0x96,0x66,0x66,0x06,0x69,0x66,0x06,0x66,0x66,0x66,0x66,0x60,0x00,0x66,0x66,0x66,0x66,0x66,0x66,0x66,0x66,0x66,
	0x66,0x00,0x04,0x66,0x64,0x04,0x00,0x66,0x60,0x00,0x00,0x00,0x00,0x00,0xA6,0x66,0x00,0x66,0x00,0x00,0x00,0x00,0x00,0x00,
	0x0A,0x46,0x66,0x66,0x66,0x66,0x66,0x66,0x66,0x66,0x66,0x64,0x86,0x66,0x66,0x66,0x96,0x66,0x66,0x99,0x99,0x96,0x66,0x66,
	0x66,0x66,0x66,0x66,0x66,0x66,0x68,0x00,0x00,0x00,0x00,0x00,0x00,0x46,0x66,0x66,0x66,0x60,0x00,0xCA,0x66,0x6A,0x00,0x00,
	0x00,0x00,0x00,0xA6,0x66,0x00,0x00,0x00,0x00,0x00,0x00,0x00,0x00,0x00,0x00,0x00,0x00,0x00,0x00,0x00,0x00,0x00,0x66,0x66,
	0x66,0x66,0x6A,0x00,0x00,0x00,0x00,0x00,0x00,0x00,0x00,0x00,0x00,0x00,0x00,0x00,0x00,0x00,0x00,0x00,0x00,0x00,0x00,0x00,
	0x09,0x99,0x99,0x99,0x99,0x99,0x99,0x99,0x99,0x99,0x99,0x99,0x99,0x69,0x96,0x69,0x99,0x66,0x40,0x00,0x0A,0x80,0x0A,0x88,
	0x80,0xA6,0x66,0x96,0x99,0x99,0x99,0x66,0x66,0x99,0x69,0x99,0x99,0x99,0x99,0x99,0x99,0x99,0x99,0x99,0x99,0x99,0x99,0x99,
	0x96,0x00,0x00,0x00,0x00,0xFF,0x66,0x66,0x66,0x66,0x66,0x66,0x66,0x66,0x69,0x66,0x66,0x66,0x99,0x66,0x66,0x69,0x66,0x69,
	0x99,0x99,0x66,0x80,0x00,0x00,0x00,0x00,0x00,0x00,0x06,0x99,0x99,0x96,0x99,0x99,0x96,0x09,0x99,0x99,0x99,0x99,0x99,0x00,
	0x00,0xA9,0x99,0x99,0x90,0x00,0x00,0x99,0x99,0x90,0x00,0x00,0x00,0x89,0x99,0x99,0x99,0x99,0x99,0x00,0x89,0x99,0x99,0x99,
	0x99,0x90,0x00,0x00,0x00,0x99,0x99,0x99,0x60,0x09,0x99,0x99,0x99,0x96,0x00,0x00,0x00,0x00,0x00,0x69,0x99,0x90,0x00,0x00,
	0x89,0x99,0x99,0x99,0x40,0x00,0x00,0x00,0x99,0x99,0x99,0x99,0x99,0x99,0x99,0x90,0x00,0x00,0x09,0x69,0x96,0x80,0x69,0x99,
	0x99,0x99,0x64,0x00,0x00,0x00,0x00,0x00,0x00,0x00,0x00,0x08,0x66,0x60,0x00,0xFF,0x66,0x66,0x66,0x66,0x69,0x99,0x69,0x66,
	0x69,0x99,0x99,0x96,0x66,0x66,0x66,0x66,0x60,0x00,0x00,0x00,0x00,0x69,0x66,0x66,0x96,0x66,0x69,0x69,0x96,0x69,0x99,0x99,
	0x99,0x99,0x99,0x99,0x66,0x06,0x96,0x99,0x96,0x66,0x69,0x60,0x66,0x66,0x06,0x66,0x66,0x66,0x66,0x00,0x06,0x66,0x66,0x66,
	0x66,0x66,0x66,0x66,0x96,0x66,0x66,0x60,0x06,0x66,0x6A,0x06,0x00,0x64,0x06,0x60,0x00,0x00,0x00,0x00,0x46,0x66,0x66,0x66,
	0x66,0x66,0x64,0x60,0x0A,0x80,0x08,0x08,0x00,0x00,0x00,0x00,0x06,0x66,0x66,0x66,0x66,0x66,0x06,0x66,0x66,0x66,0x69,0x66,
	0x66,0x69,0x99,0x99,0x96,0x66,0x66,0x66,0x66,0x66,0x66,0x66,0x60,0x00,0x00,0x00,0x00,0x00,0x00,0x86,0x66,0x66,0x66,0x60,
	0x00,0xCA,0x96,0x66,0x00,0x00,0x00,0x00,0x00,0x06,0x96,0x00,0x00,0x00,0x00,0x00,0x00,0x00,0x00,0x00,0x00,0x00,0x00,0x00,
	0x00,0x00,0x00,0x00,0x66,0x66,0x66,0x66,0x60,0x00,0x00,0x00,0x00,0x00,0x00,0x00,0x00,0x00,0x00,0x00,0x00,0x00,0x00,0x00,
	0x00,0x00,0x80,0x00,0x00,0x00,0x99,0x99,0x99,0x99,0x99,0x99,0x99,0x99,0x99,0x99,0x99,0x99,0x99,0x99,0x99,0x99,0x99,0x96,
	0x66,0x00,0x80,0x80,0x4A,0xA0,0x0A,0x66,0x69,0x99,0x99,0x99,0x99,0x69,0x66,0x99,0x69,0x99,0x99,0x99,0x99,0x99,0x99,0x99,
	0x99,0x99,0x99,0x99,0x99,0x99,0x96,0x00,0x00,0x00,0x00,0xFF,0x66,0x66,0x66,0x66,0x69,0x66,0x66,0x96,0x96,0x66,0x66,0x66,
	0x66,0x99,0x69,0x66,0x69,0x66,0x66,0x60,0x00,0x00,0x00,0x00,0x00,0x00,0x00,0x46,0x99,0x99,0x99,0x96,0x99,0x99,0x99,0x09,
	0x99,0x99,0x99,0x99,0x96,0x00,0x00,0xA9,0x99,0x99,0x96,0x00,0x00,0xA9,0x99,0x90,0x00,0x00,0x00,0x09,0x99,0x99,0x99,0x99,
	0x99,0x99,0x99,0x99,0x99,0x99,0x99,0x90,0x00,0x00,0x00,0x99,0x99,0x99,0x60,0x09,0x99,0x99,0x96,0x00,0x00,0x00,0x00,0x00,
	0x09,0x99,0x69,0x96,0x00,0x00,0x06,0x99,0x99,0x99,0x40,0x00,0x00,0x06,0x99,0x99,0x99,0x99,0x99,0x99,0x99,0x90,0x00,0x00,
	0x09,0x66,0x99,0x00,0x66,0x99,0x69,0x69,0x9A,0x46,0x68,0x00,0x00,0x00,0x00,0x00,0x00,0x00,0x00,0xA0,0x00,0xFF,0x66,0x66,
	0x66,0x69,0x99,0x99,0x96,0x66,0x69,0x99,0x99,0x66,0x66,0x66,0x96,0x96,0x66,0x00,0x00,0x00,0x00,0x06,0x69,0x99,0x96,0x96,
	0x66,0x66,0x96,0x69,0x99,0x99,0x96,0x99,0x99,0x99,0x66,0xA0,0x69,0x99,0x96,0x66,0x69,0x60,0x06,0x96,0x06,0x66,0x66,0x66,
	0x60,0x00,0x66,0x66,0x66,0x66,0x66,0x66,0x66,0x66,0x69,0x66,0x66,0x90,0x04,0x66,0x6A,0x06,0x60,0x00,0x66,0x66,0x66,0x68,
	0x86,0x66,0x66,0x66,0x66,0x66,0x66,0x66,0x66,0x60,0x06,0x66,0x66,0x66,0x66,0x66,0x66,0x64,0x00,0x66,0x66,0x66,0x66,0x66,
	0x06,0x66,0x66,0x66,0x69,0x66,0x96,0x69,0x99,0x66,0x66,0x66,0x66,0x66,0x66,0x66,0x96,0x66,0xA8,0x00,0x00,0x00,0x00,0x00,
	0x00,0xA6,0x66,0x66,0x66,0x60,0x00,0xCA,0x66,0x66,0x00,0x00,0x00,0x00,0x00,0x06,0x96,0x00,0x00,0x00,0x00,0x00,0x00,0x00,
	0x00,0x00,0x00,0x00,0x00,0x00,0x00,0x00,0x00,0x04,0x66,0x66,0x66,0x66,0x6A,0x00,0x00,0x00,0x00,0x00,0x00,0x00,0x00,0x00,
	0x00,0x00,0x00,0x00,0x00,0x00,0x00,0x00,0x00,0x00,0x04,0xA6,0x99,0x99,0x99,0x99,0x99,0x99,0x99,0x99,0x99,0x99,0x99,0x99,
	0x99,0x99,0x99,0x99,0x99,0x96,0x66,0x48,0xA0,0x08,0x8A,0x0A,0x66,0x66,0x99,0x99,0x99,0x99,0x99,0x99,0x66,0x99,0x66,0x99,
	0x99,0x99,0x99,0x99,0x99,0x99,0x99,0x99,0x99,0x99,0x99,0x99,0x96,0x00,0x00,0x00,0x00,0xFF,0x66,0x66,0x66,0x66,0x66,0x66,
	0x96,0x66,0x96,0x66,0x96,0x66,0x69,0x66,0x99,0x66,0x66,0x94,0x00,0x00,0x00,0x00,0x00,0x00,0x00,0x08,0x69,0x99,0x69,0x99,
	0x99,0x96,0x69,0x99,0x96,0x09,0x99,0x99,0x99,0x99,0x96,0x00,0x00,0x69,0x99,0x99,0x99,0x00,0x00,0x09,0x99,0x90,0x00,0x00,
	0x00,0x03,0x99,0x99,0x99,0x99,0x99,0x99,0x99,0x99,0x99,0x99,0x99,0x60,0x00,0x00,0x00,0x99,0x99,0x99,0x60,0x09,0x99,0x9A,
	0x00,0x00,0x00,0x00,0x00,0x06,0x99,0x99,0x99,0x99,0x60,0x00,0x00,0x99,0x99,0x99,0xA0,0x00,0x00,0x09,0x99,0x99,0x99,0x99,
	0x99,0x99,0x99,0x90,0x00,0x00,0x06,0x69,0x69,0x00,0x96,0x66,0x99,0x96,0x60,0x09,0x66,0x66,0x60,0x00,0x00,0x00,0x00,0x00,
	0x00,0x00,0x00,0xFF,0x00,0x04,0x66,0x66,0x69,0x69,0x99,0x66,0x66,0x69,0x66,0x96,0x66,0x66,0x66,0x99,0x66,0x40,0x00,0x00,
	0x00,0x00,0xA6,0x96,0x69,0x99,0x96,0x66,0x99,0x69,0x69,0x96,0x99,0x96,0x69,0x99,0x99,0x94,0x06,0x99,0x99,0x69,0x69,0x66,
	0x08,0x6A,0x86,0x66,0x69,0x66,0x60,0x06,0x96,0x90,0x06,0x66,0x66,0x66,0x66,0x66,0x66,0x96,0x66,0x66,0x66,0x69,0x66,0x96,
	0x66,0x66,0x66,0x66,0x66,0x66,0x66,0x66,0x66,0x66,0x66,0x66,0x66,0x66,0x66,0x60,0x06,0x66,0x66,0x66,0x96,0x66,0x66,0x66,
	0x66,0x66,0x66,0x66,0x66,0x66,0x06,0x66,0x66,0x66,0x66,0x99,0x96,0x66,0x66,0x66,0x99,0x66,0x66,0x66,0x66,0x66,0x66,0x66,
	0x40,0x00,0x00,0x00,0x00,0x00,0x00,0xA6,0x66,0x66,0x66,0x60,0x00,0xCA,0x66,0x66,0xA0,0x00,0x00,0x00,0x00,0x00,0x66,0x80,
	0x00,0x00,0x00,0x00,0x00,0x00,0x00,0x00,0x00,0x00,0x00,0x00,0x00,0x00,0x00,0x06,0x66,0x66,0x66,0x66,0x60,0x00,0x00,0x00,
	0x00,0x00,0x00,0x00,0x00,0x00,0x00,0x00,0x00,0x00,0x00,0x00,0x00,0x00,0x00,0x00,0x04,0x99,0x99,0x99,0x99,0x99,0x99,0x99,
	0x99,0x99,0x99,0x99,0x99,0x99,0x99,0x99,0x99,0x99,0x99,0x99,0x96,0x66,0xA6,0x60,0xA4,0x46,0x66,0x66,0x99,0x99,0x99,0x99,
	0x99,0x99,0x66,0x96,0x69,0x99,0x99,0x99,0x99,0x99,0x99,0x99,0x99,0x99,0x99,0x99,0x99,0x99,0x96,0x00,0x00,0x00,0x00,0xFF,
	0x66,0x66,0x66,0x66,0x66,0x66,0x66,0x69,0x66,0x66,0x66,0x66,0x66,0x66,0x66,0x90,0x00,0x00,0x00,0x00,0x00,0x00,0x00,0x00,
	0x06,0x96,0x96,0x66,0x96,0x99,0x69,0x99,0x99,0x99,0x96,0x09,0x99,0x99,0x99,0x99,0x94,0x00,0x00,0x99,0x99,0x99,0x99,0x90,
	0x00,0x00,0x99,0x98,0x00,0x00,0x00,0x00,0x39,0x99,0x99,0x99,0x99,0x99,0x99,0x99,0x99,0x99,0x99,0x60,0x00,0x00,0x00,0x99,
	0x99,0x93,0x60,0x09,0x60,0x00,0x00,0x00,0x00,0x00,0x69,0x99,0x99,0x99,0x99,0x99,0x90,0x00,0x00,0xA9,0x99,0x99,0x00,0x00,
	0x00,0x69,0x99,0x99,0x99,0x99,0x99,0x99,0x99,0x90,0x00,0x00,0x08,0x99,0x99,0x00,0x99,0x99,0x99,0x66,0x60,0x06,0x96,0x66,
	0x69,0x99,0x68,0x00,0x00,0x00,0x00,0x00,0x00,0xFF,0x00,0x00,0x00,0x0A,0x69,0x66,0x99,0x69,0x66,0x69,0x96,0x66,0x99,0x66,
	0x66,0x69,0x99,0x66,0x00,0x00,0x00,0x00,0x00,0x66,0x66,0x66,0x66,0x96,0x69,0x66,0x69,0x99,0x66,0x69,0x96,0x69,0x66,0x66,
	0x60,0x09,0x99,0x99,0x66,0x66,0x60,0x40,0x66,0x66,0x69,0x96,0x94,0x66,0x96,0x90,0xA0,0x69,0x99,0x66,0x69,0x66,0x66,0x66,
	0x96,0x66,0x66,0x66,0x66,0x66,0x66,0x66,0x66,0x66,0x66,0x66,0x66,0x66,0x66,0x66,0x66,0x66,0x66,0x66,0x66,0x60,0x66,0x66,
	0x96,0x66,0x66,0x66,0x66,0x66,0x66,0x66,0x66,0x66,0x66,0x66,0x04,0x66,0x66,0x66,0x66,0x69,0x96,0x69,0x66,0x66,0x99,0x66,
	0x66,0x66,0x96,0x66,0x66,0x66,0x60,0x00,0x00,0x00,0x00,0x00,0x00,0x86,0x66,0x66,0x66,0x60,0x00,0xCA,0x66,0x96,0xA0,0x00,
	0x00,0x00,0x00,0x00,0x96,0x00,0x00,0x00,0x00,0x00,0x00,0x00,0x00,0x00,0x00,0x00,0x00,0x00,0x00,0x00,0x00,0xA6,0x66,0x66,
	0x66,0x66,0x6A,0x00,0x00,0x00,0x00,0x00,0x00,0x00,0x00,0x00,0x00,0x00,0x00,0x00,0x00,0x00,0x08,0x00,0x00,0x00,0x69,0x99,
	0x99,0x99,0x99,0x99,0x99,0x99,0x99,0x99,0x99,0x99,0x99,0x99,0x99,0x99,0x99,0x99,0x99,0x99,0x99,0x96,0x66,0x66,0x66,0x66,
	0x69,0x99,0x99,0x99,0x99,0x99,0x99,0x99,0x96,0x99,0x69,0x69,0x99,0x99,0x69,0x99,0x99,0x99,0x99,0x99,0x99,0x99,0x99,0x99,
	0x96,0x00,0x00,0x00,0x00,0xFF,0x66,0x66,0x66,0x66,0x66,0x66,0x66,0x66,0x66,0x66,0x66,0x66,0x69,0x68,0x00,0x00,0x00,0x00,
	0x00,0x00,0x00,0x00,0x00,0x00,0x00,0x66,0x69,0x99,0x96,0x69,0x96,0x99,0x69,0x99,0x96,0x09,0x99,0x99,0x99,0x99,0x90,0x00,
	0x00,0x99,0x99,0x96,0x69,0x90,0x00,0x00,0xA9,0x96,0x00,0x00,0x00,0x00,0x99,0x99,0x99,0x99,0x99,0x99,0x99,0x99,0x99,0x99,
	0x99,0xA0,0x00,0x00,0x00,0x99,0x99,0x99,0x60,0x08,0x00,0x00,0x00,0x00,0x00,0x46,0x69,0x99,0x99,0x99,0x99,0x99,0x96,0x00,
	0x00,0x09,0x99,0x99,0x00,0x00,0x00,0x99,0x99,0x99,0x99,0x99,0x99,0x99,0x99,0x90,0x00,0x00,0x00,0x69,0x99,0x00,0x69,0x69,
	0x99,0x99,0x60,0x06,0x99,0x66,0x66,0x99,0x99,0x96,0x60,0x00,0x00,0x00,0x00,0xFF,0x00,0x00,0x00,0x00,0x00,0xAA,0x69,0x99,
	0x99,0x66,0x99,0x66,0x99,0x66,0x66,0x66,0x99,0x66,0x60,0x00,0x00,0x00,0x00,0x04,0x96,0x66,0x99,0x96,0x66,0x96,0x66,0x99,
	0x96,0x66,0x66,0x66,0x99,0x99,0x96,0x08,0x96,0x66,0x66,0x66,0x66,0x00,0x66,0x69,0x69,0x69,0x66,0x66,0x96,0x90,0x60,0x69,
	0x99,0x4A,0x88,0xAA,0xA6,0x96,0x96,0x66,0x66,0x96,0x66,0x96,0x96,0x66,0x66,0x66,0x66,0x66,0x66,0x69,0x66,0x66,0x66,0x66,
	0x66,0x66,0x66,0x60,0x66,0x66,0x66,0x69,0x96,0x66,0x66,0x66,0x66,0x66,0x66,0x66,0x66,0x66,0x04,0x66,0x66,0x66,0x96,0x66,
	0x96,0x99,0x66,0x66,0x69,0x96,0x66,0x66,0x66,0x66,0x66,0x66,0x60,0x00,0x00,0x00,0x00,0x00,0x00,0xA6,0x66,0x66,0x66,0x60,
	0x00,0xCA,0x66,0x66,0xA0,0x00,0x00,0x00,0x00,0x00,0x66,0x00,0x00,0x00,0x00,0x00,0x00,0x00,0x00,0x00,0x00,0x00,0x00,0x00,
	0x00,0x00,0x08,0x66,0x66,0x66,0x66,0x66,0x60,0x00,0x00,0x00,0x00,0x00,0x00,0x00,0x00,0x00,0x00,0x00,0x00,0x00,0x00,0x00,
	0x00,0x00,0x08,0x46,0x99,0x99,0x99,0x99,0x99,0x99,0x99,0x99,0x99,0x99,0x99,0x99,0x99,0x99,0x99,0x99,0x99,0x99,0x99,0x99,
	0x99,0x99,0x66,0x66,0x66,0x69,0x99,0x99,0x99,0x99,0x99,0x99,0x99,0x99,0x99,0x99,0x69,0x99,0x99,0x99,0x69,0x99,0x99,0x99,
	0x99,0x99,0x99,0x99,0x99,0x99,0x96,0x00,0x00,0x00,0x00,0xFF,0x66,0x66,0x66,0x66,0x96,0x66,0x66,0x66,0x66,0x66,0x66,0x68,
	0x00,0x00,0x00,0x00,0x00,0x00,0x00,0x00,0x08,0x69,0x90,0x00,0x00,0xA6,0x96,0x69,0x96,0x99,0x96,0x99,0x69,0x99,0x96,0x09,
	0x99,0x99,0x99,0x99,0x90,0x00,0x00,0x69,0x99,0x99,0x99,0x94,0x00,0x00,0x06,0x39,0x00,0x00,0x00,0x00,0x49,0x99,0x99,0x99,
	0x99,0x99,0x99,0x99,0x99,0x99,0x93,0x00,0x00,0x00,0x00,0x69,0x99,0x99,0x80,0x00,0x00,0x00,0x00,0x00,0x69,0x99,0x66,0x99,
	0x99,0x99,0x69,0x99,0x69,0xA0,0x00,0x06,0x99,0x99,0x00,0x00,0x00,0x99,0x99,0x96,0x69,0x99,0x99,0x99,0x99,0x60,0x00,0x00,
	0x00,0x66,0x99,0x00,0x99,0x99,0x69,0x69,0x40,0x06,0x69,0x96,0x66,0x96,0x96,0x99,0x96,0x96,0x40,0x00,0x00,0xFF,0x00,0x00,
	0x00,0x00,0x00,0x00,0x00,0x69,0x69,0x99,0x99,0x99,0x99,0x99,0x66,0x66,0x69,0x69,0x6A,0x00,0x00,0x00,0x00,0x00,0x86,0x66,
	0x69,0x99,0x69,0x99,0x96,0x69,0x99,0x69,0x69,0x69,0x99,0x99,0x96,0x90,0x09,0x69,0x96,0x69,0x99,0x6A,0x69,0x69,0x66,0x00,
	0x69,0x99,0x99,0x90,0x80,0x46,0x00,0x08,0xAA,0x00,0x00,0x00,0x69,0x99,0x99,0x99,0x99,0x69,0x99,0x99,0x99,0x69,0x99,0x66,
	0x99,0x66,0x66,0x69,0x99,0x99,0x66,0x96,0x66,0x64,0x66,0x99,0x69,0x6A,0xAA,0xA4,0x66,0x96,0x96,0x99,0x69,0x99,0x99,0x99,
	0x0A,0x96,0x99,0x96,0x66,0x66,0x66,0x99,0x99,0x96,0x69,0x99,0x66,0x66,0x66,0x66,0x66,0x66,0xA8,0x00,0x00,0x00,0x00,0x00,
	0x00,0x06,0x66,0x66,0x66,0x60,0x00,0xCA,0x66,0x66,0x40,0x00,0x00,0x00,0x00,0x00,0x66,0x00,0x00,0x00,0x00,0x00,0x00,0x00,
	0x00,0x00,0x00,0x00,0x00,0x00,0x00,0x00,0x06,0x66,0x66,0x66,0x66,0x66,0x6A,0x00,0x00,0x00,0x00,0x00,0x00,0x00,0x00,0x00,
	0x00,0x00,0x00,0x00,0x00,0x00,0x00,0x00,0x8A,0x69,0x99,0x99,0x99,0x99,0x99,0x99,0x99,0x99,0x99,0x99,0x99,0x99,0x99,0x99,
	0x99,0x99,0x99,0x99,0x99,0x99,0x99,0x99,0x99,0x99,0x96,0x99,0x99,0x99,0x99,0x99,0x99,0x99,0x99,0x99,0x99,0x99,0x99,0x99,
	0x99,0x96,0x69,0x99,0x99,0x99,0x99,0x99,0x99,0x99,0x99,0x99,0x96,0x00,0x00,0x00,0x00,0xFF,0x66,0x66,0x6A,0x66,0x4A,0xA4,
	0x4A,0x00,0x00,0x00,0x00,0x00,0x00,0x00,0x00,0x00,0x00,0x00,0x04,0x69,0x69,0x99,0x66,0x00,0x00,0x06,0x99,0x96,0x96,0x96,
	0x69,0x96,0x96,0x66,0x96,0x09,0x99,0x99,0x99,0x99,0x90,0x00,0x04,0x99,0x99,0x99,0x99,0x99,0x00,0x00,0x00,0x69,0x00,0x00,
	0x00,0x00,0xA9,0x39,0x93,0x99,0x99,0x99,0x99,0x99,0x99,0x99,0x99,0x00,0x00,0x00,0x00,0xA9,0x94,0x00,0x00,0x00,0x00,0x00,
	0x06,0x99,0x99,0x99,0x99,0x99,0x99,0x99,0x99,0x99,0x99,0x90,0x00,0x00,0x69,0x69,0x00,0x00,0x06,0x99,0x99,0x99,0x66,0x99,
	0x99,0x99,0x99,0x40,0x00,0x00,0x00,0x69,0x99,0x00,0x49,0x99,0x99,0x96,0xA0,0x06,0x69,0x96,0x96,0x69,0x99,0x96,0x69,0x99,
	0x99,0x60,0x00,0xFF,0x94,0x00,0x00,0x00,0x00,0x00,0x00,0x00,0x00,0xA4,0x66,0x99,0x99,0x99,0x96,0x69,0x96,0x66,0x96,0x40,
	0x00,0x00,0x00,0x00,0x00,0x96,0x69,0x69,0x99,0x99,0x99,0x69,0x99,0x99,0x99,0x69,0x99,0x99,0x99,0x96,0x40,0x46,0x99,0x99,
	0x99,0x99,0x99,0x99,0x66,0xA0,0x00,0x00,0x00,0x88,0x04,0x09,0x94,0x00,0x00,0x00,0x84,0x66,0x00,0x49,0x99,0x99,0x66,0x66,
	0x99,0x46,0x96,0x66,0x90,0x00,0x00,0x00,0x00,0x00,0x00,0x00,0x06,0x99,0x66,0x48,0x00,0x00,0x00,0x8A,0x64,0x6A,0x80,0x06,
	0x96,0x99,0x69,0x69,0x99,0x99,0x08,0x96,0x99,0x69,0x69,0x96,0x96,0x99,0x99,0x99,0x96,0x99,0x99,0x96,0x99,0x99,0x99,0x96,
	0x60,0x00,0x00,0x00,0x00,0x00,0x00,0x06,0x66,0x66,0x66,0x60,0x00,0xCA,0x96,0x66,0x60,0x00,0x00,0x00,0x00,0x00,0x46,0x00,
	0x00,0x00,0x00,0x00,0x00,0x00,0x00,0x00,0x00,0x00,0x00,0x00,0x00,0x00,0x66,0x66,0x66,0x66,0x66,0x66,0x68,0x00,0x00,0x00,
	0x00,0x00,0x00,0x00,0x00,0x00,0x00,0x00,0x00,0x00,0x00,0x00,0x00,0x80,0x69,0x99,0x99,0x99,0x99,0x99,0x99,0x99,0x99,0x99,
	0x99,0x99,0x99,0x99,0x99,0x99,0x99,0x99,0x99,0x93,0x99,0x99,0x99,0x99,0x99,0x99,0x99,0x99,0x99,0x99,0x99,0x99,0x99,0x99,
	0x99,0x99,0x99,0x99,0x99,0x99,0x99,0x36,0x99,0x99,0x99,0x99,0x99,0x99,0x99,0x99,0x99,0x99,0x96,0x00,0x00,0x00,0x00,0xFF,
	0x66,0x60,0x00,0x00,0x00,0x00,0x00,0x00,0x00,0x00,0x00,0x00,0x00,0x00,0x00,0x00,0x0A,0x69,0x96,0x69,0x96,0x96,0x99,0x40,
	0x00,0x00,0x96,0x96,0x96,0x96,0x96,0x69,0x69,0x99,0x96,0x09,0x99,0x99,0x99,0x99,0x60,0x00,0x09,0x99,0x99,0x99,0x93,0x69,
	0x40,0x00,0x00,0x09,0x00,0x00,0x00,0x00,0xA9,0x99,0x99,0x33,0x39,0x99,0x39,0x99,0x99,0x39,0x39,0x00,0x00,0x00,0x00,0x00,
	0x00,0x00,0x00,0x00,0x00,0x06,0x99,0x99,0x99,0x39,0x99,0x99,0x99,0x99,0x99,0x99,0x99,0x96,0x00,0x00,0x09,0x99,0x00,0x00,
	0x09,0x99,0x99,0x99,0x99,0x99,0x99,0x99,0x99,0x60,0x00,0x00,0x00,0xA9,0x99,0xA0,0x09,0x99,0x99,0x99,0xA0,0x06,0x99,0x99,
	0x96,0x66,0x99,0x96,0x66,0x66,0x99,0x60,0x00,0xFF,0x66,0x96,0x60,0x00,0x00,0x00,0x00,0x00,0x00,0x00,0x00,0x86,0x46,0x99,
	0x99,0x99,0x99,0x96,0x69,0x60,0x00,0x00,0x00,0x00,0x00,0x69,0x99,0x99,0x99,0x99,0x99,0x96,0x99,0x99,0x99,0x99,0x99,0x99,
	0x96,0x69,0x66,0x00,0x99,0x99,0x96,0x66,0x69,0x66,0x66,0x66,0x66,0x6A,0x00,0x00,0x06,0x06,0x66,0x66,0x66,0x6A,0x80,0x06,
	0x66,0x06,0x90,0x49,0x66,0x66,0xA0,0x00,0xA6,0x66,0x69,0x66,0x6A,0x00,0xA6,0x66,0x66,0xA4,0x0A,0x99,0x00,0x08,0xA6,0x96,
	0x96,0x99,0x96,0x99,0x66,0x06,0x69,0x66,0x66,0x66,0x69,0x99,0x04,0x96,0x99,0x99,0x69,0x96,0x69,0x66,0x99,0x66,0x99,0x99,
	0x99,0x99,0x99,0x99,0x99,0x99,0x40,0x00,0x00,0x00,0x00,0x00,0x00,0x04,0x66,0x99,0x66,0x60,0x00,0xCA,0x96,0x66,0x60,0x00,
	0x00,0x00,0x00,0x00,0x86,0x80,0x00,0x00,0x00,0x00,0x00,0x00,0x00,0x00,0x00,0x00,0x00,0x00,0x00,0x00,0x66,0x66,0x66,0x66,
	0x66,0x66,0x66,0x08,0x00,0x00,0x00,0x00,0x00,0x00,0x00,0x00,0x00,0x00,0x00,0x00,0x00,0x00,0x00,0xA6,0x99,0x99,0x99,0x99,
	0x99,0x99,0x99,0x99,0x99,0x99,0x99,0x99,0x99,0x99,0x99,0x99,0x99,0x99,0x99,0x69,0x39,0x99,0x99,0x99,0x99,0x99,0x99,0x99,
	0x99,0x99,0x99,0x99,0x99,0x99,0x99,0x99,0x99,0x99,0x63,0x69,0x93,0x39,0x99,0x99,0x99,0x99,0x99,0x99,0x99,0x99,0x99,0x99,
	0x96,0x00,0x00,0x00,0x00,0xFF,0x66,0x00,0x00,0x00,0x00,0x00,0x00,0x00,0x00,0x00,0x00,0x00,0x00,0x00,0xA6,0x69,0x96,0x96,
	0x69,0x99,0x69,0x66,0x66,0x60,0x00,0x00,0x06,0x96,0x96,0x66,0x69,0x69,0x66,0x96,0x66,0x09,0x99,0x99,0x99,0x99,0x60,0x00,
	0x09,0x99,0x99,0x99,0x99,0x99,0x90,0x00,0x00,0x00,0x60,0x00,0x00,0x00,0x69,0x99,0x99,0x99,0x99,0x99,0x99,0x99,0x99,0x99,
	0x99,0x00,0x00,0x00,0x00,0x00,0x00,0x00,0x00,0x00,0x69,0x99,0x99,0x99,0x99,0x99,0x39,0x99,0x99,0x99,0x99,0x99,0x99,0x99,
	0x00,0x00,0x09,0x99,0x00,0x00,0x89,0x99,0x99,0x99,0x99,0x99,0x99,0x99,0x99,0x60,0x00,0x00,0x00,0x09,0x99,0xA0,0x09,0x96,
	0x99,0x99,0xA0,0x08,0x99,0x99,0x99,0x99,0x99,0x99,0x99,0x96,0x66,0x90,0x00,0xFF,0x99,0x99,0x99,0x99,0x64,0x80,0x00,0x00,
	0x00,0x00,0x00,0x00,0x00,0x00,0x00,0x89,0x99,0x99,0x99,0x99,0x00,0x00,0x00,0x00,0x00,0x89,0x96,0x69,0x69,0x99,0x66,0x96,
	0x69,0x99,0x99,0x99,0x99,0x99,0x96,0x69,0x66,0x94,0x04,0x66,0x66,0x66,0x66,0x66,0x66,0x66,0x66,0x69,0x99,0x96,0x06,0x0A,
	0x00,0x0A,0x80,0xA6,0x66,0x69,0x60,0x06,0x60,0x00,0x00,0x00,0x46,0xA0,0x80,0x08,0x08,0x44,0x64,0x4A,0x00,0x86,0x69,0x99,
	0x04,0x66,0xA0,0x00,0x04,0x66,0x99,0x96,0x66,0x96,0x6A,0x06,0x66,0x66,0x66,0x66,0x66,0x99,0x09,0x99,0x99,0x99,0x99,0x96,
	0x66,0x99,0x66,0x66,0x66,0x96,0x66,0x66,0x66,0x69,0x99,0x99,0x80,0x00,0x00,0x00,0x00,0x00,0x00,0x0A,0x99,0x99,0x99,0x90,
	0x00,0xCA,0x99,0x99,0x90,0x00,0x00,0x00,0x00,0x00,0x06,0xA0,0x00,0x00,0x00,0x00,0x00,0x00,0x00,0x00,0x00,0x00,0x00,0x00,
	0x00,0x06,0x66,0x66,0x66,0x66,0x66,0x66,0x66,0xAA,0x00,0x00,0x00,0x00,0x00,0x00,0x00,0x00,0x00,0x00,0x00,0x00,0x00,0x00,
	0xA9,0x99,0x99,0x99,0x99,0x99,0x99,0x99,0x99,0x99,0x99,0x99,0x99,0x99,0x99,0x99,0x99,0x99,0x99,0x99,0x99,0x96,0x96,0x93,
	0x99,0x99,0x99,0x99,0x99,0x99,0x99,0x99,0x99,0x99,0x99,0x99,0x99,0x99,0x99,0x99,0x99,0x69,0x93,0x39,0x99,0x99,0x99,0x99,
	0x99,0x99,0x99,0x99,0x99,0x99,0x96,0x00,0x00,0x00,0x00,0xFF,0x60,0x00,0x00,0x00,0x00,0x00,0x00,0x00,0x00,0x00,0x00,0x00,
	0x8A,0x66,0x66,0x66,0x96,0x99,0x99,0x69,0x99,0x69,0x69,0x96,0x00,0x00,0x0A,0x96,0x66,0x99,0x66,0x69,0x99,0x99,0x96,0x09,
	0x99,0x99,0x99,0x99,0x40,0x00,0x09,0x99,0x99,0x96,0x99,0x99,0x90,0x00,0x00,0x00,0x80,0x00,0x00,0x00,0x99,0x99,0x99,0x99,
	0x99,0x99,0x99,0x99,0x99,0x99,0x99,0x00,0x00,0x00,0x00,0x00,0x00,0x00,0x00,0x99,0x99,0x99,0x99,0x99,0x99,0x99,0x99,0x99,
	0x99,0x99,0x99,0x99,0x99,0x39,0x60,0x00,0x0A,0x99,0x00,0x00,0x69,0x99,0x99,0x93,0x99,0x99,0x99,0x99,0x99,0x60,0x00,0x00,
	0x00,0x06,0x69,0x00,0x06,0x66,0x69,0x69,0x00,0x08,0x69,0x99,0x96,0x99,0x99,0x99,0x99,0x99,0x96,0x60,0x00,0xFF,0x69,0x96,
	0x66,0x66,0x68,0x80,0x00,0x00,0x00,0x00,0x00,0x00,0x00,0x00,0x00,0x06,0x96,0x99,0x99,0x96,0x60,0x00,0x00,0x00,0x00,0x86,
	0x66,0x66,0x66,0x66,0x66,0x66,0x66,0x66,0x66,0x66,0x99,0x96,0x96,0x66,0x66,0x66,0x90,0x06,0x66,0x66,0x66,0x66,0x66,0x66,
	0x00,0x69,0x96,0x96,0x06,0x04,0x00,0x86,0x6A,0x06,0x66,0x60,0x04,0x66,0x60,0x00,0x0A,0x66,0x96,0x00,0x66,0x60,0x00,0x00,
	0x00,0x00,0x80,0x00,0x66,0x99,0x04,0x66,0x66,0x9A,0x80,0x00,0x06,0x99,0x96,0x66,0x00,0x66,0x66,0x66,0x66,0x66,0x66,0x66,
	0x09,0x99,0x99,0x99,0x99,0x66,0x66,0x69,0x96,0x66,0x66,0x66,0x66,0x66,0x66,0x66,0x99,0x99,0x40,0x00,0x00,0x00,0x00,0x00,
	0x00,0x08,0x69,0x99,0x99,0x90,0x00,0xCA,0x96,0x99,0x90,0x00,0x00,0x00,0x00,0x00,0x46,0x60,0x00,0x00,0x00,0x00,0x00,0x00,
	0x00,0x00,0x00,0x00,0x00,0x00,0x00,0x66,0x66,0x66,0x66,0x66,0x66,0x66,0x66,0x48,0x80,0x00,0x00,0x00,0x00,0x00,0x00,0x00,
	0x00,0x00,0x00,0x00,0x00,0xA6,0x63,0x39,0x99,0x99,0x99,0x99,0x99,0x99,0x99,0x99,0x99,0x99,0x99,0x99,0x99,0x99,0x99,0x99,
	0x99,0x99,0x33,0x99,0x96,0x66,0x39,0x99,0x99,0x99,0x99,0x99,0x99,0x99,0x99,0x99,0x99,0x99,0x99,0x99,0x99,0x99,0x99,0x69,
	0x93,0x99,0x39,0x99,0x99,0x99,0x99,0x99,0x99,0x99,0x69,0x99,0x96,0x00,0x00,0x00,0x00,0xFF,0x60,0x00,0x00,0x00,0x00,0x00,
	0x00,0x00,0x00,0x00,0x00,0xA6,0x66,0x99,0x66,0x66,0x69,0x96,0x99,0x69,0x99,0x99,0x69,0x99,0x40,0x00,0x00,0x69,0x66,0x96,
	0x99,0x99,0x99,0x99,0x99,0x09,0x99,0x99,0x99,0x99,0x80,0x00,0x09,0x99,0x99,0x69,0x99,0x99,0x96,0x00,0x00,0x00,0x06,0x00,
	0x00,0x06,0x99,0x99,0x99,0x99,0x99,0x99,0x99,0x99,0x99,0x99,0x99,0xA0,0x00,0x00,0x00,0x00,0x00,0x08,0x99,0x99,0x99,0x99,
	0x99,0x99,0x99,0x99,0x99,0x99,0x99,0x99,0x99,0x99,0x99,0x99,0x90,0x00,0x00,0x99,0x00,0x00,0x69,0x99,0x99,0x99,0x99,0x99,
	0x99,0x99,0x99,0x60,0x00,0x00,0x00,0x06,0x99,0x00,0x09,0x96,0x66,0x66,0x00,0x00,0x66,0x66,0x96,0x66,0x66,0x69,0x66,0x66,
	0x64,0x40,0x00,0xFF,0xA0,0x00,0x00,0x00,0x00,0x00,0x00,0x00,0x00,0x00,0x00,0x00,0x00,0x00,0x00,0x04,0x99,0x99,0x99,0x66,
	0x96,0x00,0x00,0x00,0x00,0xA6,0x66,0x66,0x66,0x66,0x66,0x66,0x66,0x66,0x66,0x66,0x99,0x66,0x66,0x66,0x66,0x66,0x99,0x80,
	0x66,0x66,0x66,0x66,0x66,0x66,0x00,0x89,0x96,0x66,0x06,0x40,0xA6,0x80,0x00,0xA0,0x00,0x0A,0x66,0x66,0x60,0x09,0x69,0x66,
	0x96,0x00,0x66,0x66,0x00,0x69,0x00,0x00,0x00,0x6A,0x06,0x99,0x06,0x66,0x80,0x00,0xA6,0x66,0x66,0x66,0x96,0x60,0x06,0x66,
	0x66,0x66,0x66,0x66,0x66,0x66,0x09,0x99,0x96,0x99,0x99,0x66,0x66,0x66,0x69,0x66,0x99,0x66,0x99,0x99,0x66,0x66,0x69,0x99,
	0x40,0x00,0x00,0x00,0x00,0x00,0x00,0x04,0x69,0x99,0x96,0x90,0x00,0xCA,0x99,0x99,0x6A,0x00,0x00,0x00,0x00,0x00,0x06,0xA0,
	0x00,0x00,0x00,0x00,0x08,0x00,0x00,0x00,0x00,0x00,0x00,0x00,0x08,0x66,0x66,0x66,0x66,0x66,0x96,0x69,0x66,0x6A,0x00,0x80,
	0x00,0x00,0x00,0x00,0x00,0x00,0x00,0x00,0x00,0x00,0x00,0x69,0x69,0x93,0x99,0x99,0x99,0x99,0x39,0x99,0x99,0x99,0x99,0x99,
	0x99,0x99,0x99,0x99,0x99,0x99,0x99,0x99,0x99,0x93,0x99,0x96,0x93,0x99,0x99,0x99,0x99,0x99,0x99,0x99,0x39,0x99,0x99,0x99,
	0x99,0x99,0x99,0x99,0x99,0x99,0x93,0x99,0x39,0x99,0x99,0x99,0x99,0x99,0x99,0x99,0x96,0x99,0x96,0x00,0x00,0x00,0x00,0xFF,
	0x60,0x00,0x00,0x00,0x00,0x00,0x00,0x00,0x00,0x06,0x66,0x66,0x66,0x66,0x66,0x66,0x66,0x66,0x66,0x69,0x99,0x99,0x96,0x66,
	0x90,0x00,0x00,0x09,0x99,0x99,0x99,0x99,0x99,0x99,0x96,0x09,0x99,0x99,0x99,0x99,0x00,0x00,0xA9,0x99,0x99,0x99,0x99,0x99,
	0x99,0x00,0x00,0x00,0x00,0x96,0x66,0x99,0x99,0x99,0x99,0x99,0x99,0x99,0x99,0x99,0x6A,0x80,0x00,0x00,0x00,0x00,0x00,0x00,
	0xA9,0x99,0x99,0x99,0x99,0x99,0x99,0x99,0x99,0x99,0x99,0x99,0x99,0x99,0x99,0x99,0x99,0x99,0x99,0x00,0x00,0xA6,0x00,0x00,
	0x99,0x99,0x99,0x99,0x99,0x99,0x99,0x99,0x99,0x60,0x00,0x00,0x00,0x06,0x66,0x00,0xA6,0x69,0x66,0x66,0x00,0x00,0x66,0x66,
	0x66,0x44,0xA8,0x00,0x00,0x00,0x00,0x00,0x00,0xFF,0x00,0x00,0x00,0x00,0x00,0x00,0x00,0x00,0x00,0x00,0x00,0x00,0x00,0x00,
	0x00,0x09,0x96,0x66,0x96,0x66,0x69,0x60,0x00,0x00,0x00,0x66,0x66,0x66,0x66,0x66,0x66,0x66,0x66,0x66,0x66,0x66,0x69,0x96,
	0x66,0x99,0x66,0x69,0x99,0x66,0x00,0x66,0x66,0x66,0x66,0x66,0x60,0x00,0x96,0x66,0x06,0x60,0x66,0x60,0x00,0x06,0x96,0x96,
	0x00,0x00,0x0A,0x06,0x69,0x66,0x66,0x00,0x66,0x66,0x00,0x66,0x06,0x66,0x60,0x00,0x00,0x40,0x00,0x00,0x46,0x60,0xA6,0x66,
	0x66,0x66,0x66,0x00,0x66,0x66,0x66,0x66,0x66,0x66,0x66,0x60,0x66,0x66,0x66,0x66,0x69,0x66,0x66,0x66,0x66,0x66,0x69,0x66,
	0x66,0x66,0x66,0x66,0x66,0x99,0x60,0x00,0x00,0x00,0x00,0x00,0x00,0x00,0x66,0x96,0x96,0x60,0x00,0xCA,0x99,0x99,0x66,0x00,
	0x00,0x00,0x00,0x00,0x06,0x60,0x00,0x00,0x00,0x00,0x08,0x80,0x00,0x00,0x00,0x00,0x00,0x00,0x06,0x66,0x66,0x66,0x66,0x66,
	0x66,0x66,0x66,0x66,0x64,0x00,0x00,0x00,0x00,0x00,0x00,0x00,0x00,0x00,0x00,0x00,0x6A,0xA4,0xA6,0x99,0x99,0x99,0x99,0x99,
	0x99,0x99,0x99,0x99,0x99,0x99,0x99,0x99,0x99,0x99,0x99,0x99,0x99,0x99,0x99,0x99,0x99,0x99,0x99,0x93,0x99,0x99,0x99,0x99,
	0x99,0x99,0x99,0x99,0x99,0x99,0x99,0x99,0x99,0x99,0x99,0x99,0x99,0x99,0x99,0x99,0x99,0x99,0x93,0x33,0x99,0x99,0x96,0x99,
	0x96,0x00,0x00,0x00,0x00,0xFF,0x60,0x00,0x00,0x00,0x00,0x00,0x00,0x00,0x46,0x66,0x66,0x66,0x69,0x66,0x66,0x66,0x66,0x66,
	0x66,0x66,0x99,0x96,0x96,0x66,0x66,0x00,0x00,0x08,0x99,0x96,0x96,0x99,0x96,0x99,0x94,0x09,0x99,0x99,0x99,0x9A,0x00,0x00,
	0x69,0x99,0x99,0x99,0x96,0x99,0x99,0xA0,0x00,0x00,0x00,0xA9,0x99,0x99,0x99,0x99,0x99,0x99,0x99,0x99,0x96,0x00,0x00,0x00,
	0x00,0x00,0x00,0x00,0x08,0x66,0x96,0x69,0x99,0x99,0x99,0x99,0x99,0x99,0x99,0x99,0x99,0x99,0x69,0x99,0x99,0x99,0x99,0x99,
	0x99,0x00,0x00,0x06,0x00,0x00,0x99,0x99,0x99,0x99,0x99,0x99,0x96,0x99,0x99,0x90,0x00,0x00,0x00,0x06,0x66,0x00,0xA6,0x66,
	0x66,0x69,0x00,0x00,0x00,0x00,0x00,0x00,0x00,0x00,0x00,0x00,0x00,0x00,0x00,0xFF,0x00,0x00,0x00,0x00,0x00,0x00,0x00,0x00,
	0x00,0x00,0x00,0x00,0x00,0x00,0x8A,0x69,0x96,0x66,0x69,0x99,0x99,0x96,0x00,0x00,0x0A,0x66,0x66,0x99,0x96,0x66,0x66,0x66,
	0x66,0x66,0x66,0x66,0x69,0x99,0x66,0x66,0x66,0x69,0x96,0x66,0x6A,0x06,0x69,0x96,0x66,0x66,0x96,0x00,0x89,0x66,0x06,0x60,
	0x66,0x00,0x46,0x66,0x66,0x6A,0x00,0xA0,0x06,0x00,0x66,0x96,0x66,0x00,0x66,0x66,0xA0,0x66,0x06,0x66,0x06,0x66,0x80,0x00,
	0x06,0x66,0x66,0x6A,0x44,0x00,0x00,0x66,0x60,0x06,0x66,0x66,0x66,0x66,0x66,0x66,0x66,0x60,0x66,0x66,0x66,0x66,0x66,0x66,
	0x66,0x66,0x66,0x66,0x66,0x66,0x66,0x66,0x66,0x66,0x66,0x69,0x40,0x00,0x00,0x00,0x00,0x00,0x00,0x08,0x66,0x66,0x66,0x60,
	0x00,0xCA,0x66,0x66,0x66,0x80,0x00,0x00,0x00,0x00,0x06,0x60,0x00,0x00,0x00,0x00,0xA4,0x00,0x00,0x00,0x00,0x00,0x00,0x04,
	0x66,0x66,0x66,0x66,0x66,0x66,0x66,0x66,0x66,0x66,0x64,0x4A,0x00,0x00,0x00,0x00,0x00,0x00,0x00,0x00,0x00,0x00,0x00,0x00,
	0x00,0x08,0x6A,0x99,0x99,0x99,0x99,0x99,0x99,0x99,0x99,0x99,0x99,0x99,0x99,0x99,0x99,0x99,0x99,0x99,0x99,0x99,0x99,0x99,
	0x99,0x99,0x99,0x99,0x99,0x99,0x99,0x99,0x99,0x99,0x99,0x99,0x99,0x99,0x99,0x99,0x99,0x99,0x99,0x69,0x99,0x99,0x99,0x99,
	0x93,0x33,0x99,0x93,0x96,0x99,0x96,0x00,0x00,0x00,0x00,0xFF,0x66,0x00,0x00,0x00,0x00,0x00,0x0A,0x66,0x66,0x69,0x66,0x66,
	0x66,0x66,0x66,0x66,0x66,0x66,0x66,0x66,0x66,0x69,0x69,0x69,0x66,0x60,0x00,0x00,0x69,0x99,0x99,0x96,0x99,0x99,0x9A,0x06,
	0x96,0x99,0x99,0x90,0x00,0x00,0x99,0x99,0x99,0x99,0x69,0x99,0x99,0x60,0x00,0x00,0x00,0x0A,0x99,0x99,0x99,0x99,0x99,0x99,
	0x96,0x68,0x00,0x00,0x00,0x00,0x00,0x00,0x00,0x0A,0x99,0x99,0x99,0x99,0x69,0x99,0x99,0x99,0x99,0x99,0x99,0x99,0x69,0x99,
	0x99,0x69,0x99,0x96,0x99,0x69,0x99,0x80,0x00,0x00,0x00,0x00,0x96,0x99,0x99,0x99,0x99,0x99,0x99,0x99,0x99,0x9A,0x00,0x00,
	0x00,0xA9,0x66,0x00,0xA6,0xAA,0xAA,0x00,0x00,0x00,0x00,0x00,0x00,0x00,0x00,0x00,0x00,0x00,0x00,0x00,0x00,0xFF,0x00,0x00,
	0x00,0x00,0x00,0x00,0x04,0x4A,0x44,0x66,0x66,0x69,0x99,0x69,0x99,0x99,0x99,0x96,0x99,0x99,0x99,0x99,0x9A,0x0A,0x66,0x99,
	0x99,0x99,0x99,0x66,0x69,0x99,0x66,0x66,0x66,0x66,0x66,0x69,0x96,0x66,0x66,0x99,0x69,0x66,0x66,0x40,0x09,0x96,0x66,0x66,
	0x99,0x60,0x00,0x66,0x06,0x60,0x66,0xA0,0x86,0x66,0x66,0x60,0x06,0x66,0x00,0x00,0x69,0x66,0x44,0x00,0x66,0x66,0x60,0x66,
	0x08,0x68,0x00,0x66,0x66,0x0A,0x66,0x66,0x69,0x66,0x40,0x00,0x00,0x06,0x00,0x66,0x66,0x66,0x66,0x66,0x66,0x66,0x66,0x0A,
	0x66,0x66,0x66,0x66,0x66,0x66,0x66,0x66,0x66,0x66,0x66,0x66,0x66,0x66,0x66,0x66,0x66,0x66,0x60,0x00,0x00,0x00,0x00,0x00,
	0x00,0x00,0x66,0x66,0x66,0x90,0x00,0xCA,0x66,0x66,0x66,0x00,0x00,0x00,0x00,0x00,0x04,0x60,0x0A,0x00,0x00,0x00,0x00,0x00,
	0x00,0x00,0x00,0x00,0x00,0x04,0x66,0x66,0x66,0x66,0x66,0x66,0x66,0x66,0x66,0x66,0x66,0x66,0xAA,0x80,0x00,0x00,0x00,0x00,
	0x00,0x00,0x00,0x00,0x00,0x00,0x00,0x00,0x08,0x00,0x69,0x99,0x99,0x99,0x99,0x99,0x99,0x99,0x99,0x99,0x99,0x99,0x99,0x99,
	0x99,0x99,0x99,0x99,0x99,0x99,0x99,0x99,0x99,0x99,0x99,0x99,0x99,0x99,0x99,0x99,0x99,0x99,0x99,0x99,0x99,0x99,0x99,0x99,
	0x99,0x69,0x99,0x99,0x99,0x99,0x99,0x33,0x39,0x99,0x96,0x99,0x96,0x00,0x00,0x00,0x00,0xFF,0x66,0x6A,0x00,0x00,0x0A,0x66,
	0x66,0x66,0x96,0x69,0x96,0x66,0x66,0x66,0x66,0x66,0x66,0x66,0x69,0x66,0x66,0x66,0x66,0x66,0x66,0x66,0x00,0x00,0x06,0x66,
	0x69,0x96,0x96,0x99,0x9A,0x09,0x99,0x99,0x99,0x90,0x00,0x0A,0x99,0x99,0x99,0x99,0x99,0x69,0x99,0x60,0x00,0x00,0x00,0x00,
	0x46,0x69,0x99,0x99,0x99,0x94,0x00,0x00,0x00,0x00,0x00,0x00,0x00,0x00,0xA9,0x99,0x99,0x99,0x99,0x99,0x99,0x99,0x99,0x99,
	0x99,0x99,0x99,0x99,0x99,0x99,0x99,0x66,0x99,0x99,0x99,0x99,0x69,0x60,0x00,0x00,0x00,0x00,0xA4,0x4A,0x88,0xAA,0xAA,0x44,
	0x66,0x69,0x96,0x96,0x00,0x00,0x00,0x00,0x00,0x00,0x00,0x00,0x00,0x00,0x00,0x00,0x00,0x00,0x00,0x00,0x00,0x00,0x00,0x00,
	0x00,0x00,0x00,0xFF,0x0A,0x66,0x66,0x66,0x66,0x69,0x96,0x66,0x66,0x66,0x99,0x96,0x99,0x69,0x99,0x99,0x99,0x66,0x66,0x66,
	0x66,0x66,0x69,0x69,0x96,0x96,0x99,0x99,0x99,0x96,0x69,0x66,0x66,0x66,0x66,0x66,0x66,0x69,0x99,0x66,0x66,0x66,0x66,0x66,
	0x66,0x66,0x60,0x06,0x66,0x66,0x69,0x99,0xA0,0x06,0x04,0x60,0x96,0x6A,0x00,0x00,0x00,0x6A,0x00,0x46,0x0A,0xA0,0x06,0x00,
	0x00,0x00,0x00,0x00,0x00,0x06,0x90,0x64,0x00,0x46,0x66,0x00,0x66,0x66,0x69,0x64,0x00,0x66,0x64,0x00,0x06,0x66,0x66,0x66,
	0x66,0x66,0x66,0x66,0x66,0x06,0x66,0x66,0x66,0x66,0x66,0x66,0x66,0x66,0x66,0x69,0x66,0x99,0x66,0x66,0x66,0x66,0x66,0x66,
	0x60,0x00,0x00,0x00,0x00,0x00,0x00,0x80,0xA6,0x66,0x66,0x60,0x00,0xCA,0x96,0x69,0x96,0xA0,0x00,0x00,0x00,0x00,0x06,0x90,
	0x00,0x00,0x00,0x00,0x00,0x00,0x00,0x00,0x00,0x00,0x00,0x46,0x66,0x66,0x66,0x66,0x66,0x66,0x66,0x66,0x66,0x66,0x66,0x66,
	0x64,0x80,0x00,0x00,0x00,0x08,0x00,0x00,0x00,0x00,0x00,0x00,0x00,0x04,0x00,0x00,0x00,0xAA,0x99,0x93,0x99,0x99,0x99,0x99,
	0x99,0x99,0x99,0x99,0x99,0x99,0x99,0x99,0x99,0x99,0x99,0x99,0x99,0x99,0x99,0x99,0x99,0x99,0x99,0x99,0x99,0x99,0x99,0x99,
	0x99,0x99,0x99,0x99,0x96,0x66,0x69,0x99,0x96,0x69,0x99,0x99,0x99,0x93,0x39,0x99,0x96,0x99,0x96,0x00,0x00,0x00,0x00,0xFF,
	0x66,0x66,0x66,0x46,0x69,0x96,0x66,0x66,0x66,0x66,0x96,0x66,0x69,0x66,0x96,0x69,0x66,0x66,0x66,0x66,0x66,0x66,0x96,0x66,
	0x66,0x66,0x00,0x00,0x00,0x69,0x69,0x99,0x96,0x99,0x90,0x09,0x99,0x99,0x99,0x60,0x00,0x04,0x99,0x99,0x99,0x99,0x69,0x99,
	0x99,0x96,0x00,0x00,0x00,0x00,0x06,0x99,0x99,0x99,0x99,0x00,0x00,0x00,0x00,0x00,0x00,0x00,0x00,0x03,0x99,0x99,0x99,0x99,
	0x99,0x99,0x99,0x99,0x99,0x99,0x39,0x99,0x99,0x99,0x99,0x99,0x99,0x99,0x99,0x99,0x99,0x99,0x99,0x9A,0x00,0x00,0x00,0x00,
	0x00,0x00,0x00,0x00,0x00,0x00,0x00,0x00,0x00,0x00,0x00,0x00,0x00,0x00,0x00,0x00,0x00,0x00,0x00,0x00,0x00,0x00,0x00,0x00,
	0x00,0x00,0x00,0x08,0x86,0x66,0x66,0x60,0x00,0xFF,0x99,0x99,0x99,0x96,0x66,0x66,0x66,0x66,0x66,0x96,0x96,0x96,0x99,0x99,
	0x99,0x99,0x99,0x99,0x99,0x96,0x69,0x66,0x69,0x99,0x66,0x96,0x99,0x99,0x99,0x96,0x69,0x66,0x66,0x69,0x69,0x66,0x96,0x66,
	0x69,0x99,0x66,0x69,0x96,0x99,0x66,0x66,0x96,0xA0,0xA9,0x96,0x66,0x99,0x96,0x00,0x8A,0x60,0x69,0x66,0x60,0x00,0x00,0x66,
	0x00,0x00,0x09,0x90,0x06,0x00,0xA0,0x40,0x49,0x66,0x60,0x06,0x94,0x06,0x00,0x06,0x66,0x40,0x66,0x66,0x69,0x90,0x0A,0x99,
	0x96,0x00,0x69,0x99,0x66,0x96,0x66,0x66,0x66,0x66,0x60,0x69,0x96,0x66,0x66,0x66,0x66,0x66,0x66,0x66,0x66,0x69,0x96,0x66,
	0x66,0x66,0x66,0x66,0x99,0x66,0x68,0x00,0x00,0x00,0x00,0x00,0x00,0x00,0x06,0x66,0x66,0x60,0x00,0xCA,0x66,0x99,0x66,0x40,
	0x00,0x00,0x00,0x00,0x06,0x9A,0x00,0x08,0x00,0x00,0x00,0x00,0x00,0x00,0x00,0x00,0x0A,0x66,0x66,0x66,0x66,0x66,0x66,0x66,
	0x66,0x66,0x66,0x66,0x66,0x66,0x60,0x00,0x00,0x00,0x00,0x00,0x00,0x00,0x00,0x00,0x00,0x00,0x00,0x00,0x00,0x00,0x00,0x00,
	0x06,0x99,0x99,0x99,0x99,0x99,0x99,0x99,0x99,0x99,0x99,0x99,0x99,0x99,0x99,0x99,0x99,0x99,0x99,0x99,0x99,0x99,0x99,0x99,
	0x99,0x99,0x99,0x99,0x99,0x99,0x99,0x99,0x99,0x99,0x99,0x99,0x99,0x99,0x99,0x99,0x99,0x99,0x99,0x99,0x99,0x99,0x99,0x99,
	0x96,0x00,0x00,0x00,0x00,0xFF,0x66,0x66,0x96,0x69,0x96,0x99,0x66,0x96,0x66,0x66,0x66,0x96,0x69,0x69,0x69,0x96,0x96,0x66,
	0x66,0x66,0x69,0x66,0x66,0x96,0x69,0x66,0x60,0x00,0x00,0x06,0x96,0x69,0x96,0x69,0x90,0x06,0x99,0x99,0x99,0x00,0x00,0x09,
	0x99,0x99,0x96,0x99,0x99,0x99,0x99,0x99,0x00,0x00,0x00,0x00,0x00,0x99,0x99,0x99,0x60,0x00,0x00,0x00,0x00,0x00,0x00,0x00,
	0x06,0x99,0x99,0x99,0x99,0x99,0x39,0x99,0x99,0x99,0x99,0x99,0x99,0x99,0x69,0x99,0x99,0x99,0x99,0x99,0x99,0x99,0x99,0x99,
	0x99,0x99,0x00,0x00,0x00,0x00,0x00,0x00,0x00,0x00,0x00,0x00,0x00,0x00,0x00,0x00,0x00,0x00,0x00,0x00,0x00,0x00,0x00,0x00,
	0x00,0x00,0x00,0x00,0xA6,0x66,0x66,0x69,0x99,0x99,0x99,0x99,0x96,0x60,0x00,0xFF,0x99,0x99,0x99,0x69,0x96,0x66,0x66,0x66,
	0x69,0x66,0x99,0x99,0x99,0x99,0x99,0x99,0x99,0x99,0x69,0x66,0x99,0x66,0x66,0x69,0x99,0x69,0x96,0x96,0x69,0x69,0x69,0x96,
	0x66,0x69,0x99,0x66,0x69,0x96,0x96,0x99,0x96,0x69,0x99,0x69,0x99,0x66,0x99,0x66,0xA0,0xA6,0x99,0x99,0x96,0x60,0x00,0x60,
	0x69,0x96,0x66,0x66,0x66,0x66,0x60,0xA6,0x96,0x69,0x66,0x66,0x60,0x60,0xA9,0x69,0x64,0x0A,0x69,0x06,0x06,0x00,0x66,0x60,
	0x86,0x66,0x96,0x90,0x06,0x66,0x66,0x0A,0x66,0x66,0x66,0x66,0x66,0x66,0x66,0x66,0x00,0x66,0x69,0x66,0x66,0x69,0x99,0x69,
	0x66,0x66,0x66,0x66,0x66,0x66,0x66,0x66,0x66,0x66,0x66,0x66,0x60,0x00,0x00,0x00,0x00,0x00,0x00,0x00,0x06,0x66,0x66,0x60,
	0x00,0xCA,0x99,0x66,0x66,0x68,0x8A,0x00,0x00,0x08,0x09,0x9A,0x00,0x00,0x00,0x00,0x00,0x00,0x00,0x00,0x00,0x00,0xA6,0x66,
	0x66,0x66,0x66,0x66,0x66,0x69,0x66,0x66,0x66,0x66,0x66,0x68,0x00,0x00,0x00,0x00,0x00,0x00,0x00,0x00,0x00,0x00,0x00,0x00,
	0x00,0x00,0x00,0x00,0x00,0x00,0x00,0x69,0x99,0x99,0x99,0x99,0x99,0x99,0x99,0x99,0x99,0x99,0x69,0x99,0x96,0x99,0x99,0x99,
	0x99,0x99,0x99,0x99,0x99,0x99,0x99,0x99,0x99,0x99,0x99,0x99,0x99,0x99,0x39,0x99,0x99,0x99,0x66,0x66,0x69,0x99,0x99,0x99,
	0x99,0x99,0x99,0x99,0x99,0x99,0x96,0x00,0x00,0x00,0x00,0xFF,0x66,0x96,0x96,0x99,0x66,0x96,0x99,0x99,0x99,0x66,0x66,0x96,
	0x96,0x96,0x99,0x99,0x66,0x69,0x66,0x66,0x66,0x66,0x66,0x66,0x96,0x66,0x99,0x00,0x00,0x00,0x99,0x66,0x99,0x69,0x90,0x06,
	0x99,0x99,0x9A,0x00,0x00,0xA9,0x99,0x99,0x99,0x99,0x63,0x39,0x99,0x99,0x60,0x00,0x00,0x00,0x00,0x63,0x99,0x93,0xA0,0x00,
	0x00,0x00,0x00,0x00,0x00,0x0A,0x99,0x99,0x99,0x99,0x99,0x99,0x99,0x99,0x99,0x99,0x99,0x99,0x99,0x99,0x99,0x99,0x99,0x99,
	0x99,0x96,0x99,0x99,0x99,0x99,0x99,0x99,0x80,0x00,0x00,0x00,0x00,0x00,0x00,0x00,0x00,0x00,0x00,0x00,0x00,0x00,0x00,0x00,
	0x00,0x00,0x00,0x00,0x00,0x00,0x00,0x84,0x66,0x96,0x69,0x99,0x96,0x69,0x69,0x69,0x99,0x99,0x99,0x60,0x00,0xFF,0x69,0x66,
	0x99,0x96,0x99,0x69,0x66,0x69,0x99,0x69,0x99,0x99,0x99,0x96,0x99,0x99,0x99,0x99,0x99,0x99,0x99,0x66,0x66,0x99,0x66,0x66,
	0x66,0x66,0x66,0x69,0x66,0x96,0x69,0x66,0x69,0x96,0x99,0x96,0x96,0x99,0x99,0x69,0x96,0x66,0x99,0xAA,0x99,0x96,0x66,0x00,
	0x69,0x66,0x96,0x66,0x00,0x60,0x69,0x99,0x66,0x66,0x66,0x69,0x69,0x99,0x99,0x99,0x96,0x66,0x60,0x60,0x89,0x99,0x99,0x00,
	0x66,0x68,0x06,0x00,0x66,0x60,0x09,0x66,0x99,0x60,0x06,0x69,0x90,0x09,0x66,0x66,0x66,0x66,0x66,0x69,0x69,0x64,0x09,0x66,
	0x66,0x66,0x66,0x66,0x69,0x99,0x96,0x66,0x66,0x66,0x66,0x69,0x96,0x66,0x66,0x66,0x69,0x66,0x6A,0x00,0x00,0x00,0x00,0x00,
	0x00,0x00,0x08,0x66,0x66,0x60,0x00,0xCA,0x99,0x99,0x69,0x64,0x00,0x80,0x00,0x0A,0x66,0x6A,0x08,0x00,0x00,0x00,0x00,0x00,
	0x00,0x00,0x00,0x08,0x66,0x66,0x66,0x66,0x66,0x66,0x64,0x66,0x99,0x99,0x66,0x66,0x66,0x40,0x00,0x00,0x00,0x00,0x00,0x00,
	0x00,0x00,0x00,0x00,0x00,0x00,0x00,0x00,0x00,0x00,0x00,0x00,0x00,0xA6,0x99,0x99,0x99,0x99,0x99,0x99,0x99,0x69,0x99,0x99,
	0x66,0x99,0x99,0x99,0x99,0x99,0x99,0x99,0x99,0x99,0x99,0x99,0x99,0x99,0x99,0x99,0x69,0x99,0x99,0x66,0x99,0x99,0x99,0x99,
	0x69,0x99,0x99,0x99,0x96,0x99,0x99,0x99,0x99,0x99,0x99,0x99,0x96,0x00,0x00,0x00,0x00,0xFF,0x99,0x99,0x99,0x99,0x66,0x99,
	0x66,0x99,0x66,0x66,0x66,0x69,0x99,0x99,0x99,0x99,0x99,0x99,0x99,0x96,0x69,0x99,0x66,0x66,0x69,0x66,0x66,0x60,0x00,0x00,
	0x49,0x96,0x69,0x99,0x90,0x06,0x99,0x99,0x90,0x00,0x00,0x99,0x99,0x99,0x96,0x99,0x69,0x96,0x99,0x99,0x90,0x00,0x00,0x00,
	0x00,0x49,0x99,0x99,0x80,0x00,0x00,0x00,0x00,0x00,0x08,0x99,0x99,0x99,0x99,0x99,0x99,0x99,0x99,0x99,0x99,0x99,0x99,0x99,
	0x99,0x99,0x99,0x99,0x39,0x99,0x99,0x99,0x99,0x99,0x99,0x99,0x99,0x96,0x60,0x00,0x00,0x00,0x00,0x00,0x00,0x00,0x00,0x00,
	0x00,0x00,0x00,0x00,0x00,0x00,0x00,0x00,0xAA,0xA4,0x66,0x99,0x99,0x99,0x99,0x96,0x66,0x99,0x99,0x69,0x99,0x66,0x99,0x99,
	0x99,0x90,0x00,0xFF,0x96,0x66,0x69,0x96,0x66,0x96,0x99,0x99,0x99,0x69,0x99,0x99,0x96,0x99,0x96,0x96,0x99,0x99,0x69,0x99,
	0x99,0x96,0x66,0x96,0x96,0x96,0x69,0x66,0x66,0x66,0x66,0x69,0x66,0x96,0x96,0x69,0x96,0x66,0x99,0x69,0x99,0x69,0x96,0x96,
	0x66,0xA0,0x66,0x66,0x66,0x96,0x00,0x66,0x66,0x66,0x60,0x60,0x69,0x69,0x96,0x96,0x66,0x69,0x99,0x99,0x96,0x66,0x69,0x96,
	0x66,0x60,0x06,0x99,0x93,0x00,0x96,0x60,0x06,0x40,0x06,0x60,0x06,0x96,0x69,0x60,0x89,0x99,0x60,0x06,0x66,0x66,0x66,0x66,
	0x66,0x66,0x69,0x90,0x69,0x66,0x66,0x96,0x66,0x66,0x66,0x69,0x66,0x66,0x66,0x99,0x96,0x66,0x69,0x66,0x66,0x69,0x66,0x66,
	0x60,0x00,0x00,0x00,0x00,0x00,0x00,0xA0,0x08,0x66,0x66,0x60,0x00,0xCA,0x96,0x66,0x66,0x66,0x88,0x88,0xA8,0xAA,0x69,0x66,
	0x00,0x00,0x00,0x00,0x00,0x00,0x00,0x80,0x00,0xA6,0x66,0x66,0x66,0x66,0x66,0x66,0x66,0x66,0x66,0x69,0x66,0x96,0x60,0x00,
	0x00,0x00,0x00,0x00,0x00,0x00,0x00,0x00,0x00,0x00,0x00,0x00,0x00,0x00,0x00,0x00,0x08,0x00,0x00,0x00,0x69,0x69,0x99,0x99,
	0x99,0x99,0x99,0x99,0x99,0x99,0x66,0x99,0x99,0x99,0x99,0x99,0x39,0x99,0x99,0x99,0x99,0x99,0x99,0x99,0x99,0x99,0x99,0x99,
	0x99,0x96,0x99,0x99,0x99,0x99,0x66,0x69,0x96,0x66,0x99,0x66,0x99,0x99,0x99,0x99,0x99,0x99,0x96,0x00,0x00,0x00,0x00,0xFF,
	0x69,0x69,0x99,0x99,0x99,0x99,0x99,0x99,0x99,0x96,0x66,0x66,0x99,0x99,0x99,0x99,0x99,0x99,0x99,0x99,0x99,0x99,0x99,0x96,
	0x96,0x66,0x66,0x66,0x00,0x00,0x00,0x99,0x99,0x99,0x90,0x06,0x99,0x99,0x00,0x00,0x09,0x96,0x69,0x99,0x99,0x69,0x96,0x96,
	0x99,0x99,0x99,0x00,0x00,0x00,0x00,0x69,0x99,0x99,0xA0,0x00,0x00,0x00,0x00,0x00,0x69,0x99,0x99,0x99,0x99,0x99,0x99,0x99,
	0x99,0x99,0x99,0x99,0x39,0x99,0x99,0x99,0x99,0x99,0x99,0x99,0x99,0x99,0x96,0x99,0x99,0x99,0x99,0x99,0x90,0x00,0x00,0x00,
	0x00,0x00,0x00,0x00,0x00,0x00,0x00,0xA6,0x69,0x66,0x99,0x99,0x99,0x99,0x99,0x99,0x99,0x99,0x99,0x96,0x99,0x66,0x66,0x99,
	0x99,0x96,0x99,0x99,0x69,0x99,0x99,0x90,0x00,0xFF,0x99,0x96,0x69,0x99,0x99,0x66,0x99,0x99,0x69,0x99,0x99,0x99,0x96,0x96,
	0x96,0x99,0x99,0x99,0x99,0x99,0x99,0x96,0x69,0x96,0x69,0x69,0x66,0x99,0x66,0x69,0x66,0x66,0x66,0x96,0x69,0x66,0x66,0x66,
	0x99,0x96,0x69,0x99,0x96,0x66,0x69,0x90,0x66,0x66,0x66,0x66,0x66,0xA0,0xA6,0x96,0x66,0x60,0x96,0x66,0x69,0x93,0x66,0x99,
	0x99,0x99,0x96,0x96,0x69,0x99,0x99,0x60,0x06,0x66,0x63,0x00,0x69,0x60,0x06,0x64,0xA9,0x90,0x04,0x69,0x66,0x99,0x99,0x99,
	0x80,0xA9,0x66,0x66,0x66,0x66,0x66,0x69,0x66,0x06,0x99,0x99,0x69,0x99,0x99,0x96,0x96,0x69,0x96,0x66,0x66,0x66,0x66,0x99,
	0x66,0x99,0x66,0x99,0x96,0x66,0x68,0x00,0x00,0x00,0x00,0x00,0x88,0x80,0x0A,0x66,0x66,0x60,0x00,0xCA,0x99,0x96,0x66,0x69,
	0x64,0x8A,0x88,0x66,0x99,0x66,0xAA,0x80,0x00,0x00,0x00,0x00,0x00,0x00,0xA6,0x66,0x66,0x66,0x99,0x64,0x66,0x66,0x66,0x66,
	0x66,0x66,0x66,0x66,0xA0,0x00,0x00,0x00,0x00,0x00,0x00,0x00,0x00,0x00,0x00,0x00,0x00,0x00,0x00,0x00,0x00,0x00,0x00,0x00,
	0x00,0x0A,0x09,0x99,0x99,0x93,0x99,0x99,0x99,0x99,0x99,0x99,0x99,0x99,0x99,0x99,0x99,0x99,0x39,0x96,0x99,0x99,0x99,0x99,
	0x99,0x99,0x99,0x99,0x99,0x99,0x99,0x99,0x99,0x99,0x99,0x99,0x99,0x96,0x96,0x69,0x69,0x96,0x99,0x99,0x66,0x99,0x99,0x99,
	0x96,0x00,0x00,0x00,0x00,0xFF,0x99,0x96,0x99,0x99,0x99,0x99,0x99,0x99,0x99,0x99,0x96,0x96,0x69,0x99,0x99,0x99,0x96,0x99,
	0x99,0x99,0x99,0x99,0x99,0x99,0x99,0x99,0x99,0x66,0x40,0x00,0x00,0x09,0x99,0x99,0x90,0x06,0x99,0x98,0x00,0x00,0x09,0x96,
	0x66,0x96,0x69,0x99,0x69,0x99,0x99,0x99,0x99,0x40,0x00,0x00,0x00,0x99,0x99,0x99,0x90,0x00,0x00,0x00,0x00,0x69,0x99,0x99,
	0x99,0x99,0x99,0x99,0x99,0x99,0x99,0x99,0x39,0x96,0x99,0x99,0x99,0x99,0x99,0x99,0x99,0x99,0x99,0x39,0x99,0x99,0x99,0x99,
	0x99,0x99,0x90,0x00,0x00,0x00,0x00,0x00,0x00,0x00,0x00,0xA6,0x69,0x99,0x99,0x99,0x99,0x99,0x96,0x99,0x99,0x99,0x99,0x99,
	0x99,0x99,0x69,0x96,0x96,0x99,0x99,0x99,0x99,0x96,0x66,0x99,0x99,0x90,0x00,0xFF,0x99,0x99,0x96,0x99,0x99,0x66,0x66,0x99,
	0x99,0x99,0x99,0x99,0x99,0x96,0x99,0x99,0x69,0x99,0x99,0x99,0x66,0x96,0x69,0x99,0x69,0x66,0x96,0x99,0x66,0x66,0x96,0x96,
	0x66,0x66,0x66,0x66,0x69,0x66,0x69,0x96,0x99,0x99,0x96,0x69,0x69,0x90,0xA9,0x99,0x69,0x99,0x69,0x96,0x00,0xA9,0x99,0x66,
	0x99,0x66,0x66,0x69,0x99,0x99,0x99,0x99,0x99,0x99,0x66,0x96,0x66,0x64,0x06,0x66,0x69,0x60,0x69,0x66,0x06,0x69,0x99,0x90,
	0x0A,0x69,0x99,0x99,0x69,0x96,0x00,0x69,0x96,0x96,0x69,0x66,0x66,0x69,0x60,0x89,0x99,0x69,0x66,0x99,0x99,0x96,0x96,0x69,
	0x96,0x66,0x66,0x66,0x66,0x69,0x66,0x69,0x66,0x99,0x96,0x66,0x68,0x80,0x00,0x00,0x00,0x00,0x00,0x00,0x00,0x66,0x66,0x90,
	0x00,0xCA,0x99,0x96,0x66,0x69,0x66,0x64,0x46,0x69,0x99,0x96,0x60,0x0A,0x00,0x00,0x00,0x00,0x00,0x80,0x86,0x66,0x66,0x66,
	0x99,0x66,0x66,0x66,0x66,0x66,0x66,0x66,0x66,0x66,0x08,0x80,0x00,0x00,0x00,0x00,0x00,0x00,0x00,0x00,0x00,0x00,0x00,0x00,
	0x00,0x00,0x00,0x00,0x00,0x00,0x00,0x00,0x06,0x99,0x96,0x33,0x99,0x99,0x99,0x99,0x99,0x99,0x99,0x99,0x99,0x99,0x99,0x99,
	0x93,0x39,0x69,0x99,0x99,0x99,0x99,0x99,0x69,0x99,0x99,0x99,0x99,0x99,0x99,0x99,0x99,0x99,0x99,0x99,0x99,0x99,0x99,0x69,
	0x99,0x99,0x99,0x99,0x99,0x99,0x96,0x00,0x00,0x00,0x00,0xFF,0x99,0x99,0x99,0x99,0x99,0x99,0x99,0x99,0x99,0x99,0x99,0x99,
	0x99,0x99,0x96,0x99,0x99,0x99,0x99,0x99,0x99,0x99,0x99,0x99,0x99,0x99,0x99,0x96,0x60,0x00,0x00,0x00,0x99,0x99,0x90,0x06,
	0x99,0x60,0x00,0x00,0x69,0x99,0x99,0x99,0x96,0x96,0x69,0x99,0x99,0x99,0x99,0x90,0x00,0x00,0x06,0x99,0x99,0x99,0x96,0x00,
	0x00,0x00,0x49,0x99,0x99,0x99,0x99,0x99,0x93,0x99,0x99,0x99,0x99,0x99,0x99,0x99,0x39,0x99,0x99,0x99,0x93,0x99,0x39,0x99,
	0x99,0x99,0x99,0x99,0x99,0x99,0x69,0x99,0x96,0x00,0x00,0x00,0x00,0x00,0x00,0x08,0x69,0x69,0x99,0x99,0x99,0x99,0x99,0x99,
	0x99,0x99,0x99,0x99,0x99,0x99,0x99,0x66,0x96,0x99,0x96,0x96,0x69,0x99,0x99,0x99,0x99,0x69,0x99,0x90,0x00,0xFF,0x99,0x99,
	0x99,0x99,0x99,0x96,0x66,0x69,0x99,0x99,0x99,0x96,0x66,0x99,0x69,0x99,0x69,0x99,0x99,0x99,0x96,0x96,0x66,0x69,0x69,0x66,
	0x99,0x96,0x69,0x69,0x96,0x99,0x66,0x69,0x66,0x66,0x66,0x66,0x69,0x96,0x99,0x99,0x96,0x69,0x66,0x96,0x06,0x69,0x99,0x99,
	0x66,0x99,0x96,0x00,0x66,0x69,0x96,0x66,0x66,0x69,0x99,0x66,0x99,0x99,0x99,0x69,0x69,0x66,0x66,0x96,0x66,0x66,0x66,0x66,
	0x69,0x66,0x66,0x99,0x99,0x9A,0x06,0x66,0x99,0x99,0x69,0x69,0x00,0x69,0x96,0x96,0x66,0x66,0x66,0x69,0x00,0x69,0x99,0x99,
	0x99,0x69,0x99,0x96,0x96,0x69,0x99,0x66,0x66,0x66,0x69,0x66,0x66,0x66,0x66,0x69,0x96,0x66,0x66,0x00,0x00,0x88,0x00,0x00,
	0x00,0x0A,0x00,0xA6,0x66,0x60,0x00,0xCA,0x99,0x66,0x66,0x69,0x96,0x99,0x66,0x69,0x99,0x96,0x60,0x00,0xA0,0x00,0x00,0x00,
	0x00,0x0A,0x66,0x66,0x66,0x69,0x96,0x96,0x66,0x66,0x66,0x66,0x66,0x69,0x66,0x6A,0x00,0x00,0x00,0x00,0x00,0x00,0x80,0x00,
	0x00,0x00,0x00,0x00,0x00,0x00,0x00,0x00,0x00,0x00,0x00,0x00,0x00,0x04,0xA4,0x99,0x93,0x33,0x39,0x99,0x99,0x99,0x99,0x99,
	0x99,0x99,0x99,0x99,0x99,0x99,0x99,0x93,0x99,0x99,0x99,0x99,0x99,0x99,0x69,0x96,0x39,0x99,0x99,0x99,0x99,0x99,0x99,0x69,
	0x66,0x99,0x93,0x99,0x96,0x39,0x99,0x99,0x99,0x99,0x99,0x99,0x96,0x00,0x00,0x00,0x00,0xFF,0x99,0x99,0x99,0x99,0x99,0x99,
	0x99,0x99,0x99,0x99,0x96,0x69,0x99,0x99,0x99,0x99,0x99,0x99,0x99,0x99,0x99,0x99,0x99,0x99,0x99,0x99,0x99,0x99,0x66,0x80,
	0x00,0x00,0x0A,0x99,0x90,0x04,0x94,0x00,0x00,0x06,0x99,0x99,0x99,0x99,0x96,0x99,0x99,0x99,0x99,0x99,0x99,0x99,0x9A,0xA4,
	0x99,0x99,0x39,0x99,0x99,0x96,0x44,0x69,0x99,0x99,0x99,0x99,0x99,0x99,0x99,0x99,0x99,0x99,0x99,0x99,0x99,0x99,0x99,0x99,
	0x99,0x99,0x99,0x99,0x39,0x99,0x99,0x99,0x99,0x99,0x99,0x99,0x96,0x99,0x99,0x00,0x00,0x08,0xA4,0x66,0x99,0x99,0x99,0x99,
	0x99,0x99,0x99,0x99,0x99,0x99,0x99,0x99,0x99,0x99,0x99,0x99,0x99,0x99,0x96,0x69,0x66,0x99,0x99,0x99,0x99,0x96,0x99,0x69,
	0x99,0x90,0x00,0xFF,0x99,0x99,0x69,0x96,0x69,0x96,0x99,0x69,0x69,0x96,0x99,0x99,0x99,0x66,0x96,0x69,0x69,0x99,0x99,0x96,
	0x96,0x66,0x69,0x69,0x96,0x66,0x96,0x99,0x66,0x96,0x96,0x99,0x69,0x96,0x69,0x96,0x69,0x96,0x69,0x96,0x99,0x99,0x99,0x99,
	0x69,0x96,0x40,0x66,0x66,0x66,0x66,0x69,0x66,0x69,0xA0,0x06,0x96,0x66,0x66,0x69,0x69,0x69,0x99,0x99,0x99,0x99,0x99,0x96,
	0x99,0x99,0x66,0x69,0x69,0x66,0x66,0x96,0x69,0x69,0x99,0x99,0x69,0x66,0x99,0x69,0x69,0x99,0x00,0x66,0x96,0x66,0x66,0x66,
	0x66,0x60,0xA6,0x66,0x99,0x96,0x99,0x96,0x66,0x96,0x69,0x69,0x96,0x96,0x66,0x66,0x69,0x96,0x66,0x66,0x66,0x69,0x99,0x66,
	0x64,0xA0,0x08,0x00,0x00,0x00,0x00,0x04,0x08,0x46,0x66,0x90,0x00,0xCA,0x99,0x96,0x96,0x69,0x99,0x99,0x96,0x66,0x96,0x69,
	0x64,0xA0,0x00,0x80,0x00,0x80,0x00,0x66,0x66,0x66,0x96,0x69,0x96,0x66,0x66,0x96,0x66,0x66,0x66,0x66,0x66,0x6A,0x08,0x00,
	0x00,0x00,0x00,0x00,0x00,0x00,0x00,0x00,0x00,0x00,0x60,0x00,0x00,0x00,0x00,0x00,0x00,0x00,0x00,0x00,0x08,0x99,0x93,0x99,
	0x99,0x99,0x99,0x99,0x99,0x99,0x99,0x99,0x99,0x99,0x99,0x99,0x99,0x93,0x99,0x99,0x99,0x99,0x69,0x99,0x99,0x99,0x99,0x99,
	0x99,0x99,0x99,0x99,0x99,0x66,0x96,0x99,0x93,0x39,0x96,0x39,0x99,0x99,0x99,0x99,0x99,0x99,0x96,0x00,0x00,0x00,0x00,0xFF,
	0x99,0x99,0x99,0x99,0x99,0x99,0x99,0x99,0x99,0x99,0x99,0x66,0x99,0x99,0x99,0x99,0x99,0x99,0x99,0x99,0x99,0x99,0x99,0x99,
	0x99,0x99,0x99,0x99,0x99,0x9A,0x00,0x00,0x00,0x0A,0x90,0x04,0x00,0x00,0x00,0x09,0x99,0x99,0x99,0x96,0x99,0x99,0x99,0x99,
	0x99,0x99,0x99,0x99,0x99,0x99,0x99,0x99,0x99,0x99,0x99,0x99,0x99,0x99,0x93,0x99,0x99,0x99,0x99,0x99,0x33,0x99,0x99,0x99,
	0x99,0x99,0x99,0x99,0x99,0x99,0x99,0x99,0x99,0x99,0x99,0x99,0x99,0x99,0x99,0x99,0x99,0x99,0x99,0x99,0x99,0x40,0x00,0xA9,
	0x99,0x96,0x99,0x99,0x99,0x99,0x99,0x99,0x99,0x99,0x99,0x99,0x99,0x99,0x99,0x99,0x99,0x99,0x99,0x99,0x96,0x66,0x99,0x99,
	0x99,0x99,0x99,0x99,0x66,0x99,0x99,0x90,0x00,0xFF,0x99,0x99,0x99,0x96,0x69,0x66,0x69,0x99,0x99,0x99,0x99,0x99,0x99,0x99,
	0x96,0x69,0x66,0x96,0x96,0x99,0x99,0x66,0x99,0x96,0x99,0x69,0x69,0x99,0x69,0x96,0x99,0x66,0x96,0x99,0x66,0x69,0x69,0x99,
	0x99,0x99,0x69,0x99,0x69,0x99,0x66,0x99,0x90,0x06,0x66,0x66,0x66,0x69,0x66,0x66,0x96,0x40,0x0A,0x96,0x66,0x66,0x96,0x96,
	0x99,0x99,0x99,0x99,0x99,0x96,0x96,0x96,0x96,0x66,0x69,0x66,0x96,0x66,0x66,0x99,0x99,0x99,0x66,0x66,0x99,0x96,0x69,0x99,
	0x66,0x69,0x99,0x66,0x66,0x69,0x99,0x00,0x66,0x69,0x99,0x96,0x66,0x69,0x69,0x96,0x99,0x99,0x99,0x66,0x69,0x66,0x69,0x96,
	0x66,0x66,0x66,0x69,0x66,0x66,0x68,0x0A,0x0A,0x00,0x08,0x00,0x80,0x08,0x0A,0x46,0x66,0x60,0x00,0xCA,0x96,0x66,0x66,0x69,
	0x99,0x99,0x99,0x69,0x69,0x66,0x66,0x40,0xA0,0x00,0x00,0x00,0xA6,0x66,0x66,0x66,0x66,0x69,0x99,0x66,0x66,0x66,0x66,0x66,
	0x66,0x66,0x66,0x60,0x80,0x00,0x00,0x00,0x00,0x00,0x00,0x00,0x0A,0xA9,0x46,0x96,0x66,0x64,0x40,0x00,0x00,0x00,0x00,0x00,
	0x00,0x00,0x00,0x69,0x39,0x99,0x99,0x99,0x99,0x99,0x99,0x99,0x99,0x99,0x99,0x99,0x99,0x99,0x99,0x99,0x39,0x99,0x99,0x99,
	0x99,0x96,0x99,0x99,0x99,0x99,0x99,0x99,0x99,0x99,0x96,0x66,0x66,0x66,0x69,0x39,0x96,0x39,0x99,0x99,0x99,0x99,0x99,0x99,
	0x96,0x00,0x00,0x00,0x00,0xFF,0x99,0x99,0x99,0x99,0x99,0x99,0x99,0x99,0x99,0x99,0x99,0x99,0x69,0x99,0x99,0x99,0x99,0x99,
	0x99,0x99,0x99,0x99,0x99,0x99,0x99,0x99,0x99,0x99,0x69,0x99,0x60,0x00,0x00,0x00,0x00,0x00,0x00,0x00,0x00,0x99,0x99,0x99,
	0x99,0x99,0x99,0x99,0x99,0x99,0x99,0x99,0x99,0x99,0x99,0x93,0x99,0x99,0x99,0x99,0x99,0x99,0x99,0x99,0x99,0x93,0x39,0x99,
	0x99,0x99,0x99,0x99,0x99,0x93,0x99,0x99,0x99,0x99,0x99,0x99,0x99,0x99,0x99,0x99,0x39,0x99,0x99,0x99,0x39,0x99,0x39,0x99,
	0x99,0x99,0x99,0x94,0x0A,0x99,0x99,0x99,0x99,0x99,0x99,0x99,0x99,0x99,0x96,0x69,0x99,0x99,0x99,0x99,0x99,0x99,0x99,0x99,
	0x99,0x99,0x99,0x96,0x99,0x69,0x66,0x69,0x99,0x99,0x99,0x99,0x99,0x90,0x00,0xFF,0x99,0x99,0x99,0x99,0x99,0x96,0x66,0x99,
	0x96,0x99,0x99,0x99,0x99,0x99,0x96,0x66,0x96,0x69,0x96,0x69,0x69,0x66,0x99,0x96,0x99,0x66,0x96,0x99,0x99,0x99,0x69,0x96,
	0x66,0x99,0x96,0x66,0x69,0x66,0x69,0x99,0x99,0x99,0x69,0x99,0x99,0x99,0x99,0xA0,0x69,0x66,0x66,0x66,0x66,0x66,0x69,0x66,
	0x6A,0x00,0x46,0x66,0x96,0x66,0x69,0x99,0x99,0x99,0x99,0x96,0x66,0x99,0x96,0x69,0x99,0x99,0x99,0x96,0x69,0x69,0x99,0x99,
	0x96,0x96,0x99,0x99,0x99,0x99,0x99,0x99,0x99,0x99,0x66,0x66,0x40,0x66,0x66,0x69,0x99,0x69,0x66,0x66,0x66,0x69,0x66,0x69,
	0x99,0x99,0x66,0x66,0x66,0x99,0x66,0x66,0x66,0x69,0x96,0x66,0x66,0x8A,0x04,0x88,0x00,0x00,0x8A,0x08,0x80,0xA6,0x66,0x60,
	0x00,0xCA,0x66,0x66,0x66,0x69,0x66,0x69,0x99,0x96,0x66,0x66,0x66,0x66,0xA0,0xA0,0xAA,0x46,0x99,0x96,0x66,0x69,0x66,0x69,
	0x96,0x96,0x66,0x66,0x66,0x66,0x66,0x66,0x66,0xA8,0x00,0x00,0x00,0x00,0x00,0x00,0x06,0x69,0x99,0x99,0x99,0x99,0x99,0x99,
	0x96,0x66,0x00,0x00,0x00,0x00,0x00,0x08,0x06,0x69,0x33,0x99,0x99,0x99,0x99,0x99,0x99,0x99,0x99,0x99,0x99,0x99,0x99,0x99,
	0x99,0x99,0x39,0x99,0x99,0x99,0x99,0x96,0x99,0x99,0x99,0x99,0x99,0x99,0x99,0x99,0x99,0x99,0x99,0x66,0x66,0x99,0x69,0x99,
	0x99,0x99,0x99,0x99,0x99,0x99,0x96,0x00,0x00,0x00,0x00,0xFF,0x99,0x99,0x99,0x99,0x99,0x99,0x99,0x99,0x99,0x99,0x99,0x99,
	0x99,0x99,0x99,0x99,0x99,0x99,0x99,0x99,0x99,0x99,0x99,0x99,0x99,0x99,0x99,0x99,0x99,0x99,0x99,0x00,0x00,0x00,0x00,0x00,
	0x00,0x00,0x09,0x99,0x99,0x99,0x99,0x99,0x99,0x99,0x99,0x99,0x99,0x99,0x99,0x99,0x99,0x99,0x99,0x99,0x99,0x99,0x99,0x99,
	0x99,0x99,0x93,0x99,0x39,0x99,0x99,0x99,0x99,0x39,0x93,0x39,0x93,0x99,0x99,0x99,0x99,0x99,0x99,0x99,0x99,0x99,0x39,0x99,
	0x99,0x99,0x99,0x99,0x99,0x99,0x99,0x99,0x99,0x99,0x99,0x99,0x99,0x99,0x99,0x69,0x99,0x39,0x99,0x99,0x99,0x99,0x99,0x99,
	0x99,0x99,0x99,0x99,0x99,0x99,0x99,0x99,0x99,0x99,0x69,0x69,0x99,0x99,0x99,0x99,0x99,0x69,0x99,0x90,0x00,0xFF,0x99,0x99,
	0x99,0x99,0x99,0x99,0x96,0x66,0x66,0x99,0x99,0x99,0x99,0x99,0x69,0x96,0x96,0x66,0x69,0x99,0x96,0x96,0x99,0x96,0x99,0x69,
	0x99,0x99,0x99,0x99,0x99,0x96,0x66,0x96,0x99,0x96,0x69,0x69,0x69,0x99,0x99,0x99,0x99,0x69,0x99,0x99,0x99,0x98,0x06,0x99,
	0x69,0x96,0x99,0x66,0x66,0x99,0x66,0x96,0x00,0x06,0x96,0x69,0x69,0x99,0x99,0x99,0x99,0x99,0x96,0x99,0x99,0x99,0x96,0x96,
	0x99,0x96,0x66,0x96,0x99,0x99,0x66,0x66,0x99,0x99,0x99,0x99,0x99,0x99,0x99,0x99,0x66,0x68,0x06,0x96,0x66,0x66,0x99,0x99,
	0x96,0x66,0x66,0x99,0x69,0x99,0x96,0x96,0x99,0x96,0x69,0x99,0x66,0x66,0x66,0x69,0x96,0x66,0x64,0xA0,0x8A,0x40,0x08,0x88,
	0x80,0xA8,0xA0,0x66,0x66,0x60,0x00,0xCA,0x66,0x96,0x66,0x69,0x96,0x66,0x99,0x99,0x66,0x66,0x66,0x66,0x66,0x66,0x66,0x96,
	0x99,0x99,0x96,0x66,0x69,0x96,0x99,0x66,0x66,0x66,0x66,0x66,0x66,0x66,0x66,0x60,0x00,0x00,0x00,0x00,0x00,0x00,0x00,0xA6,
	0x99,0x99,0x99,0x39,0x99,0x96,0x64,0x68,0x00,0x00,0x00,0x00,0x00,0x00,0xA0,0x69,0x39,0x39,0x99,0x99,0x99,0x99,0x99,0x99,
	0x99,0x99,0x99,0x99,0x99,0x99,0x99,0x99,0x99,0x99,0x99,0x99,0x99,0x96,0x99,0x99,0x99,0x99,0x99,0x99,0x99,0x99,0x99,0x99,
	0x99,0x99,0x66,0x99,0x99,0x99,0x99,0x99,0x99,0x99,0x99,0x99,0x96,0x00,0x00,0x00,0x00,0xFF,0x99,0x99,0x99,0x99,0x99,0x99,
	0x99,0x99,0x99,0x99,0x99,0x99,0x99,0x99,0x99,0x99,0x99,0x99,0x99,0x99,0x99,0x99,0x99,0x99,0x99,0x99,0x99,0x99,0x69,0x99,
	0x99,0x9A,0x00,0x00,0x00,0x00,0x00,0x00,0x99,0x99,0x99,0x99,0x99,0x99,0x99,0x99,0x99,0x99,0x99,0x99,0x99,0x99,0x99,0x99,
	0x99,0x99,0x99,0x99,0x99,0x99,0x99,0x99,0x69,0x33,0x39,0x99,0x99,0x99,0x99,0x93,0x99,0x39,0x99,0x39,0x99,0x99,0x99,0x99,
	0x99,0x99,0x99,0x99,0x99,0x99,0x99,0x33,0x99,0x99,0x99,0x99,0x99,0x99,0x99,0x99,0x99,0x99,0x93,0x99,0x99,0x99,0x96,0x99,
	0x99,0x99,0x99,0x99,0x99,0x99,0x99,0x99,0x99,0x99,0x99,0x99,0x99,0x99,0x99,0x99,0x69,0x69,0x99,0x66,0x69,0x99,0x99,0x69,
	0x99,0x90,0x00,0xFF,0x99,0x99,0x99,0x99,0x99,0x99,0x96,0x69,0x66,0x99,0x99,0x99,0x99,0x99,0x69,0x96,0x96,0x99,0x69,0x99,
	0x96,0x99,0x99,0x96,0x66,0x66,0x99,0x99,0x99,0x99,0x99,0x96,0x66,0x99,0x99,0x96,0x99,0x66,0x66,0x66,0x69,0x99,0x96,0x69,
	0x99,0x69,0x99,0x96,0x40,0x46,0x96,0x69,0x99,0x99,0x66,0x99,0x96,0x96,0x66,0x40,0x0A,0x69,0x69,0x99,0x99,0x99,0x99,0x99,
	0x99,0x99,0x99,0x99,0x96,0x96,0x96,0x96,0x66,0x99,0x99,0x99,0x66,0x69,0x99,0x99,0x99,0x99,0x99,0x99,0x99,0x99,0x99,0x00,
	0x69,0x96,0x66,0x96,0x69,0x99,0x96,0x66,0x66,0x99,0x66,0x99,0x99,0x66,0x69,0x96,0x66,0x69,0x66,0x66,0x66,0x69,0x66,0x66,
	0x66,0x40,0xAA,0x00,0xA0,0x4A,0xAA,0x0A,0x04,0x66,0x66,0x60,0x00,0xCA,0x96,0x99,0x66,0x69,0x99,0x66,0x99,0x96,0x96,0x66,
	0x66,0x66,0x69,0x99,0x66,0x66,0x99,0x69,0x96,0x66,0x96,0x96,0x69,0x66,0x66,0x66,0x66,0x66,0x66,0x66,0x66,0x6A,0x00,0x00,
	0x00,0x00,0x00,0x00,0x00,0x00,0xA6,0x99,0x99,0x99,0x99,0x69,0x6A,0x00,0x00,0x00,0x00,0x00,0x00,0x00,0x06,0x69,0x39,0x39,
	0x99,0x99,0x99,0x99,0x99,0x99,0x99,0x99,0x99,0x99,0x99,0x99,0x99,0x99,0x93,0x99,0x99,0x99,0x99,0x99,0x99,0x99,0x99,0x99,
	0x99,0x99,0x99,0x99,0x99,0x99,0x69,0x99,0x99,0x99,0x99,0x99,0x99,0x99,0x99,0x99,0x99,0x99,0x96,0x00,0x00,0x00,0x00,0xFF,
	0x99,0x99,0x99,0x99,0x99,0x99,0x99,0x99,0x99,0x99,0x99,0x99,0x99,0x99,0x99,0x99,0x99,0x99,0x99,0x99,0x99,0x99,0x99,0x99,
	0x99,0x99,0x99,0x99,0x99,0x99,0x99,0x99,0x9A,0x00,0x00,0x00,0x0A,0x99,0x99,0x99,0x99,0x99,0x99,0x99,0x99,0x99,0x99,0x33,
	0x99,0x99,0x99,0x99,0x99,0x99,0x99,0x99,0x99,0x99,0x99,0x99,0x99,0x99,0x99,0x93,0x39,0x99,0x99,0x99,0x99,0x99,0x39,0x93,
	0x99,0x99,0x39,0x99,0x99,0x99,0x99,0x99,0x99,0x99,0x99,0x99,0x99,0x99,0x99,0x99,0x99,0x99,0x99,0x99,0x99,0x99,0x99,0x99,
	0x99,0x99,0x39,0x99,0x99,0x99,0x99,0x99,0x99,0x99,0x99,0x99,0x99,0x99,0x99,0x99,0x99,0x99,0x99,0x99,0x99,0x69,0x69,0x66,
	0x99,0x66,0x66,0x66,0x69,0x96,0x66,0x60,0x00,0xFF,0x99,0x69,0x99,0x99,0x99,0x99,0x66,0x66,0x69,0x99,0x99,0x99,0x99,0x99,
	0x96,0x96,0x99,0x66,0x99,0x69,0x66,0x99,0x99,0x96,0x99,0x66,0x99,0x99,0x99,0x99,0x99,0x99,0x66,0x99,0x99,0x96,0x99,0x99,
	0x96,0x66,0x69,0x99,0x96,0x96,0x99,0x99,0x99,0x99,0x69,0x80,0x69,0x96,0x66,0x99,0x96,0x66,0x66,0x69,0x69,0x66,0x96,0x00,
	0x0A,0x66,0x99,0x99,0x99,0x99,0x99,0x99,0x99,0x99,0x96,0x96,0x96,0x69,0x96,0x69,0x99,0x99,0x66,0x69,0x99,0x99,0x99,0x99,
	0x99,0x96,0x99,0x99,0x00,0x69,0x69,0x96,0x66,0x69,0x69,0x99,0x99,0x69,0x99,0x99,0x66,0x66,0x99,0x99,0x66,0x69,0x66,0x66,
	0x99,0x66,0x96,0x99,0x66,0x66,0x66,0x64,0x88,0x8A,0xAA,0x0A,0xA8,0x4A,0x46,0x66,0x66,0x60,0x00,0xCA,0x99,0x66,0x66,0x99,
	0x99,0x66,0x66,0x69,0x66,0x66,0x96,0x66,0x66,0x99,0x96,0x66,0x66,0x66,0x66,0x66,0x69,0x96,0x69,0x96,0x66,0x66,0x66,0x66,
	0x66,0x66,0x66,0x6A,0xA0,0x00,0x00,0x00,0x00,0x00,0x00,0x00,0x00,0xA0,0x48,0x66,0x68,0x00,0x00,0x00,0x00,0x00,0x00,0x00,
	0x00,0x08,0x06,0x69,0x39,0x99,0x99,0x99,0x99,0x99,0x99,0x99,0x99,0x99,0x99,0x99,0x99,0x99,0x99,0x99,0x93,0x99,0x99,0x99,
	0x99,0x99,0x99,0x99,0x99,0x99,0x99,0x99,0x99,0x99,0x99,0x99,0x69,0x99,0x99,0x99,0x99,0x99,0x99,0x99,0x99,0x99,0x99,0x99,
	0x96,0x00,0x00,0x00,0x00,0xFF,0x99,0x99,0x99,0x99,0x99,0x99,0x99,0x99,0x99,0x99,0x99,0x99,0x99,0x99,0x99,0x99,0x99,0x99,
	0x99,0x99,0x99,0x99,0x99,0x99,0x99,0x99,0x99,0x99,0x99,0x99,0x69,0x99,0x99,0x99,0x66,0x66,0x99,0x99,0x99,0x99,0x99,0x99,
	0x99,0x99,0x99,0x99,0x99,0x93,0x99,0x99,0x99,0x99,0x99,0x99,0x99,0x99,0x99,0x99,0x99,0x99,0x99,0x99,0x93,0x39,0x33,0x33,
	0x39,0x39,0x99,0x99,0x96,0x66,0x99,0x33,0x93,0x99,0x99,0x99,0x93,0x99,0x99,0x93,0x93,0x99,0x99,0x99,0x99,0x99,0x99,0x99,
	0x99,0x99,0x99,0x99,0x99,0x99,0x99,0x99,0x93,0x99,0x39,0x99,0x99,0x99,0x99,0x99,0x99,0x99,0x99,0x99,0x99,0x99,0x99,0x99,
	0x99,0x96,0x96,0x63,0x66,0x96,0x69,0x69,0x99,0x99,0x96,0x69,0x99,0x90,0x00,0xFF,0x96,0x96,0x96,0x99,0x99,0x99,0x66,0x66,
	0x69,0x99,0x99,0x99,0x99,0x99,0x96,0x99,0x99,0x99,0x99,0x99,0x66,0x99,0x69,0x99,0x69,0x96,0x96,0x99,0x99,0x99,0x99,0x99,
	0x96,0x69,0x69,0x99,0x99,0x99,0x96,0x66,0x99,0x99,0x96,0x39,0x99,0x99,0x99,0x69,0x96,0x96,0x00,0x69,0x66,0x99,0x96,0x66,
	0x66,0x66,0x69,0x66,0x99,0x69,0x6A,0x00,0x08,0x66,0x66,0x99,0x99,0x99,0x99,0x99,0x99,0x99,0x69,0x99,0x69,0x66,0x99,0x96,
	0x66,0x69,0x99,0x64,0x86,0x99,0x69,0x69,0x99,0x40,0xA6,0x66,0x99,0x99,0x69,0x69,0x96,0x99,0x99,0x96,0x96,0x66,0x66,0x66,
	0x99,0x69,0x66,0x69,0x66,0x66,0x69,0x66,0x96,0x66,0x66,0x66,0x66,0x66,0x88,0xA8,0xA8,0x8A,0x08,0x06,0x46,0x66,0x66,0x60,
	0x00,0xCA,0x69,0x96,0x66,0x69,0x66,0x66,0x99,0x96,0x66,0x66,0x66,0x66,0x66,0x69,0x96,0x69,0x66,0x66,0x66,0x66,0x69,0x96,
	0x99,0x99,0x66,0x66,0x66,0x66,0x66,0x66,0x66,0x68,0x80,0x00,0x00,0x00,0x00,0x00,0x00,0x00,0x00,0x00,0x00,0x00,0x00,0x00,
	0x00,0x00,0x00,0x00,0x00,0x00,0x00,0x00,0x09,0x66,0x99,0x39,0x99,0x99,0x99,0x99,0x99,0x99,0x99,0x99,0x99,0x99,0x99,0x99,
	0x99,0x99,0x93,0x99,0x99,0x99,0x99,0x69,0x99,0x99,0x99,0x99,0x99,0x99,0x99,0x99,0x99,0x99,0x99,0x99,0x99,0x99,0x99,0x99,
	0x99,0x99,0x99,0x99,0x99,0x99,0x96,0x00,0x00,0x00,0x00,0xFF,0x99,0x99,0x99,0x99,0x99,0x99,0x99,0x99,0x99,0x99,0x99,0x99,
	0x99,0x99,0x99,0x99,0x99,0x99,0x99,0x99,0x99,0x99,0x99,0x99,0x99,0x99,0x99,0x99,0x99,0x96,0x66,0x93,0x99,0x99,0x99,0x99,
	0x99,0x99,0x99,0x99,0x99,0x99,0x99,0x99,0x99,0x99,0x99,0x93,0x39,0x99,0x99,0x99,0x99,0x99,0x99,0x99,0x99,0x99,0x99,0x99,
	0x99,0x99,0x93,0x99,0x93,0x39,0x33,0x39,0x99,0x99,0x99,0x96,0x66,0x69,0x99,0x99,0x39,0x99,0x99,0x99,0x99,0x99,0x93,0x99,
	0x99,0x99,0x99,0x99,0x99,0x99,0x99,0x99,0x99,0x99,0x99,0x99,0x99,0x99,0x99,0x99,0x99,0x99,0x99,0x99,0x99,0x99,0x99,0x99,
	0x99,0x99,0x99,0x99,0x99,0x99,0x69,0x99,0x99,0x69,0x96,0x99,0x69,0x99,0x99,0x99,0x99,0x99,0x99,0x90,0x00,0xFF,0x99,0x96,
	0x96,0x66,0x99,0x99,0x96,0x66,0x69,0x99,0x99,0x99,0x99,0x99,0x99,0x69,0x96,0x66,0x66,0x99,0x66,0x66,0x99,0x66,0x99,0x69,
	0x69,0x99,0x99,0x99,0x99,0x99,0x99,0x69,0x69,0x96,0x99,0x69,0x66,0x96,0x66,0x96,0x66,0x99,0x99,0x99,0x99,0x99,0x99,0x99,
	0x94,0x08,0x66,0x99,0x99,0x66,0x66,0x66,0x69,0x69,0x99,0x66,0x96,0x99,0x6A,0x00,0x0A,0x66,0x69,0x99,0x99,0x99,0x99,0x66,
	0x66,0x66,0x66,0x99,0x96,0x96,0x66,0x64,0x00,0x00,0x00,0x99,0x69,0x99,0x98,0x06,0x96,0x96,0x99,0x99,0x99,0x99,0x96,0x99,
	0x69,0x99,0x99,0x96,0x66,0x66,0x99,0x99,0x96,0x69,0x66,0x66,0x69,0x96,0x66,0x69,0x96,0x66,0x66,0x66,0x64,0xA0,0x8A,0xA8,
	0xA8,0x84,0x66,0x66,0x66,0x60,0x00,0xCA,0x66,0x66,0x66,0x69,0x66,0x66,0x99,0x99,0x66,0x66,0x66,0x66,0x66,0x66,0x69,0x99,
	0x66,0x66,0x66,0x66,0x66,0x96,0x99,0x99,0x96,0x66,0x66,0x66,0x66,0x66,0x66,0x66,0x00,0x00,0x00,0x00,0x00,0x00,0x00,0x00,
	0x00,0x00,0x00,0x00,0x00,0x00,0x00,0x00,0x00,0x00,0x00,0x00,0x00,0x00,0x46,0x66,0x99,0x99,0x99,0x99,0x99,0x99,0x99,0x99,
	0x99,0x99,0x99,0x99,0x99,0x99,0x99,0x99,0x93,0x99,0x99,0x93,0x99,0x99,0x99,0x99,0x99,0x99,0x99,0x99,0x99,0x99,0x99,0x99,
	0x99,0x93,0x99,0x99,0x99,0x99,0x99,0x99,0x99,0x99,0x99,0x99,0x96,0x00,0x00,0x00,0x00,0xFF,0x99,0x99,0x99,0x99,0x99,0x99,
	0x99,0x99,0x99,0x96,0x69,0x99,0x69,0x99,0x99,0x99,0x99,0x99,0x99,0x99,0x99,0x99,0x99,0x99,0x99,0x99,0x99,0x99,0x99,0x99,
	0x99,0x69,0x39,0x99,0x99,0x99,0x99,0x99,0x99,0x99,0x99,0x99,0x99,0x99,0x69,0x39,0x99,0x93,0x39,0x99,0x99,0x99,0x99,0x39,
	0x99,0x99,0x99,0x99,0x99,0x99,0x99,0x99,0x33,0x39,0x63,0x33,0x93,0x93,0x93,0x99,0x39,0x99,0x99,0x69,0x99,0x99,0x99,0x99,
	0x99,0x99,0x99,0x93,0x93,0x93,0x33,0x99,0x99,0x99,0x99,0x99,0x99,0x99,0x99,0x99,0x99,0x99,0x99,0x99,0x99,0x39,0x99,0x99,
	0x99,0x99,0x99,0x99,0x99,0x99,0x99,0x99,0x99,0x99,0x99,0x99,0x69,0x99,0x99,0x66,0x69,0x99,0x63,0x96,0x99,0x99,0x99,0x99,
	0x99,0x90,0x00,0xFF,0x69,0x99,0x96,0x96,0x99,0x99,0x99,0x66,0x69,0x99,0x99,0x99,0x99,0x99,0x99,0x96,0x99,0x99,0x99,0x99,
	0x99,0x99,0x69,0x96,0x66,0x99,0x69,0x99,0x99,0x99,0x99,0x99,0x99,0x99,0x99,0x99,0x99,0x66,0x66,0x99,0x99,0x96,0x69,0x96,
	0x99,0x99,0x99,0x99,0x69,0x69,0x99,0x96,0x80,0x86,0x99,0x99,0x96,0x96,0x96,0x66,0x99,0x66,0x69,0x99,0x99,0x99,0x96,0xAA,
	0x80,0x00,0x00,0x8A,0x46,0x66,0x66,0x66,0x64,0xAA,0x00,0x00,0x00,0x00,0x00,0x8A,0x69,0x99,0x66,0x60,0x04,0x66,0x66,0x66,
	0x66,0x69,0x66,0x96,0x96,0x69,0x96,0x99,0x99,0x99,0x66,0x69,0x96,0x99,0x66,0x66,0x96,0x66,0x69,0x96,0x69,0x96,0x69,0x96,
	0x66,0x66,0x66,0x4A,0x80,0xA8,0x44,0x46,0x66,0x66,0x66,0x90,0x00,0xCA,0x66,0x66,0x66,0x99,0x96,0x66,0x99,0x99,0x99,0x96,
	0x66,0x66,0x66,0x66,0x69,0x99,0x66,0x66,0x69,0x66,0x69,0x96,0x99,0x99,0x66,0x66,0x66,0x66,0x66,0x66,0x66,0x66,0x08,0x00,
	0x00,0x00,0x00,0x00,0x00,0x00,0x00,0x00,0x00,0x00,0x00,0x00,0x00,0x00,0x00,0x00,0x00,0x00,0x00,0x00,0x66,0x69,0x99,0x93,
	0x99,0x99,0x99,0x99,0x99,0x99,0x99,0x99,0x99,0x99,0x99,0x99,0x99,0x99,0x93,0x99,0x99,0x93,0x99,0x93,0x99,0x99,0x99,0x99,
	0x99,0x99,0x99,0x99,0x99,0x99,0x99,0x99,0x99,0x99,0x99,0x93,0x99,0x99,0x99,0x99,0x99,0x99,0x96,0x00,0x00,0x00,0x00,0xFF,
	0x99,0x99,0x99,0x99,0x99,0x99,0x99,0x99,0x99,0x99,0x99,0x99,0x69,0x99,0x99,0x99,0x99,0x99,0x99,0x99,0x99,0x99,0x99,0x99,
	0x99,0x99,0x99,0x99,0x99,0x99,0x99,0x99,0x99,0x99,0x99,0x99,0x99,0x99,0x99,0x99,0x99,0x99,0x99,0x99,0x69,0x99,0x69,0x99,
	0x99,0x99,0x99,0x99,0x99,0x99,0x99,0x99,0x99,0x99,0x99,0x99,0x99,0x99,0x63,0x39,0x93,0x93,0x33,0x39,0x99,0x93,0x33,0x39,
	0x93,0x96,0x99,0x99,0x93,0x99,0x93,0x99,0x99,0x99,0x99,0x99,0x39,0x99,0x99,0x99,0x99,0x99,0x99,0x99,0x99,0x99,0x99,0x99,
	0x99,0x99,0x99,0x93,0x99,0x99,0x99,0x99,0x99,0x99,0x99,0x99,0x99,0x99,0x99,0x99,0x99,0x99,0x99,0x99,0x99,0x96,0x69,0x99,
	0x66,0x36,0x99,0x99,0x99,0x99,0x99,0x90,0x00,0xFF,0x99,0x99,0x99,0x99,0x99,0x96,0x99,0x96,0x66,0x99,0x99,0x99,0x99,0x99,
	0x99,0x99,0x69,0x99,0x99,0x99,0x99,0x99,0x99,0x96,0x66,0x99,0x69,0x99,0x99,0x99,0x99,0x99,0x96,0x99,0x99,0x99,0x99,0x99,
	0x66,0x96,0x96,0x66,0x66,0x99,0x99,0x96,0x69,0x99,0x69,0x66,0x96,0x99,0x69,0x80,0x06,0x99,0x99,0x96,0x96,0x96,0x99,0x96,
	0x66,0x66,0x66,0x99,0x66,0x99,0x96,0x66,0x44,0xA8,0x00,0x00,0x00,0x00,0x08,0x00,0x08,0x8A,0xA4,0x66,0x99,0x99,0x96,0x99,
	0x60,0x04,0x99,0x96,0x66,0x99,0x66,0x69,0x66,0x96,0x66,0x66,0x99,0x99,0x99,0x99,0x96,0x69,0x99,0x69,0x66,0x69,0x96,0x66,
	0x69,0x96,0x96,0x66,0x66,0x66,0x66,0x66,0x66,0x64,0x66,0x46,0x46,0x66,0x66,0x66,0x66,0x60,0x00,0xCA,0x66,0x96,0x66,0x69,
	0x66,0x66,0x99,0x99,0x99,0x96,0x66,0x66,0x66,0x69,0x69,0x99,0x96,0x66,0x69,0x96,0x69,0x66,0x99,0x99,0x66,0x66,0x66,0x66,
	0x66,0x66,0x66,0x66,0xA0,0x00,0x00,0x00,0x00,0x00,0x00,0x00,0x00,0x00,0x00,0x00,0x00,0x00,0x00,0x00,0x00,0x00,0x00,0x00,
	0x00,0x04,0x86,0x66,0x99,0x93,0x99,0x99,0x99,0x99,0x99,0x99,0x99,0x99,0x99,0x99,0x99,0x99,0x99,0x99,0x99,0x99,0x99,0x93,
	0x99,0x93,0x99,0x99,0x99,0x99,0x99,0x99,0x99,0x99,0x99,0x99,0x96,0x99,0x99,0x99,0x69,0x93,0x39,0x99,0x99,0x99,0x99,0x99,
	0x96,0x00,0x00,0x00,0x00,0xFF,0x99,0x99,0x99,0x99,0x96,0x99,0x99,0x99,0x96,0x99,0x99,0x99,0x96,0x99,0x99,0x99,0x99,0x99,
	0x99,0x99,0x99,0x99,0x99,0x99,0x99,0x99,0x99,0x96,0x69,0x99,0x99,0x66,0x99,0x99,0x99,0x99,0x99,0x99,0x99,0x99,0x99,0x99,
	0x99,0x99,0x69,0x69,0x99,0x99,0x63,0x99,0x99,0x99,0x99,0x99,0x99,0x99,0x99,0x93,0x99,0x99,0x96,0x99,0x66,0x69,0x39,0x99,
	0x93,0x93,0x93,0x39,0x33,0x93,0x99,0x93,0x33,0x93,0x99,0x99,0x99,0x99,0x99,0x99,0x39,0x99,0x39,0x99,0x99,0x99,0x99,0x99,
	0x99,0x99,0x99,0x99,0x99,0x99,0x99,0x99,0x93,0x93,0x99,0x99,0x99,0x99,0x99,0x99,0x99,0x99,0x99,0x99,0x99,0x99,0x99,0x99,
	0x66,0x99,0x99,0x99,0x96,0x99,0x36,0x99,0x99,0x99,0x99,0x99,0x99,0x90,0x00,0xFF,0x99,0x99,0x99,0x99,0x99,0x66,0x69,0x96,
	0x66,0x69,0x99,0x99,0x99,0x99,0x99,0x99,0x99,0x99,0x99,0x99,0x99,0x69,0x99,0x99,0x66,0x99,0x99,0x99,0x99,0x99,0x99,0x99,
	0x69,0x99,0x99,0x69,0x99,0x66,0x66,0x66,0x66,0x66,0x66,0x99,0x99,0x99,0x66,0x99,0x99,0x96,0x99,0x69,0x99,0x96,0x9A,0x00,
	0x86,0x66,0x96,0x96,0x99,0x99,0x96,0x66,0x66,0x66,0x66,0x66,0x99,0x69,0x69,0x99,0x99,0x69,0x69,0x69,0x99,0x99,0x99,0x99,
	0x66,0x66,0x66,0x69,0x96,0xA0,0x06,0x69,0x69,0x66,0x66,0x66,0x66,0x93,0x69,0x99,0x66,0x96,0x69,0x99,0x99,0x96,0x66,0x69,
	0x99,0x66,0x66,0x66,0x99,0x66,0x66,0x96,0x69,0x66,0x66,0x66,0x66,0x66,0x66,0x66,0x66,0x66,0x66,0x66,0x66,0x69,0x69,0x90,
	0x00,0xCA,0x96,0x99,0x96,0x69,0x96,0x66,0x99,0x99,0x99,0x36,0x69,0x66,0x66,0x66,0x99,0x99,0x96,0x66,0x69,0x66,0x66,0x69,
	0x99,0x99,0x66,0x66,0x66,0x66,0x66,0x66,0x66,0x66,0x64,0x00,0x00,0x00,0x00,0x00,0x00,0x00,0x00,0x00,0x00,0x00,0x00,0x00,
	0x00,0x00,0x00,0x00,0x00,0x00,0x00,0x00,0x86,0x66,0x99,0x93,0x99,0x99,0x99,0x99,0x99,0x99,0x99,0x99,0x99,0x99,0x99,0x99,
	0x99,0x99,0x99,0x99,0x99,0x99,0x99,0x99,0x99,0x99,0x99,0x99,0x99,0x99,0x99,0x99,0x93,0x99,0x96,0x99,0x99,0x99,0x99,0x69,
	0x39,0x99,0x99,0x99,0x99,0x99,0x96,0x00,0x00,0x00,0x00,0xFF,0x99,0x99,0x99,0x99,0x99,0x99,0x99,0x99,0x99,0x99,0x99,0x99,
	0x99,0x99,0x99,0x99,0x99,0x99,0x99,0x99,0x99,0x99,0x99,0x99,0x99,0x99,0x99,0x99,0x69,0x99,0x99,0x99,0x69,0x99,0x99,0x99,
	0x99,0x99,0x99,0x99,0x99,0x99,0x99,0x99,0x69,0x96,0x93,0x99,0x63,0x39,0x99,0x99,0x99,0x99,0x99,0x99,0x99,0x99,0x99,0x96,
	0x99,0x99,0x99,0x66,0x99,0x99,0x99,0x33,0x93,0x33,0x93,0x39,0x39,0x99,0x99,0x93,0x99,0x99,0x99,0x99,0x99,0x99,0x93,0x66,
	0x99,0x93,0x99,0x99,0x99,0x99,0x99,0x99,0x99,0x99,0x99,0x99,0x99,0x99,0x93,0x93,0x99,0x99,0x99,0x93,0x99,0x99,0x99,0x99,
	0x99,0x99,0x99,0x99,0x99,0x99,0x96,0x99,0x69,0x96,0x66,0x69,0x96,0x99,0x96,0x99,0x99,0x96,0x99,0x90,0x00,0xFF,0x99,0x99,
	0x99,0x99,0x99,0x66,0x66,0x69,0x66,0x66,0x99,0x99,0x99,0x99,0x99,0x99,0x99,0x99,0x99,0x99,0x99,0x99,0x99,0x69,0x96,0x96,
	0x69,0x99,0x99,0x99,0x99,0x99,0x99,0x99,0x99,0x99,0x99,0x96,0x69,0x99,0x69,0x99,0x69,0x99,0x99,0x99,0x66,0x99,0x96,0x96,
	0x69,0x66,0x69,0x69,0x99,0x66,0x80,0x08,0x66,0x99,0x99,0x99,0x93,0x66,0x66,0x99,0x96,0x96,0x66,0x66,0x69,0x99,0x99,0x69,
	0x69,0x66,0x69,0x99,0x99,0x99,0x99,0x96,0x66,0x64,0x00,0x06,0x99,0x99,0x96,0x66,0x96,0x66,0x66,0x69,0x99,0x99,0x96,0x99,
	0x69,0x99,0x99,0x99,0x99,0x96,0x96,0x69,0x66,0x66,0x66,0x66,0x66,0x99,0x66,0x69,0x96,0x66,0x66,0x99,0x66,0x66,0x66,0x66,
	0x66,0x66,0x99,0x99,0x66,0x60,0x00,0xCA,0x69,0x99,0x99,0x69,0x96,0x96,0x69,0x69,0x99,0x96,0x99,0x99,0x66,0x66,0x69,0x99,
	0x96,0x66,0x66,0x96,0x96,0x69,0x69,0x99,0x66,0x66,0x66,0x66,0x66,0x66,0x66,0x66,0x66,0x40,0x00,0x00,0x00,0x00,0x00,0x00,
	0x00,0x00,0x00,0x00,0x00,0x00,0x00,0x00,0x00,0x00,0x00,0x00,0x00,0x0A,0x04,0x66,0x96,0x93,0x39,0x99,0x99,0x99,0x99,0x99,
	0x99,0x99,0x99,0x99,0x99,0x99,0x99,0x99,0x99,0x99,0x99,0x99,0x99,0x99,0x99,0x99,0x99,0x99,0x99,0x99,0x99,0x99,0x93,0x99,
	0x96,0x69,0x99,0x99,0x99,0x96,0x99,0x99,0x99,0x99,0x99,0x99,0x96,0x00,0x00,0x00,0x00,0xFF,0x99,0x99,0x99,0x99,0x99,0x99,
	0x99,0x99,0x99,0x99,0x99,0x99,0x99,0x99,0x99,0x99,0x99,0x99,0x99,0x99,0x99,0x99,0x99,0x99,0x99,0x99,0x99,0x99,0x99,0x99,
	0x99,0x99,0x69,0x99,0x99,0x99,0x99,0x99,0x99,0x99,0x99,0x93,0x99,0x99,0x99,0x39,0x99,0x99,0x96,0x99,0x99,0x99,0x99,0x99,
	0x99,0x99,0x99,0x99,0x99,0x39,0x99,0x93,0x99,0x99,0x66,0x99,0x33,0x93,0x99,0x93,0x99,0x33,0x93,0x99,0x99,0x99,0x39,0x99,
	0x99,0x39,0x99,0x99,0x99,0x99,0x99,0x39,0x99,0x99,0x99,0x99,0x99,0x99,0x99,0x99,0x99,0x99,0x99,0x99,0x99,0x63,0x39,0x99,
	0x99,0x99,0x99,0x99,0x99,0x99,0x99,0x99,0x99,0x99,0x99,0x96,0x99,0x99,0x69,0x99,0x99,0x66,0x66,0x99,0x96,0x99,0x99,0x99,
	0x99,0x90,0x00,0xFF,0x99,0x99,0x99,0x99,0x96,0x66,0x66,0x69,0x96,0x96,0x69,0x99,0x99,0x69,0x99,0x96,0x66,0x99,0x69,0x99,
	0x99,0x69,0x99,0x69,0x96,0x99,0x69,0x99,0x99,0x96,0x99,0x99,0x99,0x99,0x99,0x99,0x99,0x99,0x99,0x99,0x99,0x99,0x99,0x99,
	0x99,0x99,0x99,0x99,0x99,0x99,0x66,0x66,0x99,0x66,0x99,0x69,0x99,0x60,0x00,0x06,0x66,0x69,0x96,0x99,0x99,0x99,0x99,0x99,
	0x99,0x96,0x99,0x99,0x99,0x99,0x99,0x99,0x66,0x69,0x99,0x99,0x99,0x99,0x68,0x00,0x69,0x99,0x99,0x99,0x99,0x99,0x99,0x99,
	0x66,0x99,0x99,0x99,0x99,0x96,0x69,0x99,0x99,0x99,0x66,0x99,0x99,0x99,0x99,0x99,0x96,0x66,0x96,0x96,0x96,0x66,0x99,0x99,
	0x66,0x99,0x99,0x66,0x66,0x66,0x66,0x66,0x99,0x99,0x69,0x90,0x00,0xCA,0x66,0x96,0x66,0x66,0x66,0x96,0x69,0x69,0x99,0x96,
	0x69,0x96,0x66,0x69,0x66,0x69,0x96,0x66,0x66,0x66,0x66,0x69,0x66,0x69,0x66,0x66,0x66,0x66,0x66,0x66,0x66,0x69,0x66,0x60,
	0x00,0x00,0x00,0x00,0x00,0x00,0x00,0x00,0x00,0x00,0x00,0x00,0x00,0x00,0x00,0x00,0x00,0x00,0x80,0x80,0xA4,0x66,0x99,0x93,
	0x39,0x99,0x99,0x99,0x99,0x99,0x99,0x99,0x69,0x99,0x99,0x99,0x99,0x99,0x99,0x99,0x99,0x99,0x99,0x99,0x99,0x99,0x99,0x99,
	0x99,0x99,0x99,0x99,0x33,0x99,0x96,0x69,0x99,0x99,0x69,0x96,0x99,0x69,0x99,0x99,0x99,0x99,0x96,0x00,0x00,0x00,0x00,0xFF,
	0x99,0x99,0x99,0x99,0x99,0x99,0x99,0x99,0x99,0x99,0x99,0x99,0x99,0x99,0x99,0x99,0x99,0x99,0x99,0x99,0x99,0x99,0x99,0x99,
	0x99,0x99,0x99,0x99,0x39,0x99,0x99,0x93,0x99,0x39,0x99,0x99,0x99,0x99,0x99,0x99,0x99,0x99,0x99,0x99,0x96,0x99,0x99,0x99,
	0x99,0x99,0x99,0x99,0x99,0x99,0x93,0x99,0x99,0x99,0x99,0x99,0x99,0x96,0x99,0x93,0x36,0x63,0x33,0x39,0x99,0x39,0x39,0x33,
	0x39,0x39,0x99,0x99,0x33,0x99,0x99,0x99,0x99,0x99,0x99,0x93,0x99,0x33,0x99,0x99,0x99,0x99,0x99,0x99,0x99,0x99,0x99,0x99,
	0x93,0x99,0x93,0x99,0x39,0x99,0x99,0x99,0x99,0x93,0x99,0x99,0x99,0x99,0x99,0x99,0x99,0x99,0x99,0x69,0x66,0x99,0x99,0x96,
	0x99,0x66,0x99,0x99,0x99,0x99,0x99,0x90,0x00,0xFF,0x99,0x99,0x99,0x99,0x99,0x99,0x99,0x96,0x99,0x96,0x69,0x69,0x99,0x99,
	0x99,0x69,0x69,0x66,0x66,0x99,0x99,0x99,0x69,0x99,0x99,0x96,0x66,0x66,0x99,0x96,0x66,0x66,0x69,0x99,0x96,0x66,0x66,0x66,
	0x96,0x99,0x99,0x96,0x69,0x99,0x99,0x99,0x99,0x96,0x69,0x99,0x99,0x96,0x69,0x99,0x99,0x99,0x99,0x99,0x99,0x64,0x00,0x00,
	0xA6,0x66,0x66,0x96,0x99,0x99,0x99,0x99,0x99,0x99,0x99,0x99,0x99,0x99,0x99,0x66,0x99,0x94,0x00,0x00,0xA6,0x66,0x99,0x66,
	0x99,0x99,0x66,0x66,0x66,0x66,0x66,0x66,0x66,0x66,0x96,0x99,0x99,0x99,0x99,0x99,0x99,0x99,0x99,0x99,0x99,0x99,0x66,0x99,
	0x99,0x99,0x69,0x66,0x66,0x99,0x99,0x99,0x99,0x96,0x96,0x99,0x66,0x96,0x66,0x66,0x96,0x60,0x00,0xCA,0x66,0x66,0x66,0x66,
	0x66,0x66,0x66,0x66,0x66,0x66,0x66,0x66,0x66,0x69,0x66,0x66,0x66,0x66,0x66,0x66,0x96,0x69,0x96,0x66,0x66,0x66,0x66,0x66,
	0x66,0x66,0x66,0x66,0x66,0x64,0x40,0x00,0x00,0x00,0x00,0x00,0x00,0x00,0x00,0x00,0x00,0x00,0x00,0x00,0x00,0x00,0x00,0x08,
	0x08,0x8A,0x86,0x66,0x99,0x93,0x39,0x99,0x99,0x99,0x99,0x99,0x93,0x99,0x99,0x99,0x99,0x99,0x99,0x99,0x99,0x99,0x99,0x99,
	0x93,0x99,0x99,0x99,0x99,0x99,0x99,0x99,0x99,0x66,0x39,0x99,0x99,0x99,0x99,0x93,0x39,0x99,0x33,0x99,0x99,0x39,0x99,0x99,
	0x96,0x00,0x00,0x00,0x00,0xFF,0x99,0x99,0x99,0x99,0x99,0x99,0x99,0x99,0x99,0x99,0x99,0x99,0x99,0x99,0x99,0x99,0x99,0x99,
	0x99,0x99,0x99,0x99,0x99,0x99,0x99,0x99,0x99,0x99,0x99,0x99,0x99,0x39,0x39,0x66,0x39,0x99,0x39,0x99,0x99,0x99,0x99,0x99,
	0x99,0x99,0x96,0x99,0x99,0x96,0x99,0x99,0x99,0x99,0x99,0x99,0x99,0x99,0x99,0x99,0x99,0x33,0x39,0x39,0x99,0x99,0x33,0x99,
	0x33,0x39,0x99,0x96,0x93,0x39,0x33,0x39,0x93,0x99,0x99,0x99,0x39,0x99,0x99,0x99,0x99,0x99,0x99,0x99,0x99,0x99,0x99,0x33,
	0x99,0x99,0x99,0x99,0x99,0x99,0x93,0x99,0x99,0x39,0x39,0x99,0x99,0x93,0x99,0x99,0x99,0x99,0x99,0x99,0x99,0x99,0x99,0x69,
	0x99,0x69,0x96,0x69,0x99,0x66,0x96,0x66,0x99,0x96,0x69,0x99,0x69,0x90,0x00,0xFF,0x99,0x99,0x99,0x99,0x99,0x99,0x99,0x96,
	0x99,0x99,0x99,0x99,0x99,0x99,0x99,0x99,0x99,0x99,0x66,0x66,0x69,0x99,0x66,0x66,0x69,0x66,0x66,0x66,0x99,0x69,0x66,0x66,
	0x66,0x99,0x69,0x66,0x66,0x66,0x99,0x99,0x99,0x96,0x66,0x99,0x99,0x96,0x99,0x99,0x99,0x99,0x99,0x99,0x99,0x99,0x99,0x99,
	0x99,0x99,0x99,0x99,0x96,0x64,0x00,0x00,0x08,0x46,0x69,0x69,0x96,0x99,0x99,0x99,0x99,0x69,0x99,0x66,0x6A,0x88,0x00,0x00,
	0xA6,0x66,0x69,0x66,0x66,0x66,0x66,0x66,0x66,0x66,0x66,0x66,0x66,0x69,0x66,0x66,0x96,0x66,0x66,0x99,0x99,0x99,0x99,0x99,
	0x99,0x99,0x99,0x66,0x66,0x69,0x99,0x99,0x99,0x96,0x66,0x66,0x99,0x99,0x96,0x96,0x66,0x66,0x66,0x66,0x66,0x66,0x66,0x60,
	0x00,0xCA,0x66,0x66,0x66,0x66,0x66,0x66,0x66,0x66,0x66,0x66,0x66,0x66,0x66,0x66,0x66,0x69,0x66,0x66,0x66,0x66,0x96,0x69,
	0x96,0x66,0x99,0x69,0x66,0x66,0x66,0x66,0x66,0x66,0x66,0x66,0x60,0x00,0x00,0x00,0x00,0x00,0x00,0x00,0x00,0x00,0x00,0x00,
	0x00,0x00,0x00,0x00,0x00,0x0A,0xA8,0x08,0x66,0x66,0x36,0x93,0x39,0x99,0x99,0x99,0x99,0x99,0x39,0x99,0x99,0x99,0x99,0x99,
	0x99,0x99,0x99,0x99,0x99,0x99,0x99,0x39,0x99,0x99,0x99,0x99,0x99,0x99,0x99,0x99,0x99,0x93,0x99,0x99,0x93,0x99,0x99,0x99,
	0x33,0x99,0x99,0x33,0x39,0x99,0x96,0x00,0x00,0x00,0x00,0xFF,0x99,0x99,0x99,0x99,0x99,0x99,0x99,0x99,0x99,0x96,0x99,0x99,
	0x99,0x99,0x99,0x99,0x99,0x99,0x99,0x99,0x99,0x99,0x99,0x99,0x99,0x99,0x99,0x99,0x99,0x99,0x99,0x99,0x39,0x99,0x99,0x99,
	0x99,0x99,0x99,0x99,0x93,0x33,0x33,0x39,0x39,0x39,0x99,0x99,0x99,0x99,0x99,0x99,0x99,0x99,0x99,0x39,0x99,0x99,0x99,0x99,
	0x93,0x39,0x99,0x99,0x93,0x33,0x33,0x99,0x99,0x99,0x93,0x33,0x33,0x33,0x33,0x33,0x99,0x39,0x39,0x33,0x39,0x99,0x99,0x99,
	0x99,0x99,0x99,0x99,0x93,0x93,0x39,0x99,0x99,0x99,0x99,0x39,0x99,0x99,0x96,0x99,0x93,0x99,0x99,0x93,0x99,0x99,0x39,0x99,
	0x39,0x99,0x99,0x99,0x99,0x69,0x99,0x96,0x96,0x99,0x99,0x66,0x99,0x96,0x99,0x99,0x99,0x69,0x69,0x90,0x00,0xFF,0x99,0x99,
	0x99,0x66,0x69,0x69,0x99,0x99,0x99,0x99,0x99,0x99,0x99,0x99,0x99,0x99,0x99,0x99,0x99,0x69,0x96,0x66,0x66,0x66,0x66,0x66,
	0x66,0x66,0x69,0x99,0x96,0x66,0x69,0x99,0x99,0x96,0x69,0x66,0x69,0x99,0x99,0x96,0x69,0x69,0x99,0x99,0x66,0x66,0x66,0x66,
	0x99,0x69,0x66,0x66,0x69,0x99,0x99,0x99,0x99,0x69,0x99,0x99,0x99,0x66,0x4A,0x00,0x00,0x00,0x00,0x00,0x00,0x00,0x00,0x00,
	0x00,0x00,0x00,0xAA,0x66,0x69,0x99,0x99,0x99,0x96,0x66,0x69,0x69,0x99,0x66,0x66,0x96,0x66,0x96,0x99,0x99,0x96,0x99,0x69,
	0x66,0x99,0x69,0x99,0x99,0x96,0x99,0x69,0x99,0x99,0x99,0x66,0x99,0x69,0x69,0x99,0x66,0x66,0x66,0x66,0x66,0x99,0x66,0x66,
	0x66,0x69,0x66,0x66,0x66,0x60,0x00,0xCA,0x66,0x66,0x66,0x66,0x66,0x66,0x69,0x96,0x66,0x66,0x66,0x66,0x66,0x66,0x66,0x66,
	0x66,0x66,0x66,0x66,0x69,0x69,0x99,0x96,0x69,0x99,0x66,0x99,0x66,0x66,0x96,0x69,0x96,0x66,0x9A,0xA0,0x00,0x00,0x00,0x80,
	0x00,0x00,0x00,0x00,0x00,0x00,0x00,0x00,0x00,0x00,0x00,0xA0,0x88,0x0A,0xA6,0x66,0x96,0x66,0x93,0x99,0x99,0x99,0x99,0x93,
	0x99,0x99,0x99,0x99,0x99,0x99,0x99,0x99,0x69,0x99,0x99,0x99,0x99,0x93,0x99,0x99,0x99,0x99,0x99,0x99,0x99,0x99,0x93,0x99,
	0x99,0x99,0x99,0x99,0x99,0x99,0x99,0x99,0x99,0x99,0x93,0x99,0x96,0x00,0x00,0x00,0x00,0xFF,0x99,0x99,0x99,0x99,0x99,0x99,
	0x99,0x99,0x99,0x99,0x99,0x99,0x99,0x99,0x99,0x99,0x99,0x99,0x99,0x99,0x99,0x99,0x99,0x99,0x99,0x99,0x99,0x99,0x99,0x99,
	0x99,0x99,0x99,0x99,0x99,0x99,0x99,0x99,0x99,0x99,0x99,0x99,0x99,0x93,0x99,0x99,0x93,0x99,0x99,0x99,0x99,0x99,0x99,0x99,
	0x99,0x99,0x39,0x99,0x93,0x33,0x39,0x99,0x99,0x99,0x93,0x99,0x33,0x39,0x93,0x99,0x63,0x33,0x33,0x33,0x33,0x99,0x33,0x39,
	0x93,0x99,0x99,0x99,0x99,0x99,0x99,0x99,0x99,0x39,0x99,0x99,0x39,0x99,0x99,0x93,0x99,0x99,0x99,0x99,0x99,0x99,0x99,0x33,
	0x99,0x99,0x39,0x99,0x99,0x99,0x99,0x99,0x99,0x99,0x96,0x66,0x99,0x99,0x99,0x69,0x66,0x66,0x99,0x99,0x69,0x99,0x99,0x99,
	0x69,0x90,0x00,0xFF,0x69,0x99,0x99,0x99,0x99,0x99,0x69,0x96,0x99,0x66,0x69,0x99,0x99,0x99,0x99,0x99,0x99,0x99,0x69,0x66,
	0x66,0x66,0x66,0x66,0x69,0x69,0x66,0x99,0x99,0x99,0x96,0x66,0x66,0x99,0x66,0x66,0x66,0x66,0x66,0x69,0x99,0x96,0x66,0x99,
	0x99,0x66,0x96,0x96,0x69,0x99,0x99,0x69,0x99,0x99,0x66,0x66,0x66,0x69,0x66,0x66,0x69,0x99,0x99,0x99,0x96,0x66,0x66,0x69,
	0x66,0x66,0x69,0x99,0x69,0x66,0x69,0x96,0x69,0x66,0x66,0x66,0x99,0x66,0x96,0x69,0x99,0x66,0x99,0x99,0x99,0x66,0x66,0x66,
	0x66,0x69,0x69,0x96,0x69,0x99,0x66,0x66,0x69,0x96,0x96,0x96,0x96,0x69,0x66,0x96,0x66,0x66,0x66,0x66,0x66,0x66,0x66,0x66,
	0x96,0x66,0x66,0x66,0x66,0x66,0x66,0x66,0x66,0x66,0x66,0x60,0x00,0xCA,0x66,0x66,0x66,0x66,0x66,0x66,0x69,0x99,0x66,0x66,
	0x66,0x66,0x66,0x66,0x96,0x66,0x66,0x66,0x66,0x66,0x66,0x66,0x99,0x99,0x66,0x99,0x66,0x69,0x96,0x66,0x96,0x66,0x99,0x96,
	0x69,0x60,0x00,0x00,0x00,0x00,0x00,0x00,0x00,0x00,0x00,0x00,0x00,0x00,0x00,0x00,0x00,0x00,0x80,0x00,0x66,0x66,0x99,0x99,
	0x99,0x99,0x99,0x99,0x96,0x33,0x99,0x99,0x99,0x99,0x93,0x99,0x99,0x99,0x99,0x99,0x99,0x99,0x99,0x99,0x99,0x99,0x99,0x99,
	0x99,0x99,0x99,0x99,0x69,0x99,0x99,0x99,0x99,0x99,0x99,0x99,0x99,0x99,0x99,0x99,0x99,0x99,0x96,0x00,0x00,0x00,0x00,0x01
};
